[   28255ms] [INFO] %cDownload the React DevTools for a better development experience: https://react.dev/link/react-devtools font-weight:bold @ webpack-internal:///(app-pages-browser)/../node_modules/next/dist/compiled/react-dom/cjs/react-dom-client.development.js:25630
[   28350ms] [WARNING] %c%s%c 
Config warnings for "ashish-interiors":

  warning  sections.inquiryForm.accessKeyEnv
           names env var "WEB3FORMS_ASHISH", which is not set. The form would render and silently post nowhere — a lost enquiry looks exactly like no enquiry.
 background: #e6e6e6;background: light-dark(rgba(0,0,0,0.1), rgba(255,255,255,0.25));color: #000000;color: light-dark(#000000, #ffffff);border-radius: 2px  Server   @ about://React/Server/webpack-internal:///(rsc)/../backend/src/config/load.ts?2:72
[   28350ms] [WARNING] %c%s%c 
Config warnings for "ashish-interiors":

  warning  sections.inquiryForm.accessKeyEnv
           names env var "WEB3FORMS_ASHISH", which is not set. The form would render and silently post nowhere — a lost enquiry looks exactly like no enquiry.
 background: #e6e6e6;background: light-dark(rgba(0,0,0,0.1), rgba(255,255,255,0.25));color: #000000;color: light-dark(#000000, #ffffff);border-radius: 2px  Server   @ about://React/Server/webpack-internal:///(rsc)/../backend/src/config/load.ts?2:72
[   28351ms] [WARNING] %c%s%c 
Config warnings for "ashish-interiors":

  warning  sections.inquiryForm.accessKeyEnv
           names env var "WEB3FORMS_ASHISH", which is not set. The form would render and silently post nowhere — a lost enquiry looks exactly like no enquiry.
 background: #e6e6e6;background: light-dark(rgba(0,0,0,0.1), rgba(255,255,255,0.25));color: #000000;color: light-dark(#000000, #ffffff);border-radius: 2px  Server   @ about://React/Server/webpack-internal:///(rsc)/../backend/src/config/load.ts?2:72
[   31944ms] [LOG] [Fast Refresh] rebuilding @ webpack-internal:///(app-pages-browser)/../node_modules/next/dist/client/dev/hot-reloader/app/hot-reloader-app.js:196
[   50528ms] [LOG] [Fast Refresh] done in 18584ms @ webpack-internal:///(app-pages-browser)/../node_modules/next/dist/client/dev/report-hmr-latency.js:13
[   53907ms] [WARNING] %c%s%c 
Config warnings for "ashish-interiors":

  warning  sections.inquiryForm.accessKeyEnv
           names env var "WEB3FORMS_ASHISH", which is not set. The form would render and silently post nowhere — a lost enquiry looks exactly like no enquiry.
 background: #e6e6e6;background: light-dark(rgba(0,0,0,0.1), rgba(255,255,255,0.25));color: #000000;color: light-dark(#000000, #ffffff);border-radius: 2px  Server   @ about://React/Server/webpack-internal:///(rsc)/../backend/src/config/load.ts?2:72
[   53907ms] [WARNING] %c%s%c 
Config warnings for "ashish-interiors":

  warning  sections.inquiryForm.accessKeyEnv
           names env var "WEB3FORMS_ASHISH", which is not set. The form would render and silently post nowhere — a lost enquiry looks exactly like no enquiry.
 background: #e6e6e6;background: light-dark(rgba(0,0,0,0.1), rgba(255,255,255,0.25));color: #000000;color: light-dark(#000000, #ffffff);border-radius: 2px  Server   @ about://React/Server/webpack-internal:///(rsc)/../backend/src/config/load.ts?2:72
[   55813ms] [WARNING] %c%s%c 
Config warnings for "ashish-interiors":

  warning  sections.inquiryForm.accessKeyEnv
           names env var "WEB3FORMS_ASHISH", which is not set. The form would render and silently post nowhere — a lost enquiry looks exactly like no enquiry.
 background: #e6e6e6;background: light-dark(rgba(0,0,0,0.1), rgba(255,255,255,0.25));color: #000000;color: light-dark(#000000, #ffffff);border-radius: 2px  Server   @ about://React/Server/webpack-internal:///(rsc)/../backend/src/config/load.ts?2:72
[   60928ms] [ERROR] Failed to load resource: the server responded with a status of 404 (Not Found) @ http://ashish.localhost:3002/fonts/archivo/archivo-latin-ext.woff2:0
[   62579ms] [ERROR] Failed to load resource: the server responded with a status of 404 (Not Found) @ http://ashish.localhost:3002/favicon.ico:0
[   62941ms] [ERROR] Failed to load resource: the server responded with a status of 404 (Not Found) @ http://ashish.localhost:3002/fonts/archivo/archivo-latin.woff2:0
[   65959ms] [WARNING] The resource http://ashish.localhost:3002/_next/static/css/app/layout.css?v=1786548757305 was preloaded using link preload but not used within a few seconds from the window's load event. Please make sure it has an appropriate `as` value and it is preloaded intentionally. @ http://ashish.localhost:3002/:0
[   65959ms] [WARNING] The resource http://ashish.localhost:3002/_next/static/css/app/layout.css?v=1786548757307 was preloaded using link preload but not used within a few seconds from the window's load event. Please make sure it has an appropriate `as` value and it is preloaded intentionally. @ http://ashish.localhost:3002/:0
[   65959ms] [WARNING] The resource http://ashish.localhost:3002/_next/static/css/app/layout.css?v=1786548754932 was preloaded using link preload but not used within a few seconds from the window's load event. Please make sure it has an appropriate `as` value and it is preloaded intentionally. @ http://ashish.localhost:3002/:0
[ 1000739ms] [LOG] [Fast Refresh] rebuilding @ webpack-internal:///(app-pages-browser)/../node_modules/next/dist/client/dev/hot-reloader/app/hot-reloader-app.js:196
[ 1003282ms] [LOG] [Fast Refresh] done in 2542ms @ webpack-internal:///(app-pages-browser)/../node_modules/next/dist/client/dev/report-hmr-latency.js:13
[ 1004899ms] [LOG] [Fast Refresh] rebuilding @ webpack-internal:///(app-pages-browser)/../node_modules/next/dist/client/dev/hot-reloader/app/hot-reloader-app.js:196
[ 1006287ms] [WARNING] The resource http://ashish.localhost:3002/_next/static/css/app/layout.css?v=1786548757305 was preloaded using link preload but not used within a few seconds from the window's load event. Please make sure it has an appropriate `as` value and it is preloaded intentionally. @ http://ashish.localhost:3002/:0
[ 1006287ms] [WARNING] The resource http://ashish.localhost:3002/_next/static/css/app/layout.css?v=1786548757307 was preloaded using link preload but not used within a few seconds from the window's load event. Please make sure it has an appropriate `as` value and it is preloaded intentionally. @ http://ashish.localhost:3002/:0
[ 1006287ms] [WARNING] The resource http://ashish.localhost:3002/_next/static/css/app/layout.css?v=1786548754932 was preloaded using link preload but not used within a few seconds from the window's load event. Please make sure it has an appropriate `as` value and it is preloaded intentionally. @ http://ashish.localhost:3002/:0
[ 1018183ms] [LOG] [Fast Refresh] done in 13284ms @ webpack-internal:///(app-pages-browser)/../node_modules/next/dist/client/dev/report-hmr-latency.js:13
[ 1021188ms] [WARNING] The resource http://ashish.localhost:3002/_next/static/css/app/layout.css?v=1786548757305 was preloaded using link preload but not used within a few seconds from the window's load event. Please make sure it has an appropriate `as` value and it is preloaded intentionally. @ http://ashish.localhost:3002/:0
[ 1021188ms] [WARNING] The resource http://ashish.localhost:3002/_next/static/css/app/layout.css?v=1786548757307 was preloaded using link preload but not used within a few seconds from the window's load event. Please make sure it has an appropriate `as` value and it is preloaded intentionally. @ http://ashish.localhost:3002/:0
[ 1021188ms] [WARNING] The resource http://ashish.localhost:3002/_next/static/css/app/layout.css?v=1786548754932 was preloaded using link preload but not used within a few seconds from the window's load event. Please make sure it has an appropriate `as` value and it is preloaded intentionally. @ http://ashish.localhost:3002/:0
[ 1030509ms] [ERROR] Failed to load resource: the server responded with a status of 500 (Internal Server Error) @ http://ashish.localhost:3002/?_rsc=2ZL8-t2IdCHEVvgs:0
[ 1032291ms] [WARNING] %c%s%c 
Config warnings for "ashish-interiors":

  warning  sections.inquiryForm.accessKeyEnv
           names env var "WEB3FORMS_ASHISH", which is not set. The form would render and silently post nowhere — a lost enquiry looks exactly like no enquiry.
 background: #e6e6e6;background: light-dark(rgba(0,0,0,0.1), rgba(255,255,255,0.25));color: #000000;color: light-dark(#000000, #ffffff);border-radius: 2px  Server   @ about://React/Server/webpack-internal:///(rsc)/../backend/src/config/load.ts?2:72
[ 1032292ms] [WARNING] %c%s%c 
Config warnings for "ashish-interiors":

  warning  sections.inquiryForm.accessKeyEnv
           names env var "WEB3FORMS_ASHISH", which is not set. The form would render and silently post nowhere — a lost enquiry looks exactly like no enquiry.
 background: #e6e6e6;background: light-dark(rgba(0,0,0,0.1), rgba(255,255,255,0.25));color: #000000;color: light-dark(#000000, #ffffff);border-radius: 2px  Server   @ about://React/Server/webpack-internal:///(rsc)/../backend/src/config/load.ts?2:72
[ 1033554ms] [WARNING] %c%s%c 
Config warnings for "ashish-interiors":

  warning  sections.inquiryForm.accessKeyEnv
           names env var "WEB3FORMS_ASHISH", which is not set. The form would render and silently post nowhere — a lost enquiry looks exactly like no enquiry.
 background: #e6e6e6;background: light-dark(rgba(0,0,0,0.1), rgba(255,255,255,0.25));color: #000000;color: light-dark(#000000, #ffffff);border-radius: 2px  Server   @ about://React/Server/webpack-internal:///(rsc)/../backend/src/config/load.ts?2:72
[ 1033555ms] [WARNING] %c%s%c 
Config warnings for "ashish-interiors":

  warning  sections.inquiryForm.accessKeyEnv
           names env var "WEB3FORMS_ASHISH", which is not set. The form would render and silently post nowhere — a lost enquiry looks exactly like no enquiry.
 background: #e6e6e6;background: light-dark(rgba(0,0,0,0.1), rgba(255,255,255,0.25));color: #000000;color: light-dark(#000000, #ffffff);border-radius: 2px  Server   @ about://React/Server/webpack-internal:///(rsc)/../backend/src/config/load.ts?2:72
[ 1036320ms] [WARNING] %c%s%c 
Config warnings for "ashish-interiors":

  warning  sections.inquiryForm.accessKeyEnv
           names env var "WEB3FORMS_ASHISH", which is not set. The form would render and silently post nowhere — a lost enquiry looks exactly like no enquiry.
 background: #e6e6e6;background: light-dark(rgba(0,0,0,0.1), rgba(255,255,255,0.25));color: #000000;color: light-dark(#000000, #ffffff);border-radius: 2px  Server   @ about://React/Server/webpack-internal:///(rsc)/../backend/src/config/load.ts?2:72
[ 1037284ms] [WARNING] %c%s%c 
Config warnings for "ashish-interiors":

  warning  sections.inquiryForm.accessKeyEnv
           names env var "WEB3FORMS_ASHISH", which is not set. The form would render and silently post nowhere — a lost enquiry looks exactly like no enquiry.
 background: #e6e6e6;background: light-dark(rgba(0,0,0,0.1), rgba(255,255,255,0.25));color: #000000;color: light-dark(#000000, #ffffff);border-radius: 2px  Server   @ about://React/Server/webpack-internal:///(rsc)/../backend/src/config/load.ts?2:72
[ 1040304ms] [WARNING] The resource http://ashish.localhost:3002/_next/static/css/app/layout.css?v=1786548757305 was preloaded using link preload but not used within a few seconds from the window's load event. Please make sure it has an appropriate `as` value and it is preloaded intentionally. @ http://ashish.localhost:3002/:0
[ 1040304ms] [WARNING] The resource http://ashish.localhost:3002/_next/static/css/app/layout.css?v=1786548757307 was preloaded using link preload but not used within a few seconds from the window's load event. Please make sure it has an appropriate `as` value and it is preloaded intentionally. @ http://ashish.localhost:3002/:0
[ 1040305ms] [WARNING] The resource http://ashish.localhost:3002/_next/static/css/app/layout.css?v=1786548754932 was preloaded using link preload but not used within a few seconds from the window's load event. Please make sure it has an appropriate `as` value and it is preloaded intentionally. @ http://ashish.localhost:3002/:0
[ 1053268ms] [ERROR] Failed to load resource: the server responded with a status of 404 (Not Found) @ http://ashish.localhost:3002/fonts/archivo/archivo-latin-ext.woff2:0
[ 1057065ms] [ERROR] Failed to load resource: the server responded with a status of 404 (Not Found) @ http://ashish.localhost:3002/fonts/archivo/archivo-latin.woff2:0
[ 1057758ms] [INFO] %cDownload the React DevTools for a better development experience: https://react.dev/link/react-devtools font-weight:bold @ webpack-internal:///(app-pages-browser)/../node_modules/next/dist/compiled/react-dom/cjs/react-dom-client.development.js:25630
[ 1057894ms] [WARNING] %c%s%c 
Config warnings for "ashish-interiors":

  warning  sections.inquiryForm.accessKeyEnv
           names env var "WEB3FORMS_ASHISH", which is not set. The form would render and silently post nowhere — a lost enquiry looks exactly like no enquiry.
 background: #e6e6e6;background: light-dark(rgba(0,0,0,0.1), rgba(255,255,255,0.25));color: #000000;color: light-dark(#000000, #ffffff);border-radius: 2px  Server   @ about://React/Server/webpack-internal:///(rsc)/../backend/src/config/load.ts?2:72
[ 1057896ms] [WARNING] %c%s%c 
Config warnings for "ashish-interiors":

  warning  sections.inquiryForm.accessKeyEnv
           names env var "WEB3FORMS_ASHISH", which is not set. The form would render and silently post nowhere — a lost enquiry looks exactly like no enquiry.
 background: #e6e6e6;background: light-dark(rgba(0,0,0,0.1), rgba(255,255,255,0.25));color: #000000;color: light-dark(#000000, #ffffff);border-radius: 2px  Server   @ about://React/Server/webpack-internal:///(rsc)/../backend/src/config/load.ts?2:72
[ 1057897ms] [WARNING] %c%s%c 
Config warnings for "ashish-interiors":

  warning  sections.inquiryForm.accessKeyEnv
           names env var "WEB3FORMS_ASHISH", which is not set. The form would render and silently post nowhere — a lost enquiry looks exactly like no enquiry.
 background: #e6e6e6;background: light-dark(rgba(0,0,0,0.1), rgba(255,255,255,0.25));color: #000000;color: light-dark(#000000, #ffffff);border-radius: 2px  Server   @ about://React/Server/webpack-internal:///(rsc)/../backend/src/config/load.ts?2:72
[ 1061443ms] [WARNING] The resource http://ashish.localhost:3002/_next/static/css/app/layout.css?v=1786549746047 was preloaded using link preload but not used within a few seconds from the window's load event. Please make sure it has an appropriate `as` value and it is preloaded intentionally. @ http://ashish.localhost:3002/:0
[ 1061443ms] [WARNING] The resource http://ashish.localhost:3002/_next/static/css/app/layout.css?v=1786549750074 was preloaded using link preload but not used within a few seconds from the window's load event. Please make sure it has an appropriate `as` value and it is preloaded intentionally. @ http://ashish.localhost:3002/:0
[ 1071572ms] [LOG] [Fast Refresh] rebuilding @ webpack-internal:///(app-pages-browser)/../node_modules/next/dist/client/dev/hot-reloader/app/hot-reloader-app.js:196
[ 1076474ms] [LOG] [Fast Refresh] done in 4902ms @ webpack-internal:///(app-pages-browser)/../node_modules/next/dist/client/dev/report-hmr-latency.js:13
[ 1079483ms] [WARNING] The resource http://ashish.localhost:3002/_next/static/css/app/layout.css?v=1786549746047 was preloaded using link preload but not used within a few seconds from the window's load event. Please make sure it has an appropriate `as` value and it is preloaded intentionally. @ http://ashish.localhost:3002/:0
[ 1079483ms] [WARNING] The resource http://ashish.localhost:3002/_next/static/css/app/layout.css?v=1786549750074 was preloaded using link preload but not used within a few seconds from the window's load event. Please make sure it has an appropriate `as` value and it is preloaded intentionally. @ http://ashish.localhost:3002/:0
[ 1079911ms] [WARNING] %c%s%c 
Config warnings for "ashish-interiors":

  warning  sections.inquiryForm.accessKeyEnv
           names env var "WEB3FORMS_ASHISH", which is not set. The form would render and silently post nowhere — a lost enquiry looks exactly like no enquiry.
 background: #e6e6e6;background: light-dark(rgba(0,0,0,0.1), rgba(255,255,255,0.25));color: #000000;color: light-dark(#000000, #ffffff);border-radius: 2px  Server   @ about://React/Server/webpack-internal:///(rsc)/../backend/src/config/load.ts?2:72
[ 1079912ms] [WARNING] %c%s%c 
Config warnings for "ashish-interiors":

  warning  sections.inquiryForm.accessKeyEnv
           names env var "WEB3FORMS_ASHISH", which is not set. The form would render and silently post nowhere — a lost enquiry looks exactly like no enquiry.
 background: #e6e6e6;background: light-dark(rgba(0,0,0,0.1), rgba(255,255,255,0.25));color: #000000;color: light-dark(#000000, #ffffff);border-radius: 2px  Server   @ about://React/Server/webpack-internal:///(rsc)/../backend/src/config/load.ts?2:72
[ 1083123ms] [WARNING] The resource http://ashish.localhost:3002/_next/static/css/app/layout.css?v=1786549746047 was preloaded using link preload but not used within a few seconds from the window's load event. Please make sure it has an appropriate `as` value and it is preloaded intentionally. @ http://ashish.localhost:3002/:0
[ 1083123ms] [WARNING] The resource http://ashish.localhost:3002/_next/static/css/app/layout.css?v=1786549750074 was preloaded using link preload but not used within a few seconds from the window's load event. Please make sure it has an appropriate `as` value and it is preloaded intentionally. @ http://ashish.localhost:3002/:0
[ 1083123ms] [WARNING] The resource http://ashish.localhost:3002/_next/static/css/app/layout.css?v=1786549773378 was preloaded using link preload but not used within a few seconds from the window's load event. Please make sure it has an appropriate `as` value and it is preloaded intentionally. @ http://ashish.localhost:3002/:0
[ 1086386ms] [WARNING] %c%s%c 
Config warnings for "ashish-interiors":

  warning  sections.inquiryForm.accessKeyEnv
           names env var "WEB3FORMS_ASHISH", which is not set. The form would render and silently post nowhere — a lost enquiry looks exactly like no enquiry.
 background: #e6e6e6;background: light-dark(rgba(0,0,0,0.1), rgba(255,255,255,0.25));color: #000000;color: light-dark(#000000, #ffffff);border-radius: 2px  Server   @ about://React/Server/webpack-internal:///(rsc)/../backend/src/config/load.ts?2:72
[ 1089464ms] [WARNING] The resource http://ashish.localhost:3002/_next/static/css/app/layout.css?v=1786549746047 was preloaded using link preload but not used within a few seconds from the window's load event. Please make sure it has an appropriate `as` value and it is preloaded intentionally. @ http://ashish.localhost:3002/:0
[ 1089464ms] [WARNING] The resource http://ashish.localhost:3002/_next/static/css/app/layout.css?v=1786549750074 was preloaded using link preload but not used within a few seconds from the window's load event. Please make sure it has an appropriate `as` value and it is preloaded intentionally. @ http://ashish.localhost:3002/:0
[ 1090594ms] [LOG] [Fast Refresh] rebuilding @ webpack-internal:///(app-pages-browser)/../node_modules/next/dist/client/dev/hot-reloader/app/hot-reloader-app.js:196
[ 1094038ms] [LOG] [Fast Refresh] done in 3443ms @ webpack-internal:///(app-pages-browser)/../node_modules/next/dist/client/dev/report-hmr-latency.js:13
[ 1102590ms] [ERROR] Failed to load resource: the server responded with a status of 500 (Internal Server Error) @ http://ashish.localhost:3002/fonts/archivo/archivo-latin-ext.woff2:0
[ 1103091ms] [LOG] [Fast Refresh] rebuilding @ webpack-internal:///(app-pages-browser)/../node_modules/next/dist/client/dev/hot-reloader/app/hot-reloader-app.js:196
[ 1105595ms] [WARNING] The resource http://ashish.localhost:3002/_next/static/css/app/layout.css?v=1786549746047 was preloaded using link preload but not used within a few seconds from the window's load event. Please make sure it has an appropriate `as` value and it is preloaded intentionally. @ http://ashish.localhost:3002/:0
[ 1105595ms] [WARNING] The resource http://ashish.localhost:3002/_next/static/css/app/layout.css?v=1786549750074 was preloaded using link preload but not used within a few seconds from the window's load event. Please make sure it has an appropriate `as` value and it is preloaded intentionally. @ http://ashish.localhost:3002/:0
[ 1115238ms] [LOG] [Fast Refresh] done in 12147ms @ webpack-internal:///(app-pages-browser)/../node_modules/next/dist/client/dev/report-hmr-latency.js:13
[ 1125593ms] [WARNING] %c%s%c 
Config warnings for "ashish-interiors":

  warning  sections.inquiryForm.accessKeyEnv
           names env var "WEB3FORMS_ASHISH", which is not set. The form would render and silently post nowhere — a lost enquiry looks exactly like no enquiry.
 background: #e6e6e6;background: light-dark(rgba(0,0,0,0.1), rgba(255,255,255,0.25));color: #000000;color: light-dark(#000000, #ffffff);border-radius: 2px  Server   @ about://React/Server/webpack-internal:///(rsc)/../backend/src/config/load.ts?2:72
[ 1125593ms] [WARNING] %c%s%c 
Config warnings for "ashish-interiors":

  warning  sections.inquiryForm.accessKeyEnv
           names env var "WEB3FORMS_ASHISH", which is not set. The form would render and silently post nowhere — a lost enquiry looks exactly like no enquiry.
 background: #e6e6e6;background: light-dark(rgba(0,0,0,0.1), rgba(255,255,255,0.25));color: #000000;color: light-dark(#000000, #ffffff);border-radius: 2px  Server   @ about://React/Server/webpack-internal:///(rsc)/../backend/src/config/load.ts?2:72
[ 1126535ms] [ERROR] Failed to load resource: the server responded with a status of 404 (Not Found) @ http://ashish.localhost:3002/fonts/archivo/archivo-latin.woff2:0
[ 1129790ms] [WARNING] The resource http://ashish.localhost:3002/_next/static/css/app/layout.css?v=1786549746047 was preloaded using link preload but not used within a few seconds from the window's load event. Please make sure it has an appropriate `as` value and it is preloaded intentionally. @ http://ashish.localhost:3002/:0
[ 1129790ms] [WARNING] The resource http://ashish.localhost:3002/_next/static/css/app/layout.css?v=1786549750074 was preloaded using link preload but not used within a few seconds from the window's load event. Please make sure it has an appropriate `as` value and it is preloaded intentionally. @ http://ashish.localhost:3002/:0
[ 1129790ms] [WARNING] The resource http://ashish.localhost:3002/_next/static/css/app/layout.css?v=1786549819007 was preloaded using link preload but not used within a few seconds from the window's load event. Please make sure it has an appropriate `as` value and it is preloaded intentionally. @ http://ashish.localhost:3002/:0
[ 1129790ms] [WARNING] The resource http://ashish.localhost:3002/_next/static/css/app/layout.css?v=1786549817288 was preloaded using link preload but not used within a few seconds from the window's load event. Please make sure it has an appropriate `as` value and it is preloaded intentionally. @ http://ashish.localhost:3002/:0
[ 1129899ms] [WARNING] %c%s%c 
Config warnings for "ashish-interiors":

  warning  sections.inquiryForm.accessKeyEnv
           names env var "WEB3FORMS_ASHISH", which is not set. The form would render and silently post nowhere — a lost enquiry looks exactly like no enquiry.
 background: #e6e6e6;background: light-dark(rgba(0,0,0,0.1), rgba(255,255,255,0.25));color: #000000;color: light-dark(#000000, #ffffff);border-radius: 2px  Server   @ about://React/Server/webpack-internal:///(rsc)/../backend/src/config/load.ts?2:72
[ 1134046ms] [ERROR] Failed to load resource: the server responded with a status of 404 (Not Found) @ http://ashish.localhost:3002/fonts/archivo/archivo-latin-ext.woff2:0
[ 1137054ms] [WARNING] The resource http://ashish.localhost:3002/_next/static/css/app/layout.css?v=1786549826847 was preloaded using link preload but not used within a few seconds from the window's load event. Please make sure it has an appropriate `as` value and it is preloaded intentionally. @ http://ashish.localhost:3002/:0
[ 1137054ms] [WARNING] The resource http://ashish.localhost:3002/_next/static/css/app/layout.css?v=1786549746047 was preloaded using link preload but not used within a few seconds from the window's load event. Please make sure it has an appropriate `as` value and it is preloaded intentionally. @ http://ashish.localhost:3002/:0
[ 1137054ms] [WARNING] The resource http://ashish.localhost:3002/_next/static/css/app/layout.css?v=1786549750074 was preloaded using link preload but not used within a few seconds from the window's load event. Please make sure it has an appropriate `as` value and it is preloaded intentionally. @ http://ashish.localhost:3002/:0
[ 1137055ms] [WARNING] The resource http://ashish.localhost:3002/_next/static/css/app/layout.css?v=1786549817288 was preloaded using link preload but not used within a few seconds from the window's load event. Please make sure it has an appropriate `as` value and it is preloaded intentionally. @ http://ashish.localhost:3002/:0
[ 1138464ms] [ERROR] Failed to load resource: the server responded with a status of 404 (Not Found) @ http://ashish.localhost:3002/fonts/archivo/archivo-latin.woff2:0
[ 1141652ms] [WARNING] The resource http://ashish.localhost:3002/_next/static/css/app/layout.css?v=1786549826847 was preloaded using link preload but not used within a few seconds from the window's load event. Please make sure it has an appropriate `as` value and it is preloaded intentionally. @ http://ashish.localhost:3002/:0
[ 1141652ms] [WARNING] The resource http://ashish.localhost:3002/_next/static/css/app/layout.css?v=1786549746047 was preloaded using link preload but not used within a few seconds from the window's load event. Please make sure it has an appropriate `as` value and it is preloaded intentionally. @ http://ashish.localhost:3002/:0
[ 1141652ms] [WARNING] The resource http://ashish.localhost:3002/_next/static/css/app/layout.css?v=1786549750074 was preloaded using link preload but not used within a few seconds from the window's load event. Please make sure it has an appropriate `as` value and it is preloaded intentionally. @ http://ashish.localhost:3002/:0
[ 1141652ms] [WARNING] The resource http://ashish.localhost:3002/_next/static/css/app/layout.css?v=1786549831408 was preloaded using link preload but not used within a few seconds from the window's load event. Please make sure it has an appropriate `as` value and it is preloaded intentionally. @ http://ashish.localhost:3002/:0
[ 1141652ms] [WARNING] The resource http://ashish.localhost:3002/_next/static/css/app/layout.css?v=1786549817288 was preloaded using link preload but not used within a few seconds from the window's load event. Please make sure it has an appropriate `as` value and it is preloaded intentionally. @ http://ashish.localhost:3002/:0
[ 1152700ms] [LOG] [Fast Refresh] rebuilding @ webpack-internal:///(app-pages-browser)/../node_modules/next/dist/client/dev/hot-reloader/app/hot-reloader-app.js:196
[ 1153868ms] [LOG] [Fast Refresh] rebuilding @ webpack-internal:///(app-pages-browser)/../node_modules/next/dist/client/dev/hot-reloader/app/hot-reloader-app.js:196
[ 1153935ms] [LOG] [Fast Refresh] done in 67ms @ webpack-internal:///(app-pages-browser)/../node_modules/next/dist/client/dev/report-hmr-latency.js:13
[ 1156994ms] [WARNING] The resource http://ashish.localhost:3002/_next/static/css/app/layout.css?v=1786549826847 was preloaded using link preload but not used within a few seconds from the window's load event. Please make sure it has an appropriate `as` value and it is preloaded intentionally. @ http://ashish.localhost:3002/:0
[ 1156994ms] [WARNING] The resource http://ashish.localhost:3002/_next/static/css/app/layout.css?v=1786549746047 was preloaded using link preload but not used within a few seconds from the window's load event. Please make sure it has an appropriate `as` value and it is preloaded intentionally. @ http://ashish.localhost:3002/:0
[ 1156994ms] [WARNING] The resource http://ashish.localhost:3002/_next/static/css/app/layout.css?v=1786549750074 was preloaded using link preload but not used within a few seconds from the window's load event. Please make sure it has an appropriate `as` value and it is preloaded intentionally. @ http://ashish.localhost:3002/:0
[ 1156994ms] [WARNING] The resource http://ashish.localhost:3002/_next/static/css/app/layout.css?v=1786549831408 was preloaded using link preload but not used within a few seconds from the window's load event. Please make sure it has an appropriate `as` value and it is preloaded intentionally. @ http://ashish.localhost:3002/:0
[ 1156994ms] [WARNING] The resource http://ashish.localhost:3002/_next/static/css/app/layout.css?v=1786549817288 was preloaded using link preload but not used within a few seconds from the window's load event. Please make sure it has an appropriate `as` value and it is preloaded intentionally. @ http://ashish.localhost:3002/:0
[ 1158286ms] [LOG] [Fast Refresh] done in 4419ms @ webpack-internal:///(app-pages-browser)/../node_modules/next/dist/client/dev/report-hmr-latency.js:13
[ 1160918ms] [WARNING] %c%s%c 
Config warnings for "ashish-interiors":

  warning  sections.inquiryForm.accessKeyEnv
           names env var "WEB3FORMS_ASHISH", which is not set. The form would render and silently post nowhere — a lost enquiry looks exactly like no enquiry.
 background: #e6e6e6;background: light-dark(rgba(0,0,0,0.1), rgba(255,255,255,0.25));color: #000000;color: light-dark(#000000, #ffffff);border-radius: 2px  Server   @ about://React/Server/webpack-internal:///(rsc)/../backend/src/config/load.ts?2:72
[ 1160919ms] [WARNING] %c%s%c 
Config warnings for "ashish-interiors":

  warning  sections.inquiryForm.accessKeyEnv
           names env var "WEB3FORMS_ASHISH", which is not set. The form would render and silently post nowhere — a lost enquiry looks exactly like no enquiry.
 background: #e6e6e6;background: light-dark(rgba(0,0,0,0.1), rgba(255,255,255,0.25));color: #000000;color: light-dark(#000000, #ffffff);border-radius: 2px  Server   @ about://React/Server/webpack-internal:///(rsc)/../backend/src/config/load.ts?2:72
[ 1161318ms] [WARNING] %c%s%c 
Config warnings for "ashish-interiors":

  warning  sections.inquiryForm.accessKeyEnv
           names env var "WEB3FORMS_ASHISH", which is not set. The form would render and silently post nowhere — a lost enquiry looks exactly like no enquiry.
 background: #e6e6e6;background: light-dark(rgba(0,0,0,0.1), rgba(255,255,255,0.25));color: #000000;color: light-dark(#000000, #ffffff);border-radius: 2px  Server   @ about://React/Server/webpack-internal:///(rsc)/../backend/src/config/load.ts?2:72
[ 1164330ms] [WARNING] The resource http://ashish.localhost:3002/_next/static/css/app/layout.css?v=1786549826847 was preloaded using link preload but not used within a few seconds from the window's load event. Please make sure it has an appropriate `as` value and it is preloaded intentionally. @ http://ashish.localhost:3002/:0
[ 1164330ms] [WARNING] The resource http://ashish.localhost:3002/_next/static/css/app/layout.css?v=1786549746047 was preloaded using link preload but not used within a few seconds from the window's load event. Please make sure it has an appropriate `as` value and it is preloaded intentionally. @ http://ashish.localhost:3002/:0
[ 1164330ms] [WARNING] The resource http://ashish.localhost:3002/_next/static/css/app/layout.css?v=1786549750074 was preloaded using link preload but not used within a few seconds from the window's load event. Please make sure it has an appropriate `as` value and it is preloaded intentionally. @ http://ashish.localhost:3002/:0
[ 1164330ms] [WARNING] The resource http://ashish.localhost:3002/_next/static/css/app/layout.css?v=1786549831408 was preloaded using link preload but not used within a few seconds from the window's load event. Please make sure it has an appropriate `as` value and it is preloaded intentionally. @ http://ashish.localhost:3002/:0
[ 1164330ms] [WARNING] The resource http://ashish.localhost:3002/_next/static/css/app/layout.css?v=1786549817288 was preloaded using link preload but not used within a few seconds from the window's load event. Please make sure it has an appropriate `as` value and it is preloaded intentionally. @ http://ashish.localhost:3002/:0
[ 1164476ms] [ERROR] Failed to load resource: the server responded with a status of 404 (Not Found) @ http://ashish.localhost:3002/fonts/archivo/archivo-latin-ext.woff2:0
[ 1167492ms] [WARNING] The resource http://ashish.localhost:3002/_next/static/css/app/layout.css?v=1786549746047 was preloaded using link preload but not used within a few seconds from the window's load event. Please make sure it has an appropriate `as` value and it is preloaded intentionally. @ http://ashish.localhost:3002/:0
[ 1167492ms] [WARNING] The resource http://ashish.localhost:3002/_next/static/css/app/layout.css?v=1786549750074 was preloaded using link preload but not used within a few seconds from the window's load event. Please make sure it has an appropriate `as` value and it is preloaded intentionally. @ http://ashish.localhost:3002/:0
[ 1167493ms] [WARNING] The resource http://ashish.localhost:3002/_next/static/css/app/layout.css?v=1786549826847 was preloaded using link preload but not used within a few seconds from the window's load event. Please make sure it has an appropriate `as` value and it is preloaded intentionally. @ http://ashish.localhost:3002/:0
[ 1167493ms] [WARNING] The resource http://ashish.localhost:3002/_next/static/css/app/layout.css?v=1786549857403 was preloaded using link preload but not used within a few seconds from the window's load event. Please make sure it has an appropriate `as` value and it is preloaded intentionally. @ http://ashish.localhost:3002/:0
[ 1167493ms] [WARNING] The resource http://ashish.localhost:3002/_next/static/css/app/layout.css?v=1786549831408 was preloaded using link preload but not used within a few seconds from the window's load event. Please make sure it has an appropriate `as` value and it is preloaded intentionally. @ http://ashish.localhost:3002/:0
[ 1167493ms] [WARNING] The resource http://ashish.localhost:3002/_next/static/css/app/layout.css?v=1786549817288 was preloaded using link preload but not used within a few seconds from the window's load event. Please make sure it has an appropriate `as` value and it is preloaded intentionally. @ http://ashish.localhost:3002/:0
[ 1169157ms] [ERROR] Failed to load resource: the server responded with a status of 404 (Not Found) @ http://ashish.localhost:3002/fonts/archivo/archivo-latin.woff2:0
[ 1172293ms] [WARNING] The resource http://ashish.localhost:3002/_next/static/css/app/layout.css?v=1786549746047 was preloaded using link preload but not used within a few seconds from the window's load event. Please make sure it has an appropriate `as` value and it is preloaded intentionally. @ http://ashish.localhost:3002/:0
[ 1172293ms] [WARNING] The resource http://ashish.localhost:3002/_next/static/css/app/layout.css?v=1786549750074 was preloaded using link preload but not used within a few seconds from the window's load event. Please make sure it has an appropriate `as` value and it is preloaded intentionally. @ http://ashish.localhost:3002/:0
[ 1172293ms] [WARNING] The resource http://ashish.localhost:3002/_next/static/css/app/layout.css?v=1786549826847 was preloaded using link preload but not used within a few seconds from the window's load event. Please make sure it has an appropriate `as` value and it is preloaded intentionally. @ http://ashish.localhost:3002/:0
[ 1172293ms] [WARNING] The resource http://ashish.localhost:3002/_next/static/css/app/layout.css?v=1786549857403 was preloaded using link preload but not used within a few seconds from the window's load event. Please make sure it has an appropriate `as` value and it is preloaded intentionally. @ http://ashish.localhost:3002/:0
[ 1172294ms] [WARNING] The resource http://ashish.localhost:3002/_next/static/css/app/layout.css?v=1786549831408 was preloaded using link preload but not used within a few seconds from the window's load event. Please make sure it has an appropriate `as` value and it is preloaded intentionally. @ http://ashish.localhost:3002/:0
[ 1172294ms] [WARNING] The resource http://ashish.localhost:3002/_next/static/css/app/layout.css?v=1786549861486 was preloaded using link preload but not used within a few seconds from the window's load event. Please make sure it has an appropriate `as` value and it is preloaded intentionally. @ http://ashish.localhost:3002/:0
[ 1172294ms] [WARNING] The resource http://ashish.localhost:3002/_next/static/css/app/layout.css?v=1786549817288 was preloaded using link preload but not used within a few seconds from the window's load event. Please make sure it has an appropriate `as` value and it is preloaded intentionally. @ http://ashish.localhost:3002/:0
[ 1208740ms] [LOG] [Fast Refresh] rebuilding @ webpack-internal:///(app-pages-browser)/../node_modules/next/dist/client/dev/hot-reloader/app/hot-reloader-app.js:196
[ 1210351ms] [LOG] [Fast Refresh] rebuilding @ webpack-internal:///(app-pages-browser)/../node_modules/next/dist/client/dev/hot-reloader/app/hot-reloader-app.js:196
[ 1210577ms] [LOG] [Fast Refresh] done in 226ms @ webpack-internal:///(app-pages-browser)/../node_modules/next/dist/client/dev/report-hmr-latency.js:13
[ 1213686ms] [WARNING] The resource http://ashish.localhost:3002/_next/static/css/app/layout.css?v=1786549746047 was preloaded using link preload but not used within a few seconds from the window's load event. Please make sure it has an appropriate `as` value and it is preloaded intentionally. @ http://ashish.localhost:3002/:0
[ 1213686ms] [WARNING] The resource http://ashish.localhost:3002/_next/static/css/app/layout.css?v=1786549750074 was preloaded using link preload but not used within a few seconds from the window's load event. Please make sure it has an appropriate `as` value and it is preloaded intentionally. @ http://ashish.localhost:3002/:0
[ 1213686ms] [WARNING] The resource http://ashish.localhost:3002/_next/static/css/app/layout.css?v=1786549826847 was preloaded using link preload but not used within a few seconds from the window's load event. Please make sure it has an appropriate `as` value and it is preloaded intentionally. @ http://ashish.localhost:3002/:0
[ 1213686ms] [WARNING] The resource http://ashish.localhost:3002/_next/static/css/app/layout.css?v=1786549857403 was preloaded using link preload but not used within a few seconds from the window's load event. Please make sure it has an appropriate `as` value and it is preloaded intentionally. @ http://ashish.localhost:3002/:0
[ 1213686ms] [WARNING] The resource http://ashish.localhost:3002/_next/static/css/app/layout.css?v=1786549831408 was preloaded using link preload but not used within a few seconds from the window's load event. Please make sure it has an appropriate `as` value and it is preloaded intentionally. @ http://ashish.localhost:3002/:0
[ 1213686ms] [WARNING] The resource http://ashish.localhost:3002/_next/static/css/app/layout.css?v=1786549861486 was preloaded using link preload but not used within a few seconds from the window's load event. Please make sure it has an appropriate `as` value and it is preloaded intentionally. @ http://ashish.localhost:3002/:0
[ 1213686ms] [WARNING] The resource http://ashish.localhost:3002/_next/static/css/app/layout.css?v=1786549817288 was preloaded using link preload but not used within a few seconds from the window's load event. Please make sure it has an appropriate `as` value and it is preloaded intentionally. @ http://ashish.localhost:3002/:0
[ 1215310ms] [LOG] [Fast Refresh] done in 4959ms @ webpack-internal:///(app-pages-browser)/../node_modules/next/dist/client/dev/report-hmr-latency.js:13
[ 1218312ms] [WARNING] The resource http://ashish.localhost:3002/_next/static/css/app/layout.css?v=1786549746047 was preloaded using link preload but not used within a few seconds from the window's load event. Please make sure it has an appropriate `as` value and it is preloaded intentionally. @ http://ashish.localhost:3002/:0
[ 1218312ms] [WARNING] The resource http://ashish.localhost:3002/_next/static/css/app/layout.css?v=1786549750074 was preloaded using link preload but not used within a few seconds from the window's load event. Please make sure it has an appropriate `as` value and it is preloaded intentionally. @ http://ashish.localhost:3002/:0
[ 1218312ms] [WARNING] The resource http://ashish.localhost:3002/_next/static/css/app/layout.css?v=1786549826847 was preloaded using link preload but not used within a few seconds from the window's load event. Please make sure it has an appropriate `as` value and it is preloaded intentionally. @ http://ashish.localhost:3002/:0
[ 1218312ms] [WARNING] The resource http://ashish.localhost:3002/_next/static/css/app/layout.css?v=1786549857403 was preloaded using link preload but not used within a few seconds from the window's load event. Please make sure it has an appropriate `as` value and it is preloaded intentionally. @ http://ashish.localhost:3002/:0
[ 1218312ms] [WARNING] The resource http://ashish.localhost:3002/_next/static/css/app/layout.css?v=1786549831408 was preloaded using link preload but not used within a few seconds from the window's load event. Please make sure it has an appropriate `as` value and it is preloaded intentionally. @ http://ashish.localhost:3002/:0
[ 1218312ms] [WARNING] The resource http://ashish.localhost:3002/_next/static/css/app/layout.css?v=1786549861486 was preloaded using link preload but not used within a few seconds from the window's load event. Please make sure it has an appropriate `as` value and it is preloaded intentionally. @ http://ashish.localhost:3002/:0
[ 1218313ms] [WARNING] The resource http://ashish.localhost:3002/_next/static/css/app/layout.css?v=1786549817288 was preloaded using link preload but not used within a few seconds from the window's load event. Please make sure it has an appropriate `as` value and it is preloaded intentionally. @ http://ashish.localhost:3002/:0
[ 1220594ms] [WARNING] %c%s%c 
Config warnings for "ashish-interiors":

  warning  sections.inquiryForm.accessKeyEnv
           names env var "WEB3FORMS_ASHISH", which is not set. The form would render and silently post nowhere — a lost enquiry looks exactly like no enquiry.
 background: #e6e6e6;background: light-dark(rgba(0,0,0,0.1), rgba(255,255,255,0.25));color: #000000;color: light-dark(#000000, #ffffff);border-radius: 2px  Server   @ about://React/Server/webpack-internal:///(rsc)/../backend/src/config/load.ts?2:72
[ 1220597ms] [WARNING] %c%s%c 
Config warnings for "ashish-interiors":

  warning  sections.inquiryForm.accessKeyEnv
           names env var "WEB3FORMS_ASHISH", which is not set. The form would render and silently post nowhere — a lost enquiry looks exactly like no enquiry.
 background: #e6e6e6;background: light-dark(rgba(0,0,0,0.1), rgba(255,255,255,0.25));color: #000000;color: light-dark(#000000, #ffffff);border-radius: 2px  Server   @ about://React/Server/webpack-internal:///(rsc)/../backend/src/config/load.ts?2:72
[ 1223736ms] [WARNING] The resource http://ashish.localhost:3002/_next/static/css/app/layout.css?v=1786549746047 was preloaded using link preload but not used within a few seconds from the window's load event. Please make sure it has an appropriate `as` value and it is preloaded intentionally. @ http://ashish.localhost:3002/:0
[ 1223736ms] [WARNING] The resource http://ashish.localhost:3002/_next/static/css/app/layout.css?v=1786549750074 was preloaded using link preload but not used within a few seconds from the window's load event. Please make sure it has an appropriate `as` value and it is preloaded intentionally. @ http://ashish.localhost:3002/:0
[ 1223736ms] [WARNING] The resource http://ashish.localhost:3002/_next/static/css/app/layout.css?v=1786549914010 was preloaded using link preload but not used within a few seconds from the window's load event. Please make sure it has an appropriate `as` value and it is preloaded intentionally. @ http://ashish.localhost:3002/:0
[ 1223736ms] [WARNING] The resource http://ashish.localhost:3002/_next/static/css/app/layout.css?v=1786549826847 was preloaded using link preload but not used within a few seconds from the window's load event. Please make sure it has an appropriate `as` value and it is preloaded intentionally. @ http://ashish.localhost:3002/:0
[ 1223736ms] [WARNING] The resource http://ashish.localhost:3002/_next/static/css/app/layout.css?v=1786549857403 was preloaded using link preload but not used within a few seconds from the window's load event. Please make sure it has an appropriate `as` value and it is preloaded intentionally. @ http://ashish.localhost:3002/:0
[ 1223736ms] [WARNING] The resource http://ashish.localhost:3002/_next/static/css/app/layout.css?v=1786549831408 was preloaded using link preload but not used within a few seconds from the window's load event. Please make sure it has an appropriate `as` value and it is preloaded intentionally. @ http://ashish.localhost:3002/:0
[ 1223736ms] [WARNING] The resource http://ashish.localhost:3002/_next/static/css/app/layout.css?v=1786549861486 was preloaded using link preload but not used within a few seconds from the window's load event. Please make sure it has an appropriate `as` value and it is preloaded intentionally. @ http://ashish.localhost:3002/:0
[ 1223736ms] [WARNING] The resource http://ashish.localhost:3002/_next/static/css/app/layout.css?v=1786549817288 was preloaded using link preload but not used within a few seconds from the window's load event. Please make sure it has an appropriate `as` value and it is preloaded intentionally. @ http://ashish.localhost:3002/:0
[ 1223783ms] [WARNING] %c%s%c 
Config warnings for "ashish-interiors":

  warning  sections.inquiryForm.accessKeyEnv
           names env var "WEB3FORMS_ASHISH", which is not set. The form would render and silently post nowhere — a lost enquiry looks exactly like no enquiry.
 background: #e6e6e6;background: light-dark(rgba(0,0,0,0.1), rgba(255,255,255,0.25));color: #000000;color: light-dark(#000000, #ffffff);border-radius: 2px  Server   @ about://React/Server/webpack-internal:///(rsc)/../backend/src/config/load.ts?2:72
[ 1226862ms] [ERROR] Failed to load resource: the server responded with a status of 404 (Not Found) @ http://ashish.localhost:3002/fonts/archivo/archivo-latin-ext.woff2:0
[ 1229874ms] [WARNING] The resource http://ashish.localhost:3002/_next/static/css/app/layout.css?v=1786549746047 was preloaded using link preload but not used within a few seconds from the window's load event. Please make sure it has an appropriate `as` value and it is preloaded intentionally. @ http://ashish.localhost:3002/:0
[ 1229874ms] [WARNING] The resource http://ashish.localhost:3002/_next/static/css/app/layout.css?v=1786549750074 was preloaded using link preload but not used within a few seconds from the window's load event. Please make sure it has an appropriate `as` value and it is preloaded intentionally. @ http://ashish.localhost:3002/:0
[ 1229874ms] [WARNING] The resource http://ashish.localhost:3002/_next/static/css/app/layout.css?v=1786549826847 was preloaded using link preload but not used within a few seconds from the window's load event. Please make sure it has an appropriate `as` value and it is preloaded intentionally. @ http://ashish.localhost:3002/:0
[ 1229874ms] [WARNING] The resource http://ashish.localhost:3002/_next/static/css/app/layout.css?v=1786549921000 was preloaded using link preload but not used within a few seconds from the window's load event. Please make sure it has an appropriate `as` value and it is preloaded intentionally. @ http://ashish.localhost:3002/:0
[ 1229875ms] [WARNING] The resource http://ashish.localhost:3002/_next/static/css/app/layout.css?v=1786549857403 was preloaded using link preload but not used within a few seconds from the window's load event. Please make sure it has an appropriate `as` value and it is preloaded intentionally. @ http://ashish.localhost:3002/:0
[ 1229875ms] [WARNING] The resource http://ashish.localhost:3002/_next/static/css/app/layout.css?v=1786549831408 was preloaded using link preload but not used within a few seconds from the window's load event. Please make sure it has an appropriate `as` value and it is preloaded intentionally. @ http://ashish.localhost:3002/:0
[ 1229875ms] [WARNING] The resource http://ashish.localhost:3002/_next/static/css/app/layout.css?v=1786549861486 was preloaded using link preload but not used within a few seconds from the window's load event. Please make sure it has an appropriate `as` value and it is preloaded intentionally. @ http://ashish.localhost:3002/:0
[ 1229875ms] [WARNING] The resource http://ashish.localhost:3002/_next/static/css/app/layout.css?v=1786549817288 was preloaded using link preload but not used within a few seconds from the window's load event. Please make sure it has an appropriate `as` value and it is preloaded intentionally. @ http://ashish.localhost:3002/:0
[ 1230875ms] [ERROR] Failed to load resource: the server responded with a status of 404 (Not Found) @ http://ashish.localhost:3002/fonts/archivo/archivo-latin.woff2:0
[ 1233981ms] [WARNING] The resource http://ashish.localhost:3002/_next/static/css/app/layout.css?v=1786549746047 was preloaded using link preload but not used within a few seconds from the window's load event. Please make sure it has an appropriate `as` value and it is preloaded intentionally. @ http://ashish.localhost:3002/:0
[ 1233981ms] [WARNING] The resource http://ashish.localhost:3002/_next/static/css/app/layout.css?v=1786549750074 was preloaded using link preload but not used within a few seconds from the window's load event. Please make sure it has an appropriate `as` value and it is preloaded intentionally. @ http://ashish.localhost:3002/:0
[ 1233981ms] [WARNING] The resource http://ashish.localhost:3002/_next/static/css/app/layout.css?v=1786549924498 was preloaded using link preload but not used within a few seconds from the window's load event. Please make sure it has an appropriate `as` value and it is preloaded intentionally. @ http://ashish.localhost:3002/:0
[ 1233981ms] [WARNING] The resource http://ashish.localhost:3002/_next/static/css/app/layout.css?v=1786549826847 was preloaded using link preload but not used within a few seconds from the window's load event. Please make sure it has an appropriate `as` value and it is preloaded intentionally. @ http://ashish.localhost:3002/:0
[ 1233981ms] [WARNING] The resource http://ashish.localhost:3002/_next/static/css/app/layout.css?v=1786549921000 was preloaded using link preload but not used within a few seconds from the window's load event. Please make sure it has an appropriate `as` value and it is preloaded intentionally. @ http://ashish.localhost:3002/:0
[ 1233981ms] [WARNING] The resource http://ashish.localhost:3002/_next/static/css/app/layout.css?v=1786549857403 was preloaded using link preload but not used within a few seconds from the window's load event. Please make sure it has an appropriate `as` value and it is preloaded intentionally. @ http://ashish.localhost:3002/:0
[ 1233981ms] [WARNING] The resource http://ashish.localhost:3002/_next/static/css/app/layout.css?v=1786549831408 was preloaded using link preload but not used within a few seconds from the window's load event. Please make sure it has an appropriate `as` value and it is preloaded intentionally. @ http://ashish.localhost:3002/:0
[ 1233981ms] [WARNING] The resource http://ashish.localhost:3002/_next/static/css/app/layout.css?v=1786549861486 was preloaded using link preload but not used within a few seconds from the window's load event. Please make sure it has an appropriate `as` value and it is preloaded intentionally. @ http://ashish.localhost:3002/:0
[ 1233981ms] [WARNING] The resource http://ashish.localhost:3002/_next/static/css/app/layout.css?v=1786549817288 was preloaded using link preload but not used within a few seconds from the window's load event. Please make sure it has an appropriate `as` value and it is preloaded intentionally. @ http://ashish.localhost:3002/:0
[ 1304072ms] [LOG] [Fast Refresh] rebuilding @ webpack-internal:///(app-pages-browser)/../node_modules/next/dist/client/dev/hot-reloader/app/hot-reloader-app.js:196
[ 1305067ms] [LOG] [Fast Refresh] done in 995ms @ webpack-internal:///(app-pages-browser)/../node_modules/next/dist/client/dev/report-hmr-latency.js:13
[ 1308071ms] [WARNING] The resource http://ashish.localhost:3002/_next/static/css/app/layout.css?v=1786549746047 was preloaded using link preload but not used within a few seconds from the window's load event. Please make sure it has an appropriate `as` value and it is preloaded intentionally. @ http://ashish.localhost:3002/:0
[ 1308072ms] [WARNING] The resource http://ashish.localhost:3002/_next/static/css/app/layout.css?v=1786549750074 was preloaded using link preload but not used within a few seconds from the window's load event. Please make sure it has an appropriate `as` value and it is preloaded intentionally. @ http://ashish.localhost:3002/:0
[ 1308072ms] [WARNING] The resource http://ashish.localhost:3002/_next/static/css/app/layout.css?v=1786549924498 was preloaded using link preload but not used within a few seconds from the window's load event. Please make sure it has an appropriate `as` value and it is preloaded intentionally. @ http://ashish.localhost:3002/:0
[ 1308072ms] [WARNING] The resource http://ashish.localhost:3002/_next/static/css/app/layout.css?v=1786549826847 was preloaded using link preload but not used within a few seconds from the window's load event. Please make sure it has an appropriate `as` value and it is preloaded intentionally. @ http://ashish.localhost:3002/:0
[ 1308072ms] [WARNING] The resource http://ashish.localhost:3002/_next/static/css/app/layout.css?v=1786549921000 was preloaded using link preload but not used within a few seconds from the window's load event. Please make sure it has an appropriate `as` value and it is preloaded intentionally. @ http://ashish.localhost:3002/:0
[ 1308072ms] [WARNING] The resource http://ashish.localhost:3002/_next/static/css/app/layout.css?v=1786549857403 was preloaded using link preload but not used within a few seconds from the window's load event. Please make sure it has an appropriate `as` value and it is preloaded intentionally. @ http://ashish.localhost:3002/:0
[ 1308072ms] [WARNING] The resource http://ashish.localhost:3002/_next/static/css/app/layout.css?v=1786549831408 was preloaded using link preload but not used within a few seconds from the window's load event. Please make sure it has an appropriate `as` value and it is preloaded intentionally. @ http://ashish.localhost:3002/:0
[ 1308072ms] [WARNING] The resource http://ashish.localhost:3002/_next/static/css/app/layout.css?v=1786549861486 was preloaded using link preload but not used within a few seconds from the window's load event. Please make sure it has an appropriate `as` value and it is preloaded intentionally. @ http://ashish.localhost:3002/:0
[ 1308072ms] [WARNING] The resource http://ashish.localhost:3002/_next/static/css/app/layout.css?v=1786549817288 was preloaded using link preload but not used within a few seconds from the window's load event. Please make sure it has an appropriate `as` value and it is preloaded intentionally. @ http://ashish.localhost:3002/:0
[ 1315012ms] [WARNING] %c%s%c 
Config warnings for "ashish-interiors":

  warning  sections.inquiryForm.accessKeyEnv
           names env var "WEB3FORMS_ASHISH", which is not set. The form would render and silently post nowhere — a lost enquiry looks exactly like no enquiry.
 background: #e6e6e6;background: light-dark(rgba(0,0,0,0.1), rgba(255,255,255,0.25));color: #000000;color: light-dark(#000000, #ffffff);border-radius: 2px  Server   @ about://React/Server/webpack-internal:///(rsc)/../backend/src/config/load.ts?2:72
[ 1315013ms] [WARNING] %c%s%c 
Config warnings for "ashish-interiors":

  warning  sections.inquiryForm.accessKeyEnv
           names env var "WEB3FORMS_ASHISH", which is not set. The form would render and silently post nowhere — a lost enquiry looks exactly like no enquiry.
 background: #e6e6e6;background: light-dark(rgba(0,0,0,0.1), rgba(255,255,255,0.25));color: #000000;color: light-dark(#000000, #ffffff);border-radius: 2px  Server   @ about://React/Server/webpack-internal:///(rsc)/../backend/src/config/load.ts?2:72
[ 1316353ms] [WARNING] %c%s%c 
Config warnings for "ashish-interiors":

  warning  sections.inquiryForm.accessKeyEnv
           names env var "WEB3FORMS_ASHISH", which is not set. The form would render and silently post nowhere — a lost enquiry looks exactly like no enquiry.
 background: #e6e6e6;background: light-dark(rgba(0,0,0,0.1), rgba(255,255,255,0.25));color: #000000;color: light-dark(#000000, #ffffff);border-radius: 2px  Server   @ about://React/Server/webpack-internal:///(rsc)/../backend/src/config/load.ts?2:72
[ 1319399ms] [WARNING] The resource http://ashish.localhost:3002/_next/static/css/app/layout.css?v=1786549746047 was preloaded using link preload but not used within a few seconds from the window's load event. Please make sure it has an appropriate `as` value and it is preloaded intentionally. @ http://ashish.localhost:3002/:0
[ 1319399ms] [WARNING] The resource http://ashish.localhost:3002/_next/static/css/app/layout.css?v=1786549750074 was preloaded using link preload but not used within a few seconds from the window's load event. Please make sure it has an appropriate `as` value and it is preloaded intentionally. @ http://ashish.localhost:3002/:0
[ 1319399ms] [WARNING] The resource http://ashish.localhost:3002/_next/static/css/app/layout.css?v=1786549924498 was preloaded using link preload but not used within a few seconds from the window's load event. Please make sure it has an appropriate `as` value and it is preloaded intentionally. @ http://ashish.localhost:3002/:0
[ 1319399ms] [WARNING] The resource http://ashish.localhost:3002/_next/static/css/app/layout.css?v=1786549826847 was preloaded using link preload but not used within a few seconds from the window's load event. Please make sure it has an appropriate `as` value and it is preloaded intentionally. @ http://ashish.localhost:3002/:0
[ 1319399ms] [WARNING] The resource http://ashish.localhost:3002/_next/static/css/app/layout.css?v=1786549921000 was preloaded using link preload but not used within a few seconds from the window's load event. Please make sure it has an appropriate `as` value and it is preloaded intentionally. @ http://ashish.localhost:3002/:0
[ 1319399ms] [WARNING] The resource http://ashish.localhost:3002/_next/static/css/app/layout.css?v=1786549857403 was preloaded using link preload but not used within a few seconds from the window's load event. Please make sure it has an appropriate `as` value and it is preloaded intentionally. @ http://ashish.localhost:3002/:0
[ 1319399ms] [WARNING] The resource http://ashish.localhost:3002/_next/static/css/app/layout.css?v=1786549831408 was preloaded using link preload but not used within a few seconds from the window's load event. Please make sure it has an appropriate `as` value and it is preloaded intentionally. @ http://ashish.localhost:3002/:0
[ 1319399ms] [WARNING] The resource http://ashish.localhost:3002/_next/static/css/app/layout.css?v=1786549861486 was preloaded using link preload but not used within a few seconds from the window's load event. Please make sure it has an appropriate `as` value and it is preloaded intentionally. @ http://ashish.localhost:3002/:0
[ 1319399ms] [WARNING] The resource http://ashish.localhost:3002/_next/static/css/app/layout.css?v=1786549817288 was preloaded using link preload but not used within a few seconds from the window's load event. Please make sure it has an appropriate `as` value and it is preloaded intentionally. @ http://ashish.localhost:3002/:0
[ 1320879ms] [ERROR] Failed to load resource: the server responded with a status of 404 (Not Found) @ http://ashish.localhost:3002/fonts/archivo/archivo-latin-ext.woff2:0
[ 1323673ms] [LOG] [Fast Refresh] rebuilding @ webpack-internal:///(app-pages-browser)/../node_modules/next/dist/client/dev/hot-reloader/app/hot-reloader-app.js:196
[ 1323884ms] [WARNING] The resource http://ashish.localhost:3002/_next/static/css/app/layout.css?v=1786549746047 was preloaded using link preload but not used within a few seconds from the window's load event. Please make sure it has an appropriate `as` value and it is preloaded intentionally. @ http://ashish.localhost:3002/:0
[ 1323884ms] [WARNING] The resource http://ashish.localhost:3002/_next/static/css/app/layout.css?v=1786549750074 was preloaded using link preload but not used within a few seconds from the window's load event. Please make sure it has an appropriate `as` value and it is preloaded intentionally. @ http://ashish.localhost:3002/:0
[ 1323884ms] [WARNING] The resource http://ashish.localhost:3002/_next/static/css/app/layout.css?v=1786549924498 was preloaded using link preload but not used within a few seconds from the window's load event. Please make sure it has an appropriate `as` value and it is preloaded intentionally. @ http://ashish.localhost:3002/:0
[ 1323884ms] [WARNING] The resource http://ashish.localhost:3002/_next/static/css/app/layout.css?v=1786549826847 was preloaded using link preload but not used within a few seconds from the window's load event. Please make sure it has an appropriate `as` value and it is preloaded intentionally. @ http://ashish.localhost:3002/:0
[ 1323884ms] [WARNING] The resource http://ashish.localhost:3002/_next/static/css/app/layout.css?v=1786549921000 was preloaded using link preload but not used within a few seconds from the window's load event. Please make sure it has an appropriate `as` value and it is preloaded intentionally. @ http://ashish.localhost:3002/:0
[ 1323884ms] [WARNING] The resource http://ashish.localhost:3002/_next/static/css/app/layout.css?v=1786550013508 was preloaded using link preload but not used within a few seconds from the window's load event. Please make sure it has an appropriate `as` value and it is preloaded intentionally. @ http://ashish.localhost:3002/:0
[ 1323884ms] [WARNING] The resource http://ashish.localhost:3002/_next/static/css/app/layout.css?v=1786549857403 was preloaded using link preload but not used within a few seconds from the window's load event. Please make sure it has an appropriate `as` value and it is preloaded intentionally. @ http://ashish.localhost:3002/:0
[ 1323884ms] [WARNING] The resource http://ashish.localhost:3002/_next/static/css/app/layout.css?v=1786549831408 was preloaded using link preload but not used within a few seconds from the window's load event. Please make sure it has an appropriate `as` value and it is preloaded intentionally. @ http://ashish.localhost:3002/:0
[ 1323884ms] [WARNING] The resource http://ashish.localhost:3002/_next/static/css/app/layout.css?v=1786549861486 was preloaded using link preload but not used within a few seconds from the window's load event. Please make sure it has an appropriate `as` value and it is preloaded intentionally. @ http://ashish.localhost:3002/:0
[ 1323884ms] [WARNING] The resource http://ashish.localhost:3002/_next/static/css/app/layout.css?v=1786549817288 was preloaded using link preload but not used within a few seconds from the window's load event. Please make sure it has an appropriate `as` value and it is preloaded intentionally. @ http://ashish.localhost:3002/:0
[ 1330823ms] [LOG] [Fast Refresh] done in 7150ms @ webpack-internal:///(app-pages-browser)/../node_modules/next/dist/client/dev/report-hmr-latency.js:13
[ 1333238ms] [LOG] [Fast Refresh] rebuilding @ webpack-internal:///(app-pages-browser)/../node_modules/next/dist/client/dev/hot-reloader/app/hot-reloader-app.js:196
[ 1334119ms] [ERROR] Failed to load resource: the server responded with a status of 404 (Not Found) @ http://ashish.localhost:3002/fonts/archivo/archivo-latin.woff2:0
[ 1337127ms] [WARNING] The resource http://ashish.localhost:3002/_next/static/css/app/layout.css?v=1786549746047 was preloaded using link preload but not used within a few seconds from the window's load event. Please make sure it has an appropriate `as` value and it is preloaded intentionally. @ http://ashish.localhost:3002/:0
[ 1337127ms] [WARNING] The resource http://ashish.localhost:3002/_next/static/css/app/layout.css?v=1786549750074 was preloaded using link preload but not used within a few seconds from the window's load event. Please make sure it has an appropriate `as` value and it is preloaded intentionally. @ http://ashish.localhost:3002/:0
[ 1337127ms] [WARNING] The resource http://ashish.localhost:3002/_next/static/css/app/layout.css?v=1786549924498 was preloaded using link preload but not used within a few seconds from the window's load event. Please make sure it has an appropriate `as` value and it is preloaded intentionally. @ http://ashish.localhost:3002/:0
[ 1337127ms] [WARNING] The resource http://ashish.localhost:3002/_next/static/css/app/layout.css?v=1786549826847 was preloaded using link preload but not used within a few seconds from the window's load event. Please make sure it has an appropriate `as` value and it is preloaded intentionally. @ http://ashish.localhost:3002/:0
[ 1337127ms] [WARNING] The resource http://ashish.localhost:3002/_next/static/css/app/layout.css?v=1786549921000 was preloaded using link preload but not used within a few seconds from the window's load event. Please make sure it has an appropriate `as` value and it is preloaded intentionally. @ http://ashish.localhost:3002/:0
[ 1337127ms] [WARNING] The resource http://ashish.localhost:3002/_next/static/css/app/layout.css?v=1786550013508 was preloaded using link preload but not used within a few seconds from the window's load event. Please make sure it has an appropriate `as` value and it is preloaded intentionally. @ http://ashish.localhost:3002/:0
[ 1337127ms] [WARNING] The resource http://ashish.localhost:3002/_next/static/css/app/layout.css?v=1786549857403 was preloaded using link preload but not used within a few seconds from the window's load event. Please make sure it has an appropriate `as` value and it is preloaded intentionally. @ http://ashish.localhost:3002/:0
[ 1337127ms] [WARNING] The resource http://ashish.localhost:3002/_next/static/css/app/layout.css?v=1786549831408 was preloaded using link preload but not used within a few seconds from the window's load event. Please make sure it has an appropriate `as` value and it is preloaded intentionally. @ http://ashish.localhost:3002/:0
[ 1337127ms] [WARNING] The resource http://ashish.localhost:3002/_next/static/css/app/layout.css?v=1786549861486 was preloaded using link preload but not used within a few seconds from the window's load event. Please make sure it has an appropriate `as` value and it is preloaded intentionally. @ http://ashish.localhost:3002/:0
[ 1337127ms] [WARNING] The resource http://ashish.localhost:3002/_next/static/css/app/layout.css?v=1786549817288 was preloaded using link preload but not used within a few seconds from the window's load event. Please make sure it has an appropriate `as` value and it is preloaded intentionally. @ http://ashish.localhost:3002/:0
[ 1338911ms] [LOG] [Fast Refresh] done in 5673ms @ webpack-internal:///(app-pages-browser)/../node_modules/next/dist/client/dev/report-hmr-latency.js:13
[ 1341913ms] [WARNING] The resource http://ashish.localhost:3002/_next/static/css/app/layout.css?v=1786549746047 was preloaded using link preload but not used within a few seconds from the window's load event. Please make sure it has an appropriate `as` value and it is preloaded intentionally. @ http://ashish.localhost:3002/:0
[ 1341913ms] [WARNING] The resource http://ashish.localhost:3002/_next/static/css/app/layout.css?v=1786549750074 was preloaded using link preload but not used within a few seconds from the window's load event. Please make sure it has an appropriate `as` value and it is preloaded intentionally. @ http://ashish.localhost:3002/:0
[ 1341913ms] [WARNING] The resource http://ashish.localhost:3002/_next/static/css/app/layout.css?v=1786549924498 was preloaded using link preload but not used within a few seconds from the window's load event. Please make sure it has an appropriate `as` value and it is preloaded intentionally. @ http://ashish.localhost:3002/:0
[ 1341913ms] [WARNING] The resource http://ashish.localhost:3002/_next/static/css/app/layout.css?v=1786549826847 was preloaded using link preload but not used within a few seconds from the window's load event. Please make sure it has an appropriate `as` value and it is preloaded intentionally. @ http://ashish.localhost:3002/:0
[ 1341914ms] [WARNING] The resource http://ashish.localhost:3002/_next/static/css/app/layout.css?v=1786549921000 was preloaded using link preload but not used within a few seconds from the window's load event. Please make sure it has an appropriate `as` value and it is preloaded intentionally. @ http://ashish.localhost:3002/:0
[ 1341914ms] [WARNING] The resource http://ashish.localhost:3002/_next/static/css/app/layout.css?v=1786550013508 was preloaded using link preload but not used within a few seconds from the window's load event. Please make sure it has an appropriate `as` value and it is preloaded intentionally. @ http://ashish.localhost:3002/:0
[ 1341914ms] [WARNING] The resource http://ashish.localhost:3002/_next/static/css/app/layout.css?v=1786549857403 was preloaded using link preload but not used within a few seconds from the window's load event. Please make sure it has an appropriate `as` value and it is preloaded intentionally. @ http://ashish.localhost:3002/:0
[ 1341914ms] [WARNING] The resource http://ashish.localhost:3002/_next/static/css/app/layout.css?v=1786549831408 was preloaded using link preload but not used within a few seconds from the window's load event. Please make sure it has an appropriate `as` value and it is preloaded intentionally. @ http://ashish.localhost:3002/:0
[ 1341914ms] [WARNING] The resource http://ashish.localhost:3002/_next/static/css/app/layout.css?v=1786549861486 was preloaded using link preload but not used within a few seconds from the window's load event. Please make sure it has an appropriate `as` value and it is preloaded intentionally. @ http://ashish.localhost:3002/:0
[ 1341914ms] [WARNING] The resource http://ashish.localhost:3002/_next/static/css/app/layout.css?v=1786549817288 was preloaded using link preload but not used within a few seconds from the window's load event. Please make sure it has an appropriate `as` value and it is preloaded intentionally. @ http://ashish.localhost:3002/:0
[ 1342044ms] [LOG] [Fast Refresh] rebuilding @ webpack-internal:///(app-pages-browser)/../node_modules/next/dist/client/dev/hot-reloader/app/hot-reloader-app.js:196
[ 1346948ms] [LOG] [Fast Refresh] done in 4903ms @ webpack-internal:///(app-pages-browser)/../node_modules/next/dist/client/dev/report-hmr-latency.js:13
[ 1349621ms] [LOG] [Fast Refresh] rebuilding @ webpack-internal:///(app-pages-browser)/../node_modules/next/dist/client/dev/hot-reloader/app/hot-reloader-app.js:196
[ 1349962ms] [WARNING] The resource http://ashish.localhost:3002/_next/static/css/app/layout.css?v=1786549746047 was preloaded using link preload but not used within a few seconds from the window's load event. Please make sure it has an appropriate `as` value and it is preloaded intentionally. @ http://ashish.localhost:3002/:0
[ 1349962ms] [WARNING] The resource http://ashish.localhost:3002/_next/static/css/app/layout.css?v=1786549750074 was preloaded using link preload but not used within a few seconds from the window's load event. Please make sure it has an appropriate `as` value and it is preloaded intentionally. @ http://ashish.localhost:3002/:0
[ 1349962ms] [WARNING] The resource http://ashish.localhost:3002/_next/static/css/app/layout.css?v=1786549924498 was preloaded using link preload but not used within a few seconds from the window's load event. Please make sure it has an appropriate `as` value and it is preloaded intentionally. @ http://ashish.localhost:3002/:0
[ 1349962ms] [WARNING] The resource http://ashish.localhost:3002/_next/static/css/app/layout.css?v=1786549826847 was preloaded using link preload but not used within a few seconds from the window's load event. Please make sure it has an appropriate `as` value and it is preloaded intentionally. @ http://ashish.localhost:3002/:0
[ 1349962ms] [WARNING] The resource http://ashish.localhost:3002/_next/static/css/app/layout.css?v=1786549921000 was preloaded using link preload but not used within a few seconds from the window's load event. Please make sure it has an appropriate `as` value and it is preloaded intentionally. @ http://ashish.localhost:3002/:0
[ 1349962ms] [WARNING] The resource http://ashish.localhost:3002/_next/static/css/app/layout.css?v=1786550013508 was preloaded using link preload but not used within a few seconds from the window's load event. Please make sure it has an appropriate `as` value and it is preloaded intentionally. @ http://ashish.localhost:3002/:0
[ 1349962ms] [WARNING] The resource http://ashish.localhost:3002/_next/static/css/app/layout.css?v=1786549857403 was preloaded using link preload but not used within a few seconds from the window's load event. Please make sure it has an appropriate `as` value and it is preloaded intentionally. @ http://ashish.localhost:3002/:0
[ 1349962ms] [WARNING] The resource http://ashish.localhost:3002/_next/static/css/app/layout.css?v=1786549831408 was preloaded using link preload but not used within a few seconds from the window's load event. Please make sure it has an appropriate `as` value and it is preloaded intentionally. @ http://ashish.localhost:3002/:0
[ 1349962ms] [WARNING] The resource http://ashish.localhost:3002/_next/static/css/app/layout.css?v=1786549861486 was preloaded using link preload but not used within a few seconds from the window's load event. Please make sure it has an appropriate `as` value and it is preloaded intentionally. @ http://ashish.localhost:3002/:0
[ 1349962ms] [WARNING] The resource http://ashish.localhost:3002/_next/static/css/app/layout.css?v=1786549817288 was preloaded using link preload but not used within a few seconds from the window's load event. Please make sure it has an appropriate `as` value and it is preloaded intentionally. @ http://ashish.localhost:3002/:0
[ 1352061ms] [LOG] [Fast Refresh] rebuilding @ webpack-internal:///(app-pages-browser)/../node_modules/next/dist/client/dev/hot-reloader/app/hot-reloader-app.js:196
[ 1352379ms] [LOG] [Fast Refresh] done in 318ms @ webpack-internal:///(app-pages-browser)/../node_modules/next/dist/client/dev/report-hmr-latency.js:13
[ 1355384ms] [WARNING] The resource http://ashish.localhost:3002/_next/static/css/app/layout.css?v=1786549746047 was preloaded using link preload but not used within a few seconds from the window's load event. Please make sure it has an appropriate `as` value and it is preloaded intentionally. @ http://ashish.localhost:3002/:0
[ 1355385ms] [WARNING] The resource http://ashish.localhost:3002/_next/static/css/app/layout.css?v=1786549750074 was preloaded using link preload but not used within a few seconds from the window's load event. Please make sure it has an appropriate `as` value and it is preloaded intentionally. @ http://ashish.localhost:3002/:0
[ 1355385ms] [WARNING] The resource http://ashish.localhost:3002/_next/static/css/app/layout.css?v=1786549924498 was preloaded using link preload but not used within a few seconds from the window's load event. Please make sure it has an appropriate `as` value and it is preloaded intentionally. @ http://ashish.localhost:3002/:0
[ 1355385ms] [WARNING] The resource http://ashish.localhost:3002/_next/static/css/app/layout.css?v=1786549826847 was preloaded using link preload but not used within a few seconds from the window's load event. Please make sure it has an appropriate `as` value and it is preloaded intentionally. @ http://ashish.localhost:3002/:0
[ 1355385ms] [WARNING] The resource http://ashish.localhost:3002/_next/static/css/app/layout.css?v=1786549921000 was preloaded using link preload but not used within a few seconds from the window's load event. Please make sure it has an appropriate `as` value and it is preloaded intentionally. @ http://ashish.localhost:3002/:0
[ 1355385ms] [WARNING] The resource http://ashish.localhost:3002/_next/static/css/app/layout.css?v=1786550013508 was preloaded using link preload but not used within a few seconds from the window's load event. Please make sure it has an appropriate `as` value and it is preloaded intentionally. @ http://ashish.localhost:3002/:0
[ 1355385ms] [WARNING] The resource http://ashish.localhost:3002/_next/static/css/app/layout.css?v=1786549857403 was preloaded using link preload but not used within a few seconds from the window's load event. Please make sure it has an appropriate `as` value and it is preloaded intentionally. @ http://ashish.localhost:3002/:0
[ 1355385ms] [WARNING] The resource http://ashish.localhost:3002/_next/static/css/app/layout.css?v=1786549831408 was preloaded using link preload but not used within a few seconds from the window's load event. Please make sure it has an appropriate `as` value and it is preloaded intentionally. @ http://ashish.localhost:3002/:0
[ 1355385ms] [WARNING] The resource http://ashish.localhost:3002/_next/static/css/app/layout.css?v=1786549861486 was preloaded using link preload but not used within a few seconds from the window's load event. Please make sure it has an appropriate `as` value and it is preloaded intentionally. @ http://ashish.localhost:3002/:0
[ 1355385ms] [WARNING] The resource http://ashish.localhost:3002/_next/static/css/app/layout.css?v=1786549817288 was preloaded using link preload but not used within a few seconds from the window's load event. Please make sure it has an appropriate `as` value and it is preloaded intentionally. @ http://ashish.localhost:3002/:0
[ 1355831ms] [LOG] [Fast Refresh] done in 3769ms @ webpack-internal:///(app-pages-browser)/../node_modules/next/dist/client/dev/report-hmr-latency.js:13
[ 1356355ms] [ERROR] Failed to load resource: the server responded with a status of 500 (Internal Server Error) @ http://ashish.localhost:3002/?_rsc=2ZL8-t2IdCHEVvgs:0
[ 1358832ms] [WARNING] The resource http://ashish.localhost:3002/_next/static/css/app/layout.css?v=1786549746047 was preloaded using link preload but not used within a few seconds from the window's load event. Please make sure it has an appropriate `as` value and it is preloaded intentionally. @ http://ashish.localhost:3002/:0
[ 1358832ms] [WARNING] The resource http://ashish.localhost:3002/_next/static/css/app/layout.css?v=1786549750074 was preloaded using link preload but not used within a few seconds from the window's load event. Please make sure it has an appropriate `as` value and it is preloaded intentionally. @ http://ashish.localhost:3002/:0
[ 1358832ms] [WARNING] The resource http://ashish.localhost:3002/_next/static/css/app/layout.css?v=1786549924498 was preloaded using link preload but not used within a few seconds from the window's load event. Please make sure it has an appropriate `as` value and it is preloaded intentionally. @ http://ashish.localhost:3002/:0
[ 1358832ms] [WARNING] The resource http://ashish.localhost:3002/_next/static/css/app/layout.css?v=1786549826847 was preloaded using link preload but not used within a few seconds from the window's load event. Please make sure it has an appropriate `as` value and it is preloaded intentionally. @ http://ashish.localhost:3002/:0
[ 1358832ms] [WARNING] The resource http://ashish.localhost:3002/_next/static/css/app/layout.css?v=1786549921000 was preloaded using link preload but not used within a few seconds from the window's load event. Please make sure it has an appropriate `as` value and it is preloaded intentionally. @ http://ashish.localhost:3002/:0
[ 1358832ms] [WARNING] The resource http://ashish.localhost:3002/_next/static/css/app/layout.css?v=1786550013508 was preloaded using link preload but not used within a few seconds from the window's load event. Please make sure it has an appropriate `as` value and it is preloaded intentionally. @ http://ashish.localhost:3002/:0
[ 1358832ms] [WARNING] The resource http://ashish.localhost:3002/_next/static/css/app/layout.css?v=1786549857403 was preloaded using link preload but not used within a few seconds from the window's load event. Please make sure it has an appropriate `as` value and it is preloaded intentionally. @ http://ashish.localhost:3002/:0
[ 1358832ms] [WARNING] The resource http://ashish.localhost:3002/_next/static/css/app/layout.css?v=1786549831408 was preloaded using link preload but not used within a few seconds from the window's load event. Please make sure it has an appropriate `as` value and it is preloaded intentionally. @ http://ashish.localhost:3002/:0
[ 1358832ms] [WARNING] The resource http://ashish.localhost:3002/_next/static/css/app/layout.css?v=1786549861486 was preloaded using link preload but not used within a few seconds from the window's load event. Please make sure it has an appropriate `as` value and it is preloaded intentionally. @ http://ashish.localhost:3002/:0
[ 1358832ms] [WARNING] The resource http://ashish.localhost:3002/_next/static/css/app/layout.css?v=1786549817288 was preloaded using link preload but not used within a few seconds from the window's load event. Please make sure it has an appropriate `as` value and it is preloaded intentionally. @ http://ashish.localhost:3002/:0
[ 1386357ms] [WARNING] %c%s%c 
Config warnings for "ashish-interiors":

  warning  sections.inquiryForm.accessKeyEnv
           names env var "WEB3FORMS_ASHISH", which is not set. The form would render and silently post nowhere — a lost enquiry looks exactly like no enquiry.
 background: #e6e6e6;background: light-dark(rgba(0,0,0,0.1), rgba(255,255,255,0.25));color: #000000;color: light-dark(#000000, #ffffff);border-radius: 2px  Server   @ about://React/Server/webpack-internal:///(rsc)/../backend/src/config/load.ts?2:72
[ 1386358ms] [WARNING] %c%s%c 
Config warnings for "ashish-interiors":

  warning  sections.inquiryForm.accessKeyEnv
           names env var "WEB3FORMS_ASHISH", which is not set. The form would render and silently post nowhere — a lost enquiry looks exactly like no enquiry.
 background: #e6e6e6;background: light-dark(rgba(0,0,0,0.1), rgba(255,255,255,0.25));color: #000000;color: light-dark(#000000, #ffffff);border-radius: 2px  Server   @ about://React/Server/webpack-internal:///(rsc)/../backend/src/config/load.ts?2:72
[ 1388530ms] [LOG] [Fast Refresh] rebuilding @ webpack-internal:///(app-pages-browser)/../node_modules/next/dist/client/dev/hot-reloader/app/hot-reloader-app.js:196
[ 1389247ms] [WARNING] %c%s%c 
Config warnings for "ashish-interiors":

  warning  sections.inquiryForm.accessKeyEnv
           names env var "WEB3FORMS_ASHISH", which is not set. The form would render and silently post nowhere — a lost enquiry looks exactly like no enquiry.
 background: #e6e6e6;background: light-dark(rgba(0,0,0,0.1), rgba(255,255,255,0.25));color: #000000;color: light-dark(#000000, #ffffff);border-radius: 2px  Server   @ about://React/Server/webpack-internal:///(rsc)/../backend/src/config/load.ts?2:72
[ 1389248ms] [WARNING] %c%s%c 
Config warnings for "ashish-interiors":

  warning  sections.inquiryForm.accessKeyEnv
           names env var "WEB3FORMS_ASHISH", which is not set. The form would render and silently post nowhere — a lost enquiry looks exactly like no enquiry.
 background: #e6e6e6;background: light-dark(rgba(0,0,0,0.1), rgba(255,255,255,0.25));color: #000000;color: light-dark(#000000, #ffffff);border-radius: 2px  Server   @ about://React/Server/webpack-internal:///(rsc)/../backend/src/config/load.ts?2:72
[ 1393110ms] [LOG] [Fast Refresh] done in 4581ms @ webpack-internal:///(app-pages-browser)/../node_modules/next/dist/client/dev/report-hmr-latency.js:13
[ 1394062ms] [WARNING] %c%s%c 
Config warnings for "ashish-interiors":

  warning  sections.inquiryForm.accessKeyEnv
           names env var "WEB3FORMS_ASHISH", which is not set. The form would render and silently post nowhere — a lost enquiry looks exactly like no enquiry.
 background: #e6e6e6;background: light-dark(rgba(0,0,0,0.1), rgba(255,255,255,0.25));color: #000000;color: light-dark(#000000, #ffffff);border-radius: 2px  Server   @ about://React/Server/webpack-internal:///(rsc)/../backend/src/config/load.ts?2:72
[ 1398046ms] [WARNING] The resource http://ashish.localhost:3002/_next/static/css/app/layout.css?v=1786549746047 was preloaded using link preload but not used within a few seconds from the window's load event. Please make sure it has an appropriate `as` value and it is preloaded intentionally. @ http://ashish.localhost:3002/:0
[ 1398046ms] [WARNING] The resource http://ashish.localhost:3002/_next/static/css/app/layout.css?v=1786549750074 was preloaded using link preload but not used within a few seconds from the window's load event. Please make sure it has an appropriate `as` value and it is preloaded intentionally. @ http://ashish.localhost:3002/:0
[ 1398046ms] [WARNING] The resource http://ashish.localhost:3002/_next/static/css/app/layout.css?v=1786549924498 was preloaded using link preload but not used within a few seconds from the window's load event. Please make sure it has an appropriate `as` value and it is preloaded intentionally. @ http://ashish.localhost:3002/:0
[ 1398046ms] [WARNING] The resource http://ashish.localhost:3002/_next/static/css/app/layout.css?v=1786549826847 was preloaded using link preload but not used within a few seconds from the window's load event. Please make sure it has an appropriate `as` value and it is preloaded intentionally. @ http://ashish.localhost:3002/:0
[ 1398046ms] [WARNING] The resource http://ashish.localhost:3002/_next/static/css/app/layout.css?v=1786549921000 was preloaded using link preload but not used within a few seconds from the window's load event. Please make sure it has an appropriate `as` value and it is preloaded intentionally. @ http://ashish.localhost:3002/:0
[ 1398046ms] [WARNING] The resource http://ashish.localhost:3002/_next/static/css/app/layout.css?v=1786550013508 was preloaded using link preload but not used within a few seconds from the window's load event. Please make sure it has an appropriate `as` value and it is preloaded intentionally. @ http://ashish.localhost:3002/:0
[ 1398046ms] [WARNING] The resource http://ashish.localhost:3002/_next/static/css/app/layout.css?v=1786549857403 was preloaded using link preload but not used within a few seconds from the window's load event. Please make sure it has an appropriate `as` value and it is preloaded intentionally. @ http://ashish.localhost:3002/:0
[ 1398046ms] [WARNING] The resource http://ashish.localhost:3002/_next/static/css/app/layout.css?v=1786549831408 was preloaded using link preload but not used within a few seconds from the window's load event. Please make sure it has an appropriate `as` value and it is preloaded intentionally. @ http://ashish.localhost:3002/:0
[ 1398047ms] [WARNING] The resource http://ashish.localhost:3002/_next/static/css/app/layout.css?v=1786549861486 was preloaded using link preload but not used within a few seconds from the window's load event. Please make sure it has an appropriate `as` value and it is preloaded intentionally. @ http://ashish.localhost:3002/:0
[ 1398047ms] [WARNING] The resource http://ashish.localhost:3002/_next/static/css/app/layout.css?v=1786549817288 was preloaded using link preload but not used within a few seconds from the window's load event. Please make sure it has an appropriate `as` value and it is preloaded intentionally. @ http://ashish.localhost:3002/:0
[ 1398275ms] [WARNING] %c%s%c 
Config warnings for "ashish-interiors":

  warning  sections.inquiryForm.accessKeyEnv
           names env var "WEB3FORMS_ASHISH", which is not set. The form would render and silently post nowhere — a lost enquiry looks exactly like no enquiry.
 background: #e6e6e6;background: light-dark(rgba(0,0,0,0.1), rgba(255,255,255,0.25));color: #000000;color: light-dark(#000000, #ffffff);border-radius: 2px  Server   @ about://React/Server/webpack-internal:///(rsc)/../backend/src/config/load.ts?2:72
[ 1398276ms] [WARNING] %c%s%c 
Config warnings for "ashish-interiors":

  warning  sections.inquiryForm.accessKeyEnv
           names env var "WEB3FORMS_ASHISH", which is not set. The form would render and silently post nowhere — a lost enquiry looks exactly like no enquiry.
 background: #e6e6e6;background: light-dark(rgba(0,0,0,0.1), rgba(255,255,255,0.25));color: #000000;color: light-dark(#000000, #ffffff);border-radius: 2px  Server   @ about://React/Server/webpack-internal:///(rsc)/../backend/src/config/load.ts?2:72
[ 1398414ms] [WARNING] %c%s%c 
Config warnings for "ashish-interiors":

  warning  sections.inquiryForm.accessKeyEnv
           names env var "WEB3FORMS_ASHISH", which is not set. The form would render and silently post nowhere — a lost enquiry looks exactly like no enquiry.
 background: #e6e6e6;background: light-dark(rgba(0,0,0,0.1), rgba(255,255,255,0.25));color: #000000;color: light-dark(#000000, #ffffff);border-radius: 2px  Server   @ about://React/Server/webpack-internal:///(rsc)/../backend/src/config/load.ts?2:72
[ 1399265ms] [WARNING] %c%s%c 
Config warnings for "ashish-interiors":

  warning  sections.inquiryForm.accessKeyEnv
           names env var "WEB3FORMS_ASHISH", which is not set. The form would render and silently post nowhere — a lost enquiry looks exactly like no enquiry.
 background: #e6e6e6;background: light-dark(rgba(0,0,0,0.1), rgba(255,255,255,0.25));color: #000000;color: light-dark(#000000, #ffffff);border-radius: 2px  Server   @ about://React/Server/webpack-internal:///(rsc)/../backend/src/config/load.ts?2:72
[ 1399265ms] [WARNING] %c%s%c 
Config warnings for "ashish-interiors":

  warning  sections.inquiryForm.accessKeyEnv
           names env var "WEB3FORMS_ASHISH", which is not set. The form would render and silently post nowhere — a lost enquiry looks exactly like no enquiry.
 background: #e6e6e6;background: light-dark(rgba(0,0,0,0.1), rgba(255,255,255,0.25));color: #000000;color: light-dark(#000000, #ffffff);border-radius: 2px  Server   @ about://React/Server/webpack-internal:///(rsc)/../backend/src/config/load.ts?2:72
[ 1402247ms] [WARNING] The resource http://ashish.localhost:3002/_next/static/css/app/layout.css?v=1786549746047 was preloaded using link preload but not used within a few seconds from the window's load event. Please make sure it has an appropriate `as` value and it is preloaded intentionally. @ http://ashish.localhost:3002/:0
[ 1402247ms] [WARNING] The resource http://ashish.localhost:3002/_next/static/css/app/layout.css?v=1786549750074 was preloaded using link preload but not used within a few seconds from the window's load event. Please make sure it has an appropriate `as` value and it is preloaded intentionally. @ http://ashish.localhost:3002/:0
[ 1402247ms] [WARNING] The resource http://ashish.localhost:3002/_next/static/css/app/layout.css?v=1786549924498 was preloaded using link preload but not used within a few seconds from the window's load event. Please make sure it has an appropriate `as` value and it is preloaded intentionally. @ http://ashish.localhost:3002/:0
[ 1402247ms] [WARNING] The resource http://ashish.localhost:3002/_next/static/css/app/layout.css?v=1786549826847 was preloaded using link preload but not used within a few seconds from the window's load event. Please make sure it has an appropriate `as` value and it is preloaded intentionally. @ http://ashish.localhost:3002/:0
[ 1402247ms] [WARNING] The resource http://ashish.localhost:3002/_next/static/css/app/layout.css?v=1786549921000 was preloaded using link preload but not used within a few seconds from the window's load event. Please make sure it has an appropriate `as` value and it is preloaded intentionally. @ http://ashish.localhost:3002/:0
[ 1402247ms] [WARNING] The resource http://ashish.localhost:3002/_next/static/css/app/layout.css?v=1786550013508 was preloaded using link preload but not used within a few seconds from the window's load event. Please make sure it has an appropriate `as` value and it is preloaded intentionally. @ http://ashish.localhost:3002/:0
[ 1402247ms] [WARNING] The resource http://ashish.localhost:3002/_next/static/css/app/layout.css?v=1786549857403 was preloaded using link preload but not used within a few seconds from the window's load event. Please make sure it has an appropriate `as` value and it is preloaded intentionally. @ http://ashish.localhost:3002/:0
[ 1402247ms] [WARNING] The resource http://ashish.localhost:3002/_next/static/css/app/layout.css?v=1786549831408 was preloaded using link preload but not used within a few seconds from the window's load event. Please make sure it has an appropriate `as` value and it is preloaded intentionally. @ http://ashish.localhost:3002/:0
[ 1402248ms] [WARNING] The resource http://ashish.localhost:3002/_next/static/css/app/layout.css?v=1786549861486 was preloaded using link preload but not used within a few seconds from the window's load event. Please make sure it has an appropriate `as` value and it is preloaded intentionally. @ http://ashish.localhost:3002/:0
[ 1402248ms] [WARNING] The resource http://ashish.localhost:3002/_next/static/css/app/layout.css?v=1786549817288 was preloaded using link preload but not used within a few seconds from the window's load event. Please make sure it has an appropriate `as` value and it is preloaded intentionally. @ http://ashish.localhost:3002/:0
[ 1412549ms] [INFO] %cDownload the React DevTools for a better development experience: https://react.dev/link/react-devtools font-weight:bold @ webpack-internal:///(app-pages-browser)/../node_modules/next/dist/compiled/react-dom/cjs/react-dom-client.development.js:25630
[ 1412708ms] [WARNING] %c%s%c 
Config warnings for "ashish-interiors":

  warning  sections.inquiryForm.accessKeyEnv
           names env var "WEB3FORMS_ASHISH", which is not set. The form would render and silently post nowhere — a lost enquiry looks exactly like no enquiry.
 background: #e6e6e6;background: light-dark(rgba(0,0,0,0.1), rgba(255,255,255,0.25));color: #000000;color: light-dark(#000000, #ffffff);border-radius: 2px  Server   @ about://React/Server/webpack-internal:///(rsc)/../backend/src/config/load.ts?2:72
[ 1412729ms] [WARNING] %c%s%c 
Config warnings for "ashish-interiors":

  warning  sections.inquiryForm.accessKeyEnv
           names env var "WEB3FORMS_ASHISH", which is not set. The form would render and silently post nowhere — a lost enquiry looks exactly like no enquiry.
 background: #e6e6e6;background: light-dark(rgba(0,0,0,0.1), rgba(255,255,255,0.25));color: #000000;color: light-dark(#000000, #ffffff);border-radius: 2px  Server   @ about://React/Server/webpack-internal:///(rsc)/../backend/src/config/load.ts?2:72
[ 1412730ms] [WARNING] %c%s%c 
Config warnings for "ashish-interiors":

  warning  sections.inquiryForm.accessKeyEnv
           names env var "WEB3FORMS_ASHISH", which is not set. The form would render and silently post nowhere — a lost enquiry looks exactly like no enquiry.
 background: #e6e6e6;background: light-dark(rgba(0,0,0,0.1), rgba(255,255,255,0.25));color: #000000;color: light-dark(#000000, #ffffff);border-radius: 2px  Server   @ about://React/Server/webpack-internal:///(rsc)/../backend/src/config/load.ts?2:72
[ 1423472ms] [ERROR] Failed to load resource: the server responded with a status of 404 (Not Found) @ http://ashish.localhost:3002/fonts/archivo/archivo-latin-ext.woff2:0
[ 1426498ms] [WARNING] The resource http://ashish.localhost:3002/_next/static/css/app/layout.css?v=1786550116296 was preloaded using link preload but not used within a few seconds from the window's load event. Please make sure it has an appropriate `as` value and it is preloaded intentionally. @ http://ashish.localhost:3002/:0
[ 1427183ms] [ERROR] Failed to load resource: the server responded with a status of 404 (Not Found) @ http://ashish.localhost:3002/fonts/archivo/archivo-latin.woff2:0
[ 1430260ms] [WARNING] The resource http://ashish.localhost:3002/_next/static/css/app/layout.css?v=1786550116296 was preloaded using link preload but not used within a few seconds from the window's load event. Please make sure it has an appropriate `as` value and it is preloaded intentionally. @ http://ashish.localhost:3002/:0
[ 1430260ms] [WARNING] The resource http://ashish.localhost:3002/_next/static/css/app/layout.css?v=1786550120136 was preloaded using link preload but not used within a few seconds from the window's load event. Please make sure it has an appropriate `as` value and it is preloaded intentionally. @ http://ashish.localhost:3002/:0
[ 1455670ms] [LOG] [Fast Refresh] rebuilding @ webpack-internal:///(app-pages-browser)/../node_modules/next/dist/client/dev/hot-reloader/app/hot-reloader-app.js:196
[ 1460782ms] [LOG] [Fast Refresh] done in 5113ms @ webpack-internal:///(app-pages-browser)/../node_modules/next/dist/client/dev/report-hmr-latency.js:13
[ 1463788ms] [WARNING] The resource http://ashish.localhost:3002/_next/static/css/app/layout.css?v=1786550116296 was preloaded using link preload but not used within a few seconds from the window's load event. Please make sure it has an appropriate `as` value and it is preloaded intentionally. @ http://ashish.localhost:3002/:0
[ 1463789ms] [WARNING] The resource http://ashish.localhost:3002/_next/static/css/app/layout.css?v=1786550120136 was preloaded using link preload but not used within a few seconds from the window's load event. Please make sure it has an appropriate `as` value and it is preloaded intentionally. @ http://ashish.localhost:3002/:0
[ 1464251ms] [LOG] [Fast Refresh] rebuilding @ webpack-internal:///(app-pages-browser)/../node_modules/next/dist/client/dev/hot-reloader/app/hot-reloader-app.js:196
[ 1470059ms] [LOG] [Fast Refresh] done in 5808ms @ webpack-internal:///(app-pages-browser)/../node_modules/next/dist/client/dev/report-hmr-latency.js:13
[ 1473075ms] [WARNING] The resource http://ashish.localhost:3002/_next/static/css/app/layout.css?v=1786550116296 was preloaded using link preload but not used within a few seconds from the window's load event. Please make sure it has an appropriate `as` value and it is preloaded intentionally. @ http://ashish.localhost:3002/:0
[ 1473075ms] [WARNING] The resource http://ashish.localhost:3002/_next/static/css/app/layout.css?v=1786550120136 was preloaded using link preload but not used within a few seconds from the window's load event. Please make sure it has an appropriate `as` value and it is preloaded intentionally. @ http://ashish.localhost:3002/:0
[ 1473965ms] [WARNING] %c%s%c 
Config warnings for "ashish-interiors":

  warning  sections.inquiryForm.accessKeyEnv
           names env var "WEB3FORMS_ASHISH", which is not set. The form would render and silently post nowhere — a lost enquiry looks exactly like no enquiry.
 background: #e6e6e6;background: light-dark(rgba(0,0,0,0.1), rgba(255,255,255,0.25));color: #000000;color: light-dark(#000000, #ffffff);border-radius: 2px  Server   @ about://React/Server/webpack-internal:///(rsc)/../backend/src/config/load.ts?2:72
[ 1473966ms] [WARNING] %c%s%c 
Config warnings for "ashish-interiors":

  warning  sections.inquiryForm.accessKeyEnv
           names env var "WEB3FORMS_ASHISH", which is not set. The form would render and silently post nowhere — a lost enquiry looks exactly like no enquiry.
 background: #e6e6e6;background: light-dark(rgba(0,0,0,0.1), rgba(255,255,255,0.25));color: #000000;color: light-dark(#000000, #ffffff);border-radius: 2px  Server   @ about://React/Server/webpack-internal:///(rsc)/../backend/src/config/load.ts?2:72
[ 1475464ms] [WARNING] %c%s%c 
Config warnings for "ashish-interiors":

  warning  sections.inquiryForm.accessKeyEnv
           names env var "WEB3FORMS_ASHISH", which is not set. The form would render and silently post nowhere — a lost enquiry looks exactly like no enquiry.
 background: #e6e6e6;background: light-dark(rgba(0,0,0,0.1), rgba(255,255,255,0.25));color: #000000;color: light-dark(#000000, #ffffff);border-radius: 2px  Server   @ about://React/Server/webpack-internal:///(rsc)/../backend/src/config/load.ts?2:72
[ 1475464ms] [WARNING] %c%s%c 
Config warnings for "ashish-interiors":

  warning  sections.inquiryForm.accessKeyEnv
           names env var "WEB3FORMS_ASHISH", which is not set. The form would render and silently post nowhere — a lost enquiry looks exactly like no enquiry.
 background: #e6e6e6;background: light-dark(rgba(0,0,0,0.1), rgba(255,255,255,0.25));color: #000000;color: light-dark(#000000, #ffffff);border-radius: 2px  Server   @ about://React/Server/webpack-internal:///(rsc)/../backend/src/config/load.ts?2:72
[ 1478095ms] [WARNING] %c%s%c 
Config warnings for "ashish-interiors":

  warning  sections.inquiryForm.accessKeyEnv
           names env var "WEB3FORMS_ASHISH", which is not set. The form would render and silently post nowhere — a lost enquiry looks exactly like no enquiry.
 background: #e6e6e6;background: light-dark(rgba(0,0,0,0.1), rgba(255,255,255,0.25));color: #000000;color: light-dark(#000000, #ffffff);border-radius: 2px  Server   @ about://React/Server/webpack-internal:///(rsc)/../backend/src/config/load.ts?2:72
[ 1480014ms] [WARNING] %c%s%c 
Config warnings for "ashish-interiors":

  warning  sections.inquiryForm.accessKeyEnv
           names env var "WEB3FORMS_ASHISH", which is not set. The form would render and silently post nowhere — a lost enquiry looks exactly like no enquiry.
 background: #e6e6e6;background: light-dark(rgba(0,0,0,0.1), rgba(255,255,255,0.25));color: #000000;color: light-dark(#000000, #ffffff);border-radius: 2px  Server   @ about://React/Server/webpack-internal:///(rsc)/../backend/src/config/load.ts?2:72
[ 1483134ms] [WARNING] The resource http://ashish.localhost:3002/_next/static/css/app/layout.css?v=1786550116296 was preloaded using link preload but not used within a few seconds from the window's load event. Please make sure it has an appropriate `as` value and it is preloaded intentionally. @ http://ashish.localhost:3002/:0
[ 1483134ms] [WARNING] The resource http://ashish.localhost:3002/_next/static/css/app/layout.css?v=1786550120136 was preloaded using link preload but not used within a few seconds from the window's load event. Please make sure it has an appropriate `as` value and it is preloaded intentionally. @ http://ashish.localhost:3002/:0
[ 1483328ms] [ERROR] Failed to load resource: the server responded with a status of 404 (Not Found) @ http://ashish.localhost:3002/fonts/archivo/archivo-latin-ext.woff2:0
[ 1486128ms] [ERROR] Failed to load resource: the server responded with a status of 404 (Not Found) @ http://ashish.localhost:3002/fonts/archivo/archivo-latin.woff2:0
[ 1489244ms] [WARNING] The resource http://ashish.localhost:3002/_next/static/css/app/layout.css?v=1786550116296 was preloaded using link preload but not used within a few seconds from the window's load event. Please make sure it has an appropriate `as` value and it is preloaded intentionally. @ http://ashish.localhost:3002/:0
[ 1489244ms] [WARNING] The resource http://ashish.localhost:3002/_next/static/css/app/layout.css?v=1786550120136 was preloaded using link preload but not used within a few seconds from the window's load event. Please make sure it has an appropriate `as` value and it is preloaded intentionally. @ http://ashish.localhost:3002/:0
[ 1489244ms] [WARNING] The resource http://ashish.localhost:3002/_next/static/css/app/layout.css?v=1786550177236 was preloaded using link preload but not used within a few seconds from the window's load event. Please make sure it has an appropriate `as` value and it is preloaded intentionally. @ http://ashish.localhost:3002/:0
[ 1489244ms] [WARNING] The resource http://ashish.localhost:3002/_next/static/css/app/layout.css?v=1786550179676 was preloaded using link preload but not used within a few seconds from the window's load event. Please make sure it has an appropriate `as` value and it is preloaded intentionally. @ http://ashish.localhost:3002/:0
[ 1493900ms] [LOG] [Fast Refresh] rebuilding @ webpack-internal:///(app-pages-browser)/../node_modules/next/dist/client/dev/hot-reloader/app/hot-reloader-app.js:196
[ 1496723ms] [LOG] [Fast Refresh] done in 2823ms @ webpack-internal:///(app-pages-browser)/../node_modules/next/dist/client/dev/report-hmr-latency.js:13
[ 1497452ms] [LOG] [Fast Refresh] rebuilding @ webpack-internal:///(app-pages-browser)/../node_modules/next/dist/client/dev/hot-reloader/app/hot-reloader-app.js:196
[ 1498345ms] [LOG] [Fast Refresh] done in 893ms @ webpack-internal:///(app-pages-browser)/../node_modules/next/dist/client/dev/report-hmr-latency.js:13
[ 1501352ms] [WARNING] The resource http://ashish.localhost:3002/_next/static/css/app/layout.css?v=1786550116296 was preloaded using link preload but not used within a few seconds from the window's load event. Please make sure it has an appropriate `as` value and it is preloaded intentionally. @ http://ashish.localhost:3002/:0
[ 1501352ms] [WARNING] The resource http://ashish.localhost:3002/_next/static/css/app/layout.css?v=1786550120136 was preloaded using link preload but not used within a few seconds from the window's load event. Please make sure it has an appropriate `as` value and it is preloaded intentionally. @ http://ashish.localhost:3002/:0
[ 1501352ms] [WARNING] The resource http://ashish.localhost:3002/_next/static/css/app/layout.css?v=1786550177236 was preloaded using link preload but not used within a few seconds from the window's load event. Please make sure it has an appropriate `as` value and it is preloaded intentionally. @ http://ashish.localhost:3002/:0
[ 1501352ms] [WARNING] The resource http://ashish.localhost:3002/_next/static/css/app/layout.css?v=1786550179676 was preloaded using link preload but not used within a few seconds from the window's load event. Please make sure it has an appropriate `as` value and it is preloaded intentionally. @ http://ashish.localhost:3002/:0
[ 1502089ms] [ERROR] Failed to load resource: the server responded with a status of 500 (Internal Server Error) @ http://ashish.localhost:3002/?_rsc=2ZL8-t2IdCHEVvgs:0
[ 1504004ms] [ERROR] Failed to load resource: the server responded with a status of 500 (Internal Server Error) @ http://ashish.localhost:3002/:0
[ 1505993ms] [INFO] %cDownload the React DevTools for a better development experience: https://react.dev/link/react-devtools font-weight:bold @ webpack-internal:///(pages-dir-browser)/../node_modules/react-dom/cjs/react-dom-client.development.js:28004
[ 1506307ms] TypeError: __webpack_modules__[moduleId] is not a function
    at __webpack_require__ (file://C:\work\studio presence\frontend\.next\server\webpack-runtime.js:25:42)
    at eval (webpack-internal:///(rsc)/../node_modules/next/dist/server/app-render/encryption-utils.js:40:35)
    at <unknown> (rsc)/../node_modules/next/dist/server/app-render/encryption-utils.js (C:\work\studio presence\frontend\.next\server\vendor-chunks\next.js:1902:1)
    at __webpack_require__ (file://C:\work\studio presence\frontend\.next\server\webpack-runtime.js:25:42)
    at eval (webpack-internal:///(rsc)/../node_modules/next/dist/build/webpack/loaders/next-app-loader/index.js?name=app%2F%5Btenant%5D%2F(site)%2Fpage&page=%2F%5Btenant%5D%2F(site)%2Fpage&appPaths=%2F%5Btenant%5D%2F(site)%2Fpage&pagePath=private-next-app-dir%2F%5Btenant%5D%2F(site)%2Fpage.tsx&appDir=C%3A%5Cwork%5Cstudio%20presence%5Cfrontend%5Capp&pageExtensions=tsx&pageExtensions=ts&pageExtensions=jsx&pageExtensions=js&rootDir=C%3A%5Cwork%5Cstudio%20presence%5Cfrontend&isDev=true&tsconfigPath=tsconfig.json&basePath=&assetPrefix=&nextConfigOutput=&preferredRegion=&middlewareConfig=e30%3D&isGlobalNotFoundEnabled=!:28:103)
    at <unknown> (rsc)/../node_modules/next/dist/build/webpack/loaders/next-app-loader/index.js?name=app%2F%5Btenant%5D%2F(site)%2Fpage&page=%2F%5Btenant%5D%2F(site)%2Fpage&appPaths=%2F%5Btenant%5D%2F(site)%2Fpage&pagePath=private-next-app-dir%2F%5Btenant%5D%2F(site)%2Fpage.tsx&appDir=C%3A%5Cwork%5Cstudio%20presence%5Cfrontend%5Capp&pageExtensions=tsx&pageExtensions=ts&pageExtensions=jsx&pageExtensions=js&rootDir=C%3A%5Cwork%5Cstudio%20presence%5Cfrontend&isDev=true&tsconfigPath=tsconfig.json&basePath=&assetPrefix=&nextConfigOutput=&preferredRegion=&middlewareConfig=e30%3D&isGlobalNotFoundEnabled=! (C:\work\studio presence\frontend\.next\server\app\[tenant]\(site)\page.js:198:1)
    at __webpack_require__ (file://C:\work\studio presence\frontend\.next\server\webpack-runtime.js:25:42)
    at __webpack_exec__ (file://C:\work\studio presence\frontend\.next\server\app\[tenant]\(site)\page.js:1014:39)
    at <unknown> (file://C:\work\studio presence\frontend\.next\server\app\[tenant]\(site)\page.js:1015:199)
    at __webpack_require__.X (file://C:\work\studio presence\frontend\.next\server\webpack-runtime.js:155:21)
    at <unknown> (file://C:\work\studio presence\frontend\.next\server\app\[tenant]\(site)\page.js:1015:47)
    at Object.<anonymous> (file://C:\work\studio presence\frontend\.next\server\app\[tenant]\(site)\page.js:1018:3)
    at Module._compile (node:internal/modules/cjs/loader:1760:14)
    at Object..js (node:internal/modules/cjs/loader:1892:10)
    at Module.load (node:internal/modules/cjs/loader:1480:32)
    at Module._load (node:internal/modules/cjs/loader:1299:12)
    at TracingChannel.traceSync (node:diagnostics_channel:328:14)
    at wrapModuleLoad (node:internal/modules/cjs/loader:245:24)
    at Module.<anonymous> (node:internal/modules/cjs/loader:1503:12)
    at mod.require (file://C:\work\studio presence\node_modules\next\dist\server\require-hook.js:68:28)
    at require (node:internal/modules/helpers:152:16)
    at requirePage (file://C:\work\studio presence\node_modules\next\dist\server\require.js:99:80)
    at loadComponentsImpl (file://C:\work\studio presence\node_modules\next\dist\server\load-components.js:132:57)
    at async DevServer.findPageComponentsImpl (file://C:\work\studio presence\node_modules\next\dist\server\next-server.js:900:36)
    at async DevServer.findPageComponents (file://C:\work\studio presence\node_modules\next\dist\server\dev\next-dev-server.js:706:16)
    at async DevServer.renderPageComponent (file://C:\work\studio presence\node_modules\next\dist\server\base-server.js:1468:24)
    at async DevServer.renderToResponseImpl (file://C:\work\studio presence\node_modules\next\dist\server\base-server.js:1522:32)
    at async DevServer.pipeImpl (file://C:\work\studio presence\node_modules\next\dist\server\base-server.js:1026:25)
    at async NextNodeServer.handleCatchallRenderRequest (file://C:\work\studio presence\node_modules\next\dist\server\next-server.js:394:17)
    at async DevServer.handleRequestImpl (file://C:\work\studio presence\node_modules\next\dist\server\base-server.js:917:17)
    at async (file://C:\work\studio presence\node_modules\next\dist\server\dev\next-dev-server.js:400:20)
    at async Span.traceAsyncFn (file://C:\work\studio presence\node_modules\next\dist\trace\trace.js:157:20)
    at async DevServer.handleRequest (file://C:\work\studio presence\node_modules\next\dist\server\dev\next-dev-server.js:396:24)
    at async invokeRender (file://C:\work\studio presence\node_modules\next\dist\server\lib\router-server.js:240:21)
    at async handleRequest (file://C:\work\studio presence\node_modules\next\dist\server\lib\router-server.js:437:24)
    at async requestHandlerImpl (file://C:\work\studio presence\node_modules\next\dist\server\lib\router-server.js:485:13)
    at async Server.requestListener (file://C:\work\studio presence\node_modules\next\dist\server\lib\start-server.js:226:13)
[ 1506282ms] [LOG] [HMR] connected @ webpack-internal:///(pages-dir-browser)/../node_modules/next/dist/client/dev/hot-reloader/pages/websocket.js:45
[ 1595755ms] [LOG] [Fast Refresh] rebuilding @ webpack-internal:///(pages-dir-browser)/../node_modules/next/dist/client/dev/hot-reloader/pages/hot-reloader-pages.js:206
[ 1621640ms] [WARNING] [Fast Refresh] performing full reload because your application had an unrecoverable error @ webpack-internal:///(pages-dir-browser)/../node_modules/next/dist/client/dev/hot-reloader/pages/hot-reloader-pages.js:347
[ 1649185ms] [ERROR] Failed to load resource: the server responded with a status of 404 (Not Found) @ http://ashish.localhost:3002/fonts/archivo/archivo-latin-ext.woff2:0
[ 1653982ms] [ERROR] Failed to load resource: the server responded with a status of 404 (Not Found) @ http://ashish.localhost:3002/fonts/archivo/archivo-latin.woff2:0
[ 1654730ms] [INFO] %cDownload the React DevTools for a better development experience: https://react.dev/link/react-devtools font-weight:bold @ webpack-internal:///(app-pages-browser)/../node_modules/next/dist/compiled/react-dom/cjs/react-dom-client.development.js:25630
[ 1654844ms] [WARNING] %c%s%c 
Config warnings for "ashish-interiors":

  warning  sections.inquiryForm.accessKeyEnv
           names env var "WEB3FORMS_ASHISH", which is not set. The form would render and silently post nowhere — a lost enquiry looks exactly like no enquiry.
 background: #e6e6e6;background: light-dark(rgba(0,0,0,0.1), rgba(255,255,255,0.25));color: #000000;color: light-dark(#000000, #ffffff);border-radius: 2px  Server   @ about://React/Server/webpack-internal:///(rsc)/../backend/src/config/load.ts?2:72
[ 1654845ms] [WARNING] %c%s%c 
Config warnings for "ashish-interiors":

  warning  sections.inquiryForm.accessKeyEnv
           names env var "WEB3FORMS_ASHISH", which is not set. The form would render and silently post nowhere — a lost enquiry looks exactly like no enquiry.
 background: #e6e6e6;background: light-dark(rgba(0,0,0,0.1), rgba(255,255,255,0.25));color: #000000;color: light-dark(#000000, #ffffff);border-radius: 2px  Server   @ about://React/Server/webpack-internal:///(rsc)/../backend/src/config/load.ts?2:72
[ 1654845ms] [WARNING] %c%s%c 
Config warnings for "ashish-interiors":

  warning  sections.inquiryForm.accessKeyEnv
           names env var "WEB3FORMS_ASHISH", which is not set. The form would render and silently post nowhere — a lost enquiry looks exactly like no enquiry.
 background: #e6e6e6;background: light-dark(rgba(0,0,0,0.1), rgba(255,255,255,0.25));color: #000000;color: light-dark(#000000, #ffffff);border-radius: 2px  Server   @ about://React/Server/webpack-internal:///(rsc)/../backend/src/config/load.ts?2:72
[ 1658365ms] [WARNING] The resource http://ashish.localhost:3002/_next/static/css/app/layout.css?v=1786550341352 was preloaded using link preload but not used within a few seconds from the window's load event. Please make sure it has an appropriate `as` value and it is preloaded intentionally. @ http://ashish.localhost:3002/:0
[ 1658366ms] [WARNING] The resource http://ashish.localhost:3002/_next/static/css/app/layout.css?v=1786550346722 was preloaded using link preload but not used within a few seconds from the window's load event. Please make sure it has an appropriate `as` value and it is preloaded intentionally. @ http://ashish.localhost:3002/:0
[ 1830967ms] [LOG] [Fast Refresh] rebuilding @ webpack-internal:///(app-pages-browser)/../node_modules/next/dist/client/dev/hot-reloader/app/hot-reloader-app.js:196
[ 1835384ms] [LOG] [Fast Refresh] done in 4418ms @ webpack-internal:///(app-pages-browser)/../node_modules/next/dist/client/dev/report-hmr-latency.js:13
[ 1838396ms] [WARNING] The resource http://ashish.localhost:3002/_next/static/css/app/layout.css?v=1786550341352 was preloaded using link preload but not used within a few seconds from the window's load event. Please make sure it has an appropriate `as` value and it is preloaded intentionally. @ http://ashish.localhost:3002/:0
[ 1838397ms] [WARNING] The resource http://ashish.localhost:3002/_next/static/css/app/layout.css?v=1786550346722 was preloaded using link preload but not used within a few seconds from the window's load event. Please make sure it has an appropriate `as` value and it is preloaded intentionally. @ http://ashish.localhost:3002/:0
[ 1841715ms] [WARNING] %c%s%c 
Config warnings for "ashish-interiors":

  warning  sections.inquiryForm.accessKeyEnv
           names env var "WEB3FORMS_ASHISH", which is not set. The form would render and silently post nowhere — a lost enquiry looks exactly like no enquiry.
 background: #e6e6e6;background: light-dark(rgba(0,0,0,0.1), rgba(255,255,255,0.25));color: #000000;color: light-dark(#000000, #ffffff);border-radius: 2px  Server   @ about://React/Server/webpack-internal:///(rsc)/../backend/src/config/load.ts?2:72
[ 1841716ms] [WARNING] %c%s%c 
Config warnings for "ashish-interiors":

  warning  sections.inquiryForm.accessKeyEnv
           names env var "WEB3FORMS_ASHISH", which is not set. The form would render and silently post nowhere — a lost enquiry looks exactly like no enquiry.
 background: #e6e6e6;background: light-dark(rgba(0,0,0,0.1), rgba(255,255,255,0.25));color: #000000;color: light-dark(#000000, #ffffff);border-radius: 2px  Server   @ about://React/Server/webpack-internal:///(rsc)/../backend/src/config/load.ts?2:72
[ 1844258ms] [WARNING] %c%s%c 
Config warnings for "ashish-interiors":

  warning  sections.inquiryForm.accessKeyEnv
           names env var "WEB3FORMS_ASHISH", which is not set. The form would render and silently post nowhere — a lost enquiry looks exactly like no enquiry.
 background: #e6e6e6;background: light-dark(rgba(0,0,0,0.1), rgba(255,255,255,0.25));color: #000000;color: light-dark(#000000, #ffffff);border-radius: 2px  Server   @ about://React/Server/webpack-internal:///(rsc)/../backend/src/config/load.ts?2:72
[ 1847345ms] [WARNING] The resource http://ashish.localhost:3002/_next/static/css/app/layout.css?v=1786550341352 was preloaded using link preload but not used within a few seconds from the window's load event. Please make sure it has an appropriate `as` value and it is preloaded intentionally. @ http://ashish.localhost:3002/:0
[ 1847345ms] [WARNING] The resource http://ashish.localhost:3002/_next/static/css/app/layout.css?v=1786550346722 was preloaded using link preload but not used within a few seconds from the window's load event. Please make sure it has an appropriate `as` value and it is preloaded intentionally. @ http://ashish.localhost:3002/:0
[ 1856112ms] [ERROR] Failed to load resource: the server responded with a status of 404 (Not Found) @ http://ashish.localhost:3002/fonts/archivo/archivo-latin-ext.woff2:0
[ 1857658ms] [ERROR] Failed to load resource: the server responded with a status of 404 (Not Found) @ http://ashish.localhost:3002/fonts/archivo/archivo-latin.woff2:0
[ 1860695ms] [WARNING] The resource http://ashish.localhost:3002/_next/static/css/app/layout.css?v=1786550549940 was preloaded using link preload but not used within a few seconds from the window's load event. Please make sure it has an appropriate `as` value and it is preloaded intentionally. @ http://ashish.localhost:3002/:0
[ 1860695ms] [WARNING] The resource http://ashish.localhost:3002/_next/static/css/app/layout.css?v=1786550341352 was preloaded using link preload but not used within a few seconds from the window's load event. Please make sure it has an appropriate `as` value and it is preloaded intentionally. @ http://ashish.localhost:3002/:0
[ 1860695ms] [WARNING] The resource http://ashish.localhost:3002/_next/static/css/app/layout.css?v=1786550346722 was preloaded using link preload but not used within a few seconds from the window's load event. Please make sure it has an appropriate `as` value and it is preloaded intentionally. @ http://ashish.localhost:3002/:0
[ 1860695ms] [WARNING] The resource http://ashish.localhost:3002/_next/static/css/app/layout.css?v=1786550552158 was preloaded using link preload but not used within a few seconds from the window's load event. Please make sure it has an appropriate `as` value and it is preloaded intentionally. @ http://ashish.localhost:3002/:0
[ 2196840ms] [LOG] [Fast Refresh] rebuilding @ webpack-internal:///(app-pages-browser)/../node_modules/next/dist/client/dev/hot-reloader/app/hot-reloader-app.js:196
[ 2204534ms] [LOG] [Fast Refresh] rebuilding @ webpack-internal:///(app-pages-browser)/../node_modules/next/dist/client/dev/hot-reloader/app/hot-reloader-app.js:196
[ 2205758ms] [LOG] [Fast Refresh] done in 1224ms @ webpack-internal:///(app-pages-browser)/../node_modules/next/dist/client/dev/report-hmr-latency.js:13
[ 2207752ms] [LOG] [Fast Refresh] done in 3218ms @ webpack-internal:///(app-pages-browser)/../node_modules/next/dist/client/dev/report-hmr-latency.js:13
[ 2210262ms] [ERROR] Failed to load resource: the server responded with a status of 500 (Internal Server Error) @ http://ashish.localhost:3002/?_rsc=2ZL8-t2IdCHEVvgs:0
[ 2210761ms] [WARNING] The resource http://ashish.localhost:3002/_next/static/css/app/layout.css?v=1786550549940 was preloaded using link preload but not used within a few seconds from the window's load event. Please make sure it has an appropriate `as` value and it is preloaded intentionally. @ http://ashish.localhost:3002/:0
[ 2210761ms] [WARNING] The resource http://ashish.localhost:3002/_next/static/css/app/layout.css?v=1786550341352 was preloaded using link preload but not used within a few seconds from the window's load event. Please make sure it has an appropriate `as` value and it is preloaded intentionally. @ http://ashish.localhost:3002/:0
[ 2210761ms] [WARNING] The resource http://ashish.localhost:3002/_next/static/css/app/layout.css?v=1786550346722 was preloaded using link preload but not used within a few seconds from the window's load event. Please make sure it has an appropriate `as` value and it is preloaded intentionally. @ http://ashish.localhost:3002/:0
[ 2210761ms] [WARNING] The resource http://ashish.localhost:3002/_next/static/css/app/layout.css?v=1786550552158 was preloaded using link preload but not used within a few seconds from the window's load event. Please make sure it has an appropriate `as` value and it is preloaded intentionally. @ http://ashish.localhost:3002/:0
[ 2211755ms] [ERROR] Failed to load resource: the server responded with a status of 500 (Internal Server Error) @ http://ashish.localhost:3002/?_rsc=2ZL8-t2IdCHEVvgs:0
[ 2211791ms] [LOG] [Fast Refresh] rebuilding @ webpack-internal:///(app-pages-browser)/../node_modules/next/dist/client/dev/hot-reloader/app/hot-reloader-app.js:196
[ 2214758ms] [WARNING] The resource http://ashish.localhost:3002/_next/static/css/app/layout.css?v=1786550549940 was preloaded using link preload but not used within a few seconds from the window's load event. Please make sure it has an appropriate `as` value and it is preloaded intentionally. @ http://ashish.localhost:3002/:0
[ 2214758ms] [WARNING] The resource http://ashish.localhost:3002/_next/static/css/app/layout.css?v=1786550341352 was preloaded using link preload but not used within a few seconds from the window's load event. Please make sure it has an appropriate `as` value and it is preloaded intentionally. @ http://ashish.localhost:3002/:0
[ 2214759ms] [WARNING] The resource http://ashish.localhost:3002/_next/static/css/app/layout.css?v=1786550346722 was preloaded using link preload but not used within a few seconds from the window's load event. Please make sure it has an appropriate `as` value and it is preloaded intentionally. @ http://ashish.localhost:3002/:0
[ 2214759ms] [WARNING] The resource http://ashish.localhost:3002/_next/static/css/app/layout.css?v=1786550552158 was preloaded using link preload but not used within a few seconds from the window's load event. Please make sure it has an appropriate `as` value and it is preloaded intentionally. @ http://ashish.localhost:3002/:0
[ 2215552ms] [LOG] [Fast Refresh] done in 3760ms @ webpack-internal:///(app-pages-browser)/../node_modules/next/dist/client/dev/report-hmr-latency.js:13
[ 2217842ms] [ERROR] Failed to load resource: the server responded with a status of 500 (Internal Server Error) @ http://ashish.localhost:3002/:0
[ 2220153ms] [INFO] %cDownload the React DevTools for a better development experience: https://react.dev/link/react-devtools font-weight:bold @ webpack-internal:///(pages-dir-browser)/../node_modules/react-dom/cjs/react-dom-client.development.js:28004
[ 2220513ms] TypeError: __webpack_modules__[moduleId] is not a function
    at __webpack_require__ (file://C:\work\studio presence\frontend\.next\server\webpack-runtime.js:25:42)
    at eval (webpack-internal:///(rsc)/../node_modules/next/dist/server/app-render/encryption-utils.js:40:35)
    at <unknown> (rsc)/../node_modules/next/dist/server/app-render/encryption-utils.js (C:\work\studio presence\frontend\.next\server\vendor-chunks\next.js:1902:1)
    at __webpack_require__ (file://C:\work\studio presence\frontend\.next\server\webpack-runtime.js:25:42)
    at eval (webpack-internal:///(rsc)/../node_modules/next/dist/build/webpack/loaders/next-app-loader/index.js?name=app%2F%5Btenant%5D%2F(site)%2Fpage&page=%2F%5Btenant%5D%2F(site)%2Fpage&appPaths=%2F%5Btenant%5D%2F(site)%2Fpage&pagePath=private-next-app-dir%2F%5Btenant%5D%2F(site)%2Fpage.tsx&appDir=C%3A%5Cwork%5Cstudio%20presence%5Cfrontend%5Capp&pageExtensions=tsx&pageExtensions=ts&pageExtensions=jsx&pageExtensions=js&rootDir=C%3A%5Cwork%5Cstudio%20presence%5Cfrontend&isDev=true&tsconfigPath=tsconfig.json&basePath=&assetPrefix=&nextConfigOutput=&preferredRegion=&middlewareConfig=e30%3D&isGlobalNotFoundEnabled=!:28:103)
    at <unknown> (rsc)/../node_modules/next/dist/build/webpack/loaders/next-app-loader/index.js?name=app%2F%5Btenant%5D%2F(site)%2Fpage&page=%2F%5Btenant%5D%2F(site)%2Fpage&appPaths=%2F%5Btenant%5D%2F(site)%2Fpage&pagePath=private-next-app-dir%2F%5Btenant%5D%2F(site)%2Fpage.tsx&appDir=C%3A%5Cwork%5Cstudio%20presence%5Cfrontend%5Capp&pageExtensions=tsx&pageExtensions=ts&pageExtensions=jsx&pageExtensions=js&rootDir=C%3A%5Cwork%5Cstudio%20presence%5Cfrontend&isDev=true&tsconfigPath=tsconfig.json&basePath=&assetPrefix=&nextConfigOutput=&preferredRegion=&middlewareConfig=e30%3D&isGlobalNotFoundEnabled=! (C:\work\studio presence\frontend\.next\server\app\[tenant]\(site)\page.js:198:1)
    at __webpack_require__ (file://C:\work\studio presence\frontend\.next\server\webpack-runtime.js:25:42)
    at __webpack_exec__ (file://C:\work\studio presence\frontend\.next\server\app\[tenant]\(site)\page.js:1014:39)
    at <unknown> (file://C:\work\studio presence\frontend\.next\server\app\[tenant]\(site)\page.js:1015:199)
    at __webpack_require__.X (file://C:\work\studio presence\frontend\.next\server\webpack-runtime.js:155:21)
    at <unknown> (file://C:\work\studio presence\frontend\.next\server\app\[tenant]\(site)\page.js:1015:47)
    at Object.<anonymous> (file://C:\work\studio presence\frontend\.next\server\app\[tenant]\(site)\page.js:1018:3)
    at Module._compile (node:internal/modules/cjs/loader:1760:14)
    at Object..js (node:internal/modules/cjs/loader:1892:10)
    at Module.load (node:internal/modules/cjs/loader:1480:32)
    at Module._load (node:internal/modules/cjs/loader:1299:12)
    at TracingChannel.traceSync (node:diagnostics_channel:328:14)
    at wrapModuleLoad (node:internal/modules/cjs/loader:245:24)
    at Module.<anonymous> (node:internal/modules/cjs/loader:1503:12)
    at mod.require (file://C:\work\studio presence\node_modules\next\dist\server\require-hook.js:68:28)
    at require (node:internal/modules/helpers:152:16)
    at requirePage (file://C:\work\studio presence\node_modules\next\dist\server\require.js:99:80)
    at loadComponentsImpl (file://C:\work\studio presence\node_modules\next\dist\server\load-components.js:132:57)
    at async DevServer.findPageComponentsImpl (file://C:\work\studio presence\node_modules\next\dist\server\next-server.js:900:36)
    at async DevServer.findPageComponents (file://C:\work\studio presence\node_modules\next\dist\server\dev\next-dev-server.js:706:16)
    at async DevServer.renderPageComponent (file://C:\work\studio presence\node_modules\next\dist\server\base-server.js:1468:24)
    at async DevServer.renderToResponseImpl (file://C:\work\studio presence\node_modules\next\dist\server\base-server.js:1522:32)
    at async DevServer.pipeImpl (file://C:\work\studio presence\node_modules\next\dist\server\base-server.js:1026:25)
    at async NextNodeServer.handleCatchallRenderRequest (file://C:\work\studio presence\node_modules\next\dist\server\next-server.js:394:17)
    at async DevServer.handleRequestImpl (file://C:\work\studio presence\node_modules\next\dist\server\base-server.js:917:17)
    at async (file://C:\work\studio presence\node_modules\next\dist\server\dev\next-dev-server.js:400:20)
    at async Span.traceAsyncFn (file://C:\work\studio presence\node_modules\next\dist\trace\trace.js:157:20)
    at async DevServer.handleRequest (file://C:\work\studio presence\node_modules\next\dist\server\dev\next-dev-server.js:396:24)
    at async invokeRender (file://C:\work\studio presence\node_modules\next\dist\server\lib\router-server.js:240:21)
    at async handleRequest (file://C:\work\studio presence\node_modules\next\dist\server\lib\router-server.js:437:24)
    at async requestHandlerImpl (file://C:\work\studio presence\node_modules\next\dist\server\lib\router-server.js:485:13)
    at async Server.requestListener (file://C:\work\studio presence\node_modules\next\dist\server\lib\start-server.js:226:13)
[ 2220507ms] [LOG] [HMR] connected @ webpack-internal:///(pages-dir-browser)/../node_modules/next/dist/client/dev/hot-reloader/pages/websocket.js:45
[ 2222812ms] [LOG] [Fast Refresh] rebuilding @ webpack-internal:///(pages-dir-browser)/../node_modules/next/dist/client/dev/hot-reloader/pages/hot-reloader-pages.js:206
[ 2226649ms] [WARNING] [Fast Refresh] performing full reload because your application had an unrecoverable error @ webpack-internal:///(pages-dir-browser)/../node_modules/next/dist/client/dev/hot-reloader/pages/hot-reloader-pages.js:347
[ 2240829ms] [INFO] %cDownload the React DevTools for a better development experience: https://react.dev/link/react-devtools font-weight:bold @ webpack-internal:///(app-pages-browser)/../node_modules/next/dist/compiled/react-dom/cjs/react-dom-client.development.js:25630
[ 2240981ms] [WARNING] %c%s%c 
Config warnings for "ashish-interiors":

  warning  sections.inquiryForm.accessKeyEnv
           names env var "WEB3FORMS_ASHISH", which is not set. The form would render and silently post nowhere — a lost enquiry looks exactly like no enquiry.
 background: #e6e6e6;background: light-dark(rgba(0,0,0,0.1), rgba(255,255,255,0.25));color: #000000;color: light-dark(#000000, #ffffff);border-radius: 2px  Server   @ about://React/Server/webpack-internal:///(rsc)/../backend/src/config/load.ts?2:72
[ 2240983ms] [WARNING] %c%s%c 
Config warnings for "ashish-interiors":

  warning  sections.inquiryForm.accessKeyEnv
           names env var "WEB3FORMS_ASHISH", which is not set. The form would render and silently post nowhere — a lost enquiry looks exactly like no enquiry.
 background: #e6e6e6;background: light-dark(rgba(0,0,0,0.1), rgba(255,255,255,0.25));color: #000000;color: light-dark(#000000, #ffffff);border-radius: 2px  Server   @ about://React/Server/webpack-internal:///(rsc)/../backend/src/config/load.ts?2:72
[ 2240983ms] [WARNING] %c%s%c 
Config warnings for "ashish-interiors":

  warning  sections.inquiryForm.accessKeyEnv
           names env var "WEB3FORMS_ASHISH", which is not set. The form would render and silently post nowhere — a lost enquiry looks exactly like no enquiry.
 background: #e6e6e6;background: light-dark(rgba(0,0,0,0.1), rgba(255,255,255,0.25));color: #000000;color: light-dark(#000000, #ffffff);border-radius: 2px  Server   @ about://React/Server/webpack-internal:///(rsc)/../backend/src/config/load.ts?2:72
[ 2242752ms] [ERROR] Failed to load resource: the server responded with a status of 404 (Not Found) @ http://ashish.localhost:3002/fonts/archivo/archivo-latin-ext.woff2:0
[ 2244778ms] [LOG] [Fast Refresh] rebuilding @ webpack-internal:///(app-pages-browser)/../node_modules/next/dist/client/dev/hot-reloader/app/hot-reloader-app.js:196
[ 2244995ms] [ERROR] Failed to load resource: the server responded with a status of 404 (Not Found) @ http://ashish.localhost:3002/fonts/archivo/archivo-latin.woff2:0
[ 2247410ms] [LOG] [Fast Refresh] done in 2633ms @ webpack-internal:///(app-pages-browser)/../node_modules/next/dist/client/dev/report-hmr-latency.js:13
[ 2250418ms] [WARNING] The resource http://ashish.localhost:3002/_next/static/css/app/layout.css?v=1786550936453 was preloaded using link preload but not used within a few seconds from the window's load event. Please make sure it has an appropriate `as` value and it is preloaded intentionally. @ http://ashish.localhost:3002/:0
[ 2250418ms] [WARNING] The resource http://ashish.localhost:3002/_next/static/css/app/layout.css?v=1786550939434 was preloaded using link preload but not used within a few seconds from the window's load event. Please make sure it has an appropriate `as` value and it is preloaded intentionally. @ http://ashish.localhost:3002/:0
[ 2258115ms] [LOG] [Fast Refresh] rebuilding @ webpack-internal:///(app-pages-browser)/../node_modules/next/dist/client/dev/hot-reloader/app/hot-reloader-app.js:196
[ 2263561ms] [LOG] [Fast Refresh] done in 5447ms @ webpack-internal:///(app-pages-browser)/../node_modules/next/dist/client/dev/report-hmr-latency.js:13
[ 2263573ms] [WARNING] %c%s%c 
Config warnings for "ashish-interiors":

  warning  sections.inquiryForm.accessKeyEnv
           names env var "WEB3FORMS_ASHISH", which is not set. The form would render and silently post nowhere — a lost enquiry looks exactly like no enquiry.
 background: #e6e6e6;background: light-dark(rgba(0,0,0,0.1), rgba(255,255,255,0.25));color: #000000;color: light-dark(#000000, #ffffff);border-radius: 2px  Server   @ about://React/Server/webpack-internal:///(rsc)/../backend/src/config/load.ts?2:72
[ 2263578ms] [WARNING] %c%s%c 
Config warnings for "ashish-interiors":

  warning  sections.inquiryForm.accessKeyEnv
           names env var "WEB3FORMS_ASHISH", which is not set. The form would render and silently post nowhere — a lost enquiry looks exactly like no enquiry.
 background: #e6e6e6;background: light-dark(rgba(0,0,0,0.1), rgba(255,255,255,0.25));color: #000000;color: light-dark(#000000, #ffffff);border-radius: 2px  Server   @ about://React/Server/webpack-internal:///(rsc)/../backend/src/config/load.ts?2:72
[ 2266278ms] [WARNING] %c%s%c 
Config warnings for "ashish-interiors":

  warning  sections.inquiryForm.accessKeyEnv
           names env var "WEB3FORMS_ASHISH", which is not set. The form would render and silently post nowhere — a lost enquiry looks exactly like no enquiry.
 background: #e6e6e6;background: light-dark(rgba(0,0,0,0.1), rgba(255,255,255,0.25));color: #000000;color: light-dark(#000000, #ffffff);border-radius: 2px  Server   @ about://React/Server/webpack-internal:///(rsc)/../backend/src/config/load.ts?2:72
[ 2266278ms] [WARNING] %c%s%c 
Config warnings for "ashish-interiors":

  warning  sections.inquiryForm.accessKeyEnv
           names env var "WEB3FORMS_ASHISH", which is not set. The form would render and silently post nowhere — a lost enquiry looks exactly like no enquiry.
 background: #e6e6e6;background: light-dark(rgba(0,0,0,0.1), rgba(255,255,255,0.25));color: #000000;color: light-dark(#000000, #ffffff);border-radius: 2px  Server   @ about://React/Server/webpack-internal:///(rsc)/../backend/src/config/load.ts?2:72
[ 2267223ms] [WARNING] %c%s%c 
Config warnings for "ashish-interiors":

  warning  sections.inquiryForm.accessKeyEnv
           names env var "WEB3FORMS_ASHISH", which is not set. The form would render and silently post nowhere — a lost enquiry looks exactly like no enquiry.
 background: #e6e6e6;background: light-dark(rgba(0,0,0,0.1), rgba(255,255,255,0.25));color: #000000;color: light-dark(#000000, #ffffff);border-radius: 2px  Server   @ about://React/Server/webpack-internal:///(rsc)/../backend/src/config/load.ts?2:72
[ 2268585ms] [LOG] [Fast Refresh] rebuilding @ webpack-internal:///(app-pages-browser)/../node_modules/next/dist/client/dev/hot-reloader/app/hot-reloader-app.js:196
[ 2270346ms] [WARNING] The resource http://ashish.localhost:3002/_next/static/css/app/layout.css?v=1786550959915 was preloaded using link preload but not used within a few seconds from the window's load event. Please make sure it has an appropriate `as` value and it is preloaded intentionally. @ http://ashish.localhost:3002/:0
[ 2270347ms] [WARNING] The resource http://ashish.localhost:3002/_next/static/css/app/layout.css?v=1786550936453 was preloaded using link preload but not used within a few seconds from the window's load event. Please make sure it has an appropriate `as` value and it is preloaded intentionally. @ http://ashish.localhost:3002/:0
[ 2270347ms] [WARNING] The resource http://ashish.localhost:3002/_next/static/css/app/layout.css?v=1786550939434 was preloaded using link preload but not used within a few seconds from the window's load event. Please make sure it has an appropriate `as` value and it is preloaded intentionally. @ http://ashish.localhost:3002/:0
[ 2271781ms] [WARNING] %c%s%c 
Config warnings for "ashish-interiors":

  warning  sections.inquiryForm.accessKeyEnv
           names env var "WEB3FORMS_ASHISH", which is not set. The form would render and silently post nowhere — a lost enquiry looks exactly like no enquiry.
 background: #e6e6e6;background: light-dark(rgba(0,0,0,0.1), rgba(255,255,255,0.25));color: #000000;color: light-dark(#000000, #ffffff);border-radius: 2px  Server   @ about://React/Server/webpack-internal:///(rsc)/../backend/src/config/load.ts?2:72
[ 2273750ms] [LOG] [Fast Refresh] done in 5164ms @ webpack-internal:///(app-pages-browser)/../node_modules/next/dist/client/dev/report-hmr-latency.js:13
[ 2277021ms] [WARNING] %c%s%c 
Config warnings for "ashish-interiors":

  warning  sections.inquiryForm.accessKeyEnv
           names env var "WEB3FORMS_ASHISH", which is not set. The form would render and silently post nowhere — a lost enquiry looks exactly like no enquiry.
 background: #e6e6e6;background: light-dark(rgba(0,0,0,0.1), rgba(255,255,255,0.25));color: #000000;color: light-dark(#000000, #ffffff);border-radius: 2px  Server   @ about://React/Server/webpack-internal:///(rsc)/../backend/src/config/load.ts?2:72
[ 2277022ms] [WARNING] %c%s%c 
Config warnings for "ashish-interiors":

  warning  sections.inquiryForm.accessKeyEnv
           names env var "WEB3FORMS_ASHISH", which is not set. The form would render and silently post nowhere — a lost enquiry looks exactly like no enquiry.
 background: #e6e6e6;background: light-dark(rgba(0,0,0,0.1), rgba(255,255,255,0.25));color: #000000;color: light-dark(#000000, #ffffff);border-radius: 2px  Server   @ about://React/Server/webpack-internal:///(rsc)/../backend/src/config/load.ts?2:72
[ 2277388ms] [ERROR] Failed to load resource: the server responded with a status of 404 (Not Found) @ http://ashish.localhost:3002/fonts/archivo/archivo-latin-ext.woff2:0
[ 2278026ms] [LOG] [Fast Refresh] rebuilding @ webpack-internal:///(app-pages-browser)/../node_modules/next/dist/client/dev/hot-reloader/app/hot-reloader-app.js:196
[ 2279653ms] [LOG] [Fast Refresh] done in 1627ms @ webpack-internal:///(app-pages-browser)/../node_modules/next/dist/client/dev/report-hmr-latency.js:13
[ 2280135ms] [WARNING] %c%s%c 
Config warnings for "ashish-interiors":

  warning  sections.inquiryForm.accessKeyEnv
           names env var "WEB3FORMS_ASHISH", which is not set. The form would render and silently post nowhere — a lost enquiry looks exactly like no enquiry.
 background: #e6e6e6;background: light-dark(rgba(0,0,0,0.1), rgba(255,255,255,0.25));color: #000000;color: light-dark(#000000, #ffffff);border-radius: 2px  Server   @ about://React/Server/webpack-internal:///(rsc)/../backend/src/config/load.ts?2:72
[ 2280393ms] [WARNING] The resource http://ashish.localhost:3002/_next/static/css/app/layout.css?v=1786550970127 was preloaded using link preload but not used within a few seconds from the window's load event. Please make sure it has an appropriate `as` value and it is preloaded intentionally. @ http://ashish.localhost:3002/:0
[ 2280393ms] [WARNING] The resource http://ashish.localhost:3002/_next/static/css/app/layout.css?v=1786550939434 was preloaded using link preload but not used within a few seconds from the window's load event. Please make sure it has an appropriate `as` value and it is preloaded intentionally. @ http://ashish.localhost:3002/:0
[ 2280393ms] [WARNING] The resource http://ashish.localhost:3002/_next/static/css/app/layout.css?v=1786550936453 was preloaded using link preload but not used within a few seconds from the window's load event. Please make sure it has an appropriate `as` value and it is preloaded intentionally. @ http://ashish.localhost:3002/:0
[ 2281034ms] [LOG] [Fast Refresh] rebuilding @ webpack-internal:///(app-pages-browser)/../node_modules/next/dist/client/dev/hot-reloader/app/hot-reloader-app.js:196
[ 2284308ms] [LOG] [Fast Refresh] done in 3275ms @ webpack-internal:///(app-pages-browser)/../node_modules/next/dist/client/dev/report-hmr-latency.js:13
[ 2288644ms] [ERROR] Failed to load resource: the server responded with a status of 404 (Not Found) @ http://ashish.localhost:3002/fonts/archivo/archivo-latin.woff2:0
[ 2289977ms] [ERROR] Failed to load resource: the server responded with a status of 404 (Not Found) @ http://ashish.localhost:3002/fonts/archivo/archivo-latin-ext.woff2:0
[ 2293077ms] [WARNING] The resource http://ashish.localhost:3002/_next/static/css/app/layout.css?v=1786550970127 was preloaded using link preload but not used within a few seconds from the window's load event. Please make sure it has an appropriate `as` value and it is preloaded intentionally. @ http://ashish.localhost:3002/:0
[ 2293077ms] [WARNING] The resource http://ashish.localhost:3002/_next/static/css/app/layout.css?v=1786550939434 was preloaded using link preload but not used within a few seconds from the window's load event. Please make sure it has an appropriate `as` value and it is preloaded intentionally. @ http://ashish.localhost:3002/:0
[ 2293077ms] [WARNING] The resource http://ashish.localhost:3002/_next/static/css/app/layout.css?v=1786550983835 was preloaded using link preload but not used within a few seconds from the window's load event. Please make sure it has an appropriate `as` value and it is preloaded intentionally. @ http://ashish.localhost:3002/:0
[ 2293077ms] [WARNING] The resource http://ashish.localhost:3002/_next/static/css/app/layout.css?v=1786550936453 was preloaded using link preload but not used within a few seconds from the window's load event. Please make sure it has an appropriate `as` value and it is preloaded intentionally. @ http://ashish.localhost:3002/:0
[ 2302036ms] [ERROR] Failed to load resource: the server responded with a status of 500 (Internal Server Error) @ http://ashish.localhost:3002/?_rsc=2ZL8-t2IdCHEVvgs:0
[ 2305046ms] [WARNING] The resource http://ashish.localhost:3002/_next/static/css/app/layout.css?v=1786550970127 was preloaded using link preload but not used within a few seconds from the window's load event. Please make sure it has an appropriate `as` value and it is preloaded intentionally. @ http://ashish.localhost:3002/:0
[ 2305046ms] [WARNING] The resource http://ashish.localhost:3002/_next/static/css/app/layout.css?v=1786550939434 was preloaded using link preload but not used within a few seconds from the window's load event. Please make sure it has an appropriate `as` value and it is preloaded intentionally. @ http://ashish.localhost:3002/:0
[ 2305046ms] [WARNING] The resource http://ashish.localhost:3002/_next/static/css/app/layout.css?v=1786550983835 was preloaded using link preload but not used within a few seconds from the window's load event. Please make sure it has an appropriate `as` value and it is preloaded intentionally. @ http://ashish.localhost:3002/:0
[ 2305046ms] [WARNING] The resource http://ashish.localhost:3002/_next/static/css/app/layout.css?v=1786550936453 was preloaded using link preload but not used within a few seconds from the window's load event. Please make sure it has an appropriate `as` value and it is preloaded intentionally. @ http://ashish.localhost:3002/:0
[ 2313163ms] [ERROR] Failed to load resource: the server responded with a status of 500 (Internal Server Error) @ http://ashish.localhost:3002/:0
[ 2314314ms] [INFO] %cDownload the React DevTools for a better development experience: https://react.dev/link/react-devtools font-weight:bold @ webpack-internal:///(pages-dir-browser)/../node_modules/react-dom/cjs/react-dom-client.development.js:28004
[ 2314413ms] TypeError: __webpack_modules__[moduleId] is not a function
    at __webpack_require__ (file://C:\work\studio presence\frontend\.next\server\webpack-runtime.js:25:42)
    at eval (webpack-internal:///(rsc)/../node_modules/next/dist/server/app-render/encryption-utils.js:40:35)
    at <unknown> (rsc)/../node_modules/next/dist/server/app-render/encryption-utils.js (C:\work\studio presence\frontend\.next\server\vendor-chunks\next.js:1902:1)
    at __webpack_require__ (file://C:\work\studio presence\frontend\.next\server\webpack-runtime.js:25:42)
    at eval (webpack-internal:///(rsc)/../node_modules/next/dist/build/webpack/loaders/next-app-loader/index.js?name=app%2F%5Btenant%5D%2F(site)%2Fpage&page=%2F%5Btenant%5D%2F(site)%2Fpage&appPaths=%2F%5Btenant%5D%2F(site)%2Fpage&pagePath=private-next-app-dir%2F%5Btenant%5D%2F(site)%2Fpage.tsx&appDir=C%3A%5Cwork%5Cstudio%20presence%5Cfrontend%5Capp&pageExtensions=tsx&pageExtensions=ts&pageExtensions=jsx&pageExtensions=js&rootDir=C%3A%5Cwork%5Cstudio%20presence%5Cfrontend&isDev=true&tsconfigPath=tsconfig.json&basePath=&assetPrefix=&nextConfigOutput=&preferredRegion=&middlewareConfig=e30%3D&isGlobalNotFoundEnabled=!:28:103)
    at <unknown> (rsc)/../node_modules/next/dist/build/webpack/loaders/next-app-loader/index.js?name=app%2F%5Btenant%5D%2F(site)%2Fpage&page=%2F%5Btenant%5D%2F(site)%2Fpage&appPaths=%2F%5Btenant%5D%2F(site)%2Fpage&pagePath=private-next-app-dir%2F%5Btenant%5D%2F(site)%2Fpage.tsx&appDir=C%3A%5Cwork%5Cstudio%20presence%5Cfrontend%5Capp&pageExtensions=tsx&pageExtensions=ts&pageExtensions=jsx&pageExtensions=js&rootDir=C%3A%5Cwork%5Cstudio%20presence%5Cfrontend&isDev=true&tsconfigPath=tsconfig.json&basePath=&assetPrefix=&nextConfigOutput=&preferredRegion=&middlewareConfig=e30%3D&isGlobalNotFoundEnabled=! (C:\work\studio presence\frontend\.next\server\app\[tenant]\(site)\page.js:198:1)
    at __webpack_require__ (file://C:\work\studio presence\frontend\.next\server\webpack-runtime.js:25:42)
    at __webpack_exec__ (file://C:\work\studio presence\frontend\.next\server\app\[tenant]\(site)\page.js:1014:39)
    at <unknown> (file://C:\work\studio presence\frontend\.next\server\app\[tenant]\(site)\page.js:1015:199)
    at __webpack_require__.X (file://C:\work\studio presence\frontend\.next\server\webpack-runtime.js:155:21)
[ 2314375ms] [LOG] [HMR] connected @ webpack-internal:///(pages-dir-browser)/../node_modules/next/dist/client/dev/hot-reloader/pages/websocket.js:45
[ 2329427ms] [ERROR] Failed to load resource: the server responded with a status of 404 (Not Found) @ http://ashish.localhost:3002/_next/static/webpack/c6410539d84900b4.webpack.hot-update.json:0
[ 2329428ms] [WARNING] [Fast Refresh] performing full reload because your application had an unrecoverable error @ webpack-internal:///(pages-dir-browser)/../node_modules/next/dist/client/dev/hot-reloader/pages/hot-reloader-pages.js:347
[ 2336674ms] [ERROR] Failed to load resource: the server responded with a status of 500 (Internal Server Error) @ http://ashish.localhost:3002/:0
[ 2343640ms] [INFO] %cDownload the React DevTools for a better development experience: https://react.dev/link/react-devtools font-weight:bold @ webpack-internal:///(pages-dir-browser)/../node_modules/react-dom/cjs/react-dom-client.development.js:28004
[ 2343785ms] TypeError: __webpack_modules__[moduleId] is not a function
    at __webpack_require__ (file://C:\work\studio presence\frontend\.next\server\webpack-runtime.js:25:42)
    at eval (webpack-internal:///(rsc)/../node_modules/next/dist/server/app-render/encryption-utils.js:40:35)
    at <unknown> (rsc)/../node_modules/next/dist/server/app-render/encryption-utils.js (C:\work\studio presence\frontend\.next\server\vendor-chunks\next.js:1902:1)
    at __webpack_require__ (file://C:\work\studio presence\frontend\.next\server\webpack-runtime.js:25:42)
    at eval (webpack-internal:///(rsc)/../node_modules/next/dist/build/webpack/loaders/next-app-loader/index.js?name=app%2F%5Btenant%5D%2F(site)%2Fpage&page=%2F%5Btenant%5D%2F(site)%2Fpage&appPaths=%2F%5Btenant%5D%2F(site)%2Fpage&pagePath=private-next-app-dir%2F%5Btenant%5D%2F(site)%2Fpage.tsx&appDir=C%3A%5Cwork%5Cstudio%20presence%5Cfrontend%5Capp&pageExtensions=tsx&pageExtensions=ts&pageExtensions=jsx&pageExtensions=js&rootDir=C%3A%5Cwork%5Cstudio%20presence%5Cfrontend&isDev=true&tsconfigPath=tsconfig.json&basePath=&assetPrefix=&nextConfigOutput=&preferredRegion=&middlewareConfig=e30%3D&isGlobalNotFoundEnabled=!:28:103)
    at <unknown> (rsc)/../node_modules/next/dist/build/webpack/loaders/next-app-loader/index.js?name=app%2F%5Btenant%5D%2F(site)%2Fpage&page=%2F%5Btenant%5D%2F(site)%2Fpage&appPaths=%2F%5Btenant%5D%2F(site)%2Fpage&pagePath=private-next-app-dir%2F%5Btenant%5D%2F(site)%2Fpage.tsx&appDir=C%3A%5Cwork%5Cstudio%20presence%5Cfrontend%5Capp&pageExtensions=tsx&pageExtensions=ts&pageExtensions=jsx&pageExtensions=js&rootDir=C%3A%5Cwork%5Cstudio%20presence%5Cfrontend&isDev=true&tsconfigPath=tsconfig.json&basePath=&assetPrefix=&nextConfigOutput=&preferredRegion=&middlewareConfig=e30%3D&isGlobalNotFoundEnabled=! (C:\work\studio presence\frontend\.next\server\app\[tenant]\(site)\page.js:198:1)
    at __webpack_require__ (file://C:\work\studio presence\frontend\.next\server\webpack-runtime.js:25:42)
    at __webpack_exec__ (file://C:\work\studio presence\frontend\.next\server\app\[tenant]\(site)\page.js:1014:39)
    at <unknown> (file://C:\work\studio presence\frontend\.next\server\app\[tenant]\(site)\page.js:1015:199)
    at __webpack_require__.X (file://C:\work\studio presence\frontend\.next\server\webpack-runtime.js:155:21)
[ 2343696ms] [LOG] [HMR] connected @ webpack-internal:///(pages-dir-browser)/../node_modules/next/dist/client/dev/hot-reloader/pages/websocket.js:45
[ 2416486ms] [ERROR] Failed to load resource: the server responded with a status of 404 (Not Found) @ http://ashish.localhost:3002/_next/static/webpack/c6410539d84900b4.webpack.hot-update.json:0
[ 2416487ms] [WARNING] [Fast Refresh] performing full reload because your application had an unrecoverable error @ webpack-internal:///(pages-dir-browser)/../node_modules/next/dist/client/dev/hot-reloader/pages/hot-reloader-pages.js:347
[ 2425426ms] [ERROR] Failed to load resource: the server responded with a status of 500 (Internal Server Error) @ http://ashish.localhost:3002/:0
[ 2427938ms] [INFO] %cDownload the React DevTools for a better development experience: https://react.dev/link/react-devtools font-weight:bold @ webpack-internal:///(pages-dir-browser)/../node_modules/react-dom/cjs/react-dom-client.development.js:28004
[ 2428052ms] TypeError: __webpack_modules__[moduleId] is not a function
    at __webpack_require__ (file://C:\work\studio presence\frontend\.next\server\webpack-runtime.js:25:42)
    at eval (webpack-internal:///(rsc)/../node_modules/next/dist/server/app-render/encryption-utils.js:40:35)
    at <unknown> (rsc)/../node_modules/next/dist/server/app-render/encryption-utils.js (C:\work\studio presence\frontend\.next\server\vendor-chunks\next.js:1902:1)
    at __webpack_require__ (file://C:\work\studio presence\frontend\.next\server\webpack-runtime.js:25:42)
    at eval (webpack-internal:///(rsc)/../node_modules/next/dist/build/webpack/loaders/next-app-loader/index.js?name=app%2F%5Btenant%5D%2F(site)%2Fpage&page=%2F%5Btenant%5D%2F(site)%2Fpage&appPaths=%2F%5Btenant%5D%2F(site)%2Fpage&pagePath=private-next-app-dir%2F%5Btenant%5D%2F(site)%2Fpage.tsx&appDir=C%3A%5Cwork%5Cstudio%20presence%5Cfrontend%5Capp&pageExtensions=tsx&pageExtensions=ts&pageExtensions=jsx&pageExtensions=js&rootDir=C%3A%5Cwork%5Cstudio%20presence%5Cfrontend&isDev=true&tsconfigPath=tsconfig.json&basePath=&assetPrefix=&nextConfigOutput=&preferredRegion=&middlewareConfig=e30%3D&isGlobalNotFoundEnabled=!:28:103)
    at <unknown> (rsc)/../node_modules/next/dist/build/webpack/loaders/next-app-loader/index.js?name=app%2F%5Btenant%5D%2F(site)%2Fpage&page=%2F%5Btenant%5D%2F(site)%2Fpage&appPaths=%2F%5Btenant%5D%2F(site)%2Fpage&pagePath=private-next-app-dir%2F%5Btenant%5D%2F(site)%2Fpage.tsx&appDir=C%3A%5Cwork%5Cstudio%20presence%5Cfrontend%5Capp&pageExtensions=tsx&pageExtensions=ts&pageExtensions=jsx&pageExtensions=js&rootDir=C%3A%5Cwork%5Cstudio%20presence%5Cfrontend&isDev=true&tsconfigPath=tsconfig.json&basePath=&assetPrefix=&nextConfigOutput=&preferredRegion=&middlewareConfig=e30%3D&isGlobalNotFoundEnabled=! (C:\work\studio presence\frontend\.next\server\app\[tenant]\(site)\page.js:198:1)
    at __webpack_require__ (file://C:\work\studio presence\frontend\.next\server\webpack-runtime.js:25:42)
    at __webpack_exec__ (file://C:\work\studio presence\frontend\.next\server\app\[tenant]\(site)\page.js:1014:39)
    at <unknown> (file://C:\work\studio presence\frontend\.next\server\app\[tenant]\(site)\page.js:1015:199)
    at __webpack_require__.X (file://C:\work\studio presence\frontend\.next\server\webpack-runtime.js:155:21)
[ 2427991ms] [LOG] [HMR] connected @ webpack-internal:///(pages-dir-browser)/../node_modules/next/dist/client/dev/hot-reloader/pages/websocket.js:45
[ 2448110ms] [ERROR] Failed to load resource: the server responded with a status of 404 (Not Found) @ http://ashish.localhost:3002/_next/static/webpack/c6410539d84900b4.webpack.hot-update.json:0
[ 2448111ms] [WARNING] [Fast Refresh] performing full reload because your application had an unrecoverable error @ webpack-internal:///(pages-dir-browser)/../node_modules/next/dist/client/dev/hot-reloader/pages/hot-reloader-pages.js:347
[ 2455317ms] [ERROR] Failed to load resource: the server responded with a status of 500 (Internal Server Error) @ http://ashish.localhost:3002/:0
[ 2456923ms] [INFO] %cDownload the React DevTools for a better development experience: https://react.dev/link/react-devtools font-weight:bold @ webpack-internal:///(pages-dir-browser)/../node_modules/react-dom/cjs/react-dom-client.development.js:28004
[ 2457432ms] TypeError: __webpack_modules__[moduleId] is not a function
    at __webpack_require__ (file://C:\work\studio presence\frontend\.next\server\webpack-runtime.js:25:42)
    at eval (webpack-internal:///(rsc)/../node_modules/next/dist/server/app-render/encryption-utils.js:40:35)
    at <unknown> (rsc)/../node_modules/next/dist/server/app-render/encryption-utils.js (C:\work\studio presence\frontend\.next\server\vendor-chunks\next.js:1902:1)
    at __webpack_require__ (file://C:\work\studio presence\frontend\.next\server\webpack-runtime.js:25:42)
    at eval (webpack-internal:///(rsc)/../node_modules/next/dist/build/webpack/loaders/next-app-loader/index.js?name=app%2F%5Btenant%5D%2F(site)%2Fpage&page=%2F%5Btenant%5D%2F(site)%2Fpage&appPaths=%2F%5Btenant%5D%2F(site)%2Fpage&pagePath=private-next-app-dir%2F%5Btenant%5D%2F(site)%2Fpage.tsx&appDir=C%3A%5Cwork%5Cstudio%20presence%5Cfrontend%5Capp&pageExtensions=tsx&pageExtensions=ts&pageExtensions=jsx&pageExtensions=js&rootDir=C%3A%5Cwork%5Cstudio%20presence%5Cfrontend&isDev=true&tsconfigPath=tsconfig.json&basePath=&assetPrefix=&nextConfigOutput=&preferredRegion=&middlewareConfig=e30%3D&isGlobalNotFoundEnabled=!:28:103)
    at <unknown> (rsc)/../node_modules/next/dist/build/webpack/loaders/next-app-loader/index.js?name=app%2F%5Btenant%5D%2F(site)%2Fpage&page=%2F%5Btenant%5D%2F(site)%2Fpage&appPaths=%2F%5Btenant%5D%2F(site)%2Fpage&pagePath=private-next-app-dir%2F%5Btenant%5D%2F(site)%2Fpage.tsx&appDir=C%3A%5Cwork%5Cstudio%20presence%5Cfrontend%5Capp&pageExtensions=tsx&pageExtensions=ts&pageExtensions=jsx&pageExtensions=js&rootDir=C%3A%5Cwork%5Cstudio%20presence%5Cfrontend&isDev=true&tsconfigPath=tsconfig.json&basePath=&assetPrefix=&nextConfigOutput=&preferredRegion=&middlewareConfig=e30%3D&isGlobalNotFoundEnabled=! (C:\work\studio presence\frontend\.next\server\app\[tenant]\(site)\page.js:198:1)
    at __webpack_require__ (file://C:\work\studio presence\frontend\.next\server\webpack-runtime.js:25:42)
    at __webpack_exec__ (file://C:\work\studio presence\frontend\.next\server\app\[tenant]\(site)\page.js:1014:39)
    at <unknown> (file://C:\work\studio presence\frontend\.next\server\app\[tenant]\(site)\page.js:1015:199)
    at __webpack_require__.X (file://C:\work\studio presence\frontend\.next\server\webpack-runtime.js:155:21)
[ 2456979ms] [LOG] [HMR] connected @ webpack-internal:///(pages-dir-browser)/../node_modules/next/dist/client/dev/hot-reloader/pages/websocket.js:45
[ 2472277ms] [ERROR] Failed to load resource: the server responded with a status of 404 (Not Found) @ http://ashish.localhost:3002/_next/static/webpack/c6410539d84900b4.webpack.hot-update.json:0
[ 2472277ms] [WARNING] [Fast Refresh] performing full reload because your application had an unrecoverable error @ webpack-internal:///(pages-dir-browser)/../node_modules/next/dist/client/dev/hot-reloader/pages/hot-reloader-pages.js:347
[ 2477010ms] [ERROR] Failed to load resource: the server responded with a status of 500 (Internal Server Error) @ http://ashish.localhost:3002/:0
[ 2478817ms] [INFO] %cDownload the React DevTools for a better development experience: https://react.dev/link/react-devtools font-weight:bold @ webpack-internal:///(pages-dir-browser)/../node_modules/react-dom/cjs/react-dom-client.development.js:28004
[ 2478882ms] TypeError: __webpack_modules__[moduleId] is not a function
    at __webpack_require__ (file://C:\work\studio presence\frontend\.next\server\webpack-runtime.js:25:42)
    at eval (webpack-internal:///(rsc)/../node_modules/next/dist/server/app-render/encryption-utils.js:40:35)
    at <unknown> (rsc)/../node_modules/next/dist/server/app-render/encryption-utils.js (C:\work\studio presence\frontend\.next\server\vendor-chunks\next.js:1902:1)
    at __webpack_require__ (file://C:\work\studio presence\frontend\.next\server\webpack-runtime.js:25:42)
    at eval (webpack-internal:///(rsc)/../node_modules/next/dist/build/webpack/loaders/next-app-loader/index.js?name=app%2F%5Btenant%5D%2F(site)%2Fpage&page=%2F%5Btenant%5D%2F(site)%2Fpage&appPaths=%2F%5Btenant%5D%2F(site)%2Fpage&pagePath=private-next-app-dir%2F%5Btenant%5D%2F(site)%2Fpage.tsx&appDir=C%3A%5Cwork%5Cstudio%20presence%5Cfrontend%5Capp&pageExtensions=tsx&pageExtensions=ts&pageExtensions=jsx&pageExtensions=js&rootDir=C%3A%5Cwork%5Cstudio%20presence%5Cfrontend&isDev=true&tsconfigPath=tsconfig.json&basePath=&assetPrefix=&nextConfigOutput=&preferredRegion=&middlewareConfig=e30%3D&isGlobalNotFoundEnabled=!:28:103)
    at <unknown> (rsc)/../node_modules/next/dist/build/webpack/loaders/next-app-loader/index.js?name=app%2F%5Btenant%5D%2F(site)%2Fpage&page=%2F%5Btenant%5D%2F(site)%2Fpage&appPaths=%2F%5Btenant%5D%2F(site)%2Fpage&pagePath=private-next-app-dir%2F%5Btenant%5D%2F(site)%2Fpage.tsx&appDir=C%3A%5Cwork%5Cstudio%20presence%5Cfrontend%5Capp&pageExtensions=tsx&pageExtensions=ts&pageExtensions=jsx&pageExtensions=js&rootDir=C%3A%5Cwork%5Cstudio%20presence%5Cfrontend&isDev=true&tsconfigPath=tsconfig.json&basePath=&assetPrefix=&nextConfigOutput=&preferredRegion=&middlewareConfig=e30%3D&isGlobalNotFoundEnabled=! (C:\work\studio presence\frontend\.next\server\app\[tenant]\(site)\page.js:198:1)
    at __webpack_require__ (file://C:\work\studio presence\frontend\.next\server\webpack-runtime.js:25:42)
    at __webpack_exec__ (file://C:\work\studio presence\frontend\.next\server\app\[tenant]\(site)\page.js:1014:39)
    at <unknown> (file://C:\work\studio presence\frontend\.next\server\app\[tenant]\(site)\page.js:1015:199)
    at __webpack_require__.X (file://C:\work\studio presence\frontend\.next\server\webpack-runtime.js:155:21)
[ 2478859ms] [LOG] [HMR] connected @ webpack-internal:///(pages-dir-browser)/../node_modules/next/dist/client/dev/hot-reloader/pages/websocket.js:45
[ 2488399ms] [ERROR] Failed to load resource: the server responded with a status of 404 (Not Found) @ http://ashish.localhost:3002/_next/static/webpack/c6410539d84900b4.webpack.hot-update.json:0
[ 2488400ms] [WARNING] [Fast Refresh] performing full reload because your application had an unrecoverable error @ webpack-internal:///(pages-dir-browser)/../node_modules/next/dist/client/dev/hot-reloader/pages/hot-reloader-pages.js:347
[ 2495039ms] [ERROR] Failed to load resource: the server responded with a status of 500 (Internal Server Error) @ http://ashish.localhost:3002/:0
[ 2497419ms] [INFO] %cDownload the React DevTools for a better development experience: https://react.dev/link/react-devtools font-weight:bold @ webpack-internal:///(pages-dir-browser)/../node_modules/react-dom/cjs/react-dom-client.development.js:28004
[ 2497665ms] TypeError: __webpack_modules__[moduleId] is not a function
    at __webpack_require__ (file://C:\work\studio presence\frontend\.next\server\webpack-runtime.js:25:42)
    at eval (webpack-internal:///(rsc)/../node_modules/next/dist/server/app-render/encryption-utils.js:40:35)
    at <unknown> (rsc)/../node_modules/next/dist/server/app-render/encryption-utils.js (C:\work\studio presence\frontend\.next\server\vendor-chunks\next.js:1902:1)
    at __webpack_require__ (file://C:\work\studio presence\frontend\.next\server\webpack-runtime.js:25:42)
    at eval (webpack-internal:///(rsc)/../node_modules/next/dist/build/webpack/loaders/next-app-loader/index.js?name=app%2F%5Btenant%5D%2F(site)%2Fpage&page=%2F%5Btenant%5D%2F(site)%2Fpage&appPaths=%2F%5Btenant%5D%2F(site)%2Fpage&pagePath=private-next-app-dir%2F%5Btenant%5D%2F(site)%2Fpage.tsx&appDir=C%3A%5Cwork%5Cstudio%20presence%5Cfrontend%5Capp&pageExtensions=tsx&pageExtensions=ts&pageExtensions=jsx&pageExtensions=js&rootDir=C%3A%5Cwork%5Cstudio%20presence%5Cfrontend&isDev=true&tsconfigPath=tsconfig.json&basePath=&assetPrefix=&nextConfigOutput=&preferredRegion=&middlewareConfig=e30%3D&isGlobalNotFoundEnabled=!:28:103)
    at <unknown> (rsc)/../node_modules/next/dist/build/webpack/loaders/next-app-loader/index.js?name=app%2F%5Btenant%5D%2F(site)%2Fpage&page=%2F%5Btenant%5D%2F(site)%2Fpage&appPaths=%2F%5Btenant%5D%2F(site)%2Fpage&pagePath=private-next-app-dir%2F%5Btenant%5D%2F(site)%2Fpage.tsx&appDir=C%3A%5Cwork%5Cstudio%20presence%5Cfrontend%5Capp&pageExtensions=tsx&pageExtensions=ts&pageExtensions=jsx&pageExtensions=js&rootDir=C%3A%5Cwork%5Cstudio%20presence%5Cfrontend&isDev=true&tsconfigPath=tsconfig.json&basePath=&assetPrefix=&nextConfigOutput=&preferredRegion=&middlewareConfig=e30%3D&isGlobalNotFoundEnabled=! (C:\work\studio presence\frontend\.next\server\app\[tenant]\(site)\page.js:198:1)
    at __webpack_require__ (file://C:\work\studio presence\frontend\.next\server\webpack-runtime.js:25:42)
    at __webpack_exec__ (file://C:\work\studio presence\frontend\.next\server\app\[tenant]\(site)\page.js:1014:39)
    at <unknown> (file://C:\work\studio presence\frontend\.next\server\app\[tenant]\(site)\page.js:1015:199)
    at __webpack_require__.X (file://C:\work\studio presence\frontend\.next\server\webpack-runtime.js:155:21)
[ 2497500ms] [LOG] [HMR] connected @ webpack-internal:///(pages-dir-browser)/../node_modules/next/dist/client/dev/hot-reloader/pages/websocket.js:45
[ 2515354ms] [ERROR] Failed to load resource: the server responded with a status of 404 (Not Found) @ http://ashish.localhost:3002/_next/static/webpack/c6410539d84900b4.webpack.hot-update.json:0
[ 2515354ms] [WARNING] [Fast Refresh] performing full reload because your application had an unrecoverable error @ webpack-internal:///(pages-dir-browser)/../node_modules/next/dist/client/dev/hot-reloader/pages/hot-reloader-pages.js:347
[ 2524844ms] [ERROR] Failed to load resource: the server responded with a status of 500 (Internal Server Error) @ http://ashish.localhost:3002/:0
[ 2530382ms] [INFO] %cDownload the React DevTools for a better development experience: https://react.dev/link/react-devtools font-weight:bold @ webpack-internal:///(pages-dir-browser)/../node_modules/react-dom/cjs/react-dom-client.development.js:28004
[ 2530559ms] TypeError: __webpack_modules__[moduleId] is not a function
    at __webpack_require__ (file://C:\work\studio presence\frontend\.next\server\webpack-runtime.js:25:42)
    at eval (webpack-internal:///(rsc)/../node_modules/next/dist/server/app-render/encryption-utils.js:40:35)
    at <unknown> (rsc)/../node_modules/next/dist/server/app-render/encryption-utils.js (C:\work\studio presence\frontend\.next\server\vendor-chunks\next.js:1902:1)
    at __webpack_require__ (file://C:\work\studio presence\frontend\.next\server\webpack-runtime.js:25:42)
    at eval (webpack-internal:///(rsc)/../node_modules/next/dist/build/webpack/loaders/next-app-loader/index.js?name=app%2F%5Btenant%5D%2F(site)%2Fpage&page=%2F%5Btenant%5D%2F(site)%2Fpage&appPaths=%2F%5Btenant%5D%2F(site)%2Fpage&pagePath=private-next-app-dir%2F%5Btenant%5D%2F(site)%2Fpage.tsx&appDir=C%3A%5Cwork%5Cstudio%20presence%5Cfrontend%5Capp&pageExtensions=tsx&pageExtensions=ts&pageExtensions=jsx&pageExtensions=js&rootDir=C%3A%5Cwork%5Cstudio%20presence%5Cfrontend&isDev=true&tsconfigPath=tsconfig.json&basePath=&assetPrefix=&nextConfigOutput=&preferredRegion=&middlewareConfig=e30%3D&isGlobalNotFoundEnabled=!:28:103)
    at <unknown> (rsc)/../node_modules/next/dist/build/webpack/loaders/next-app-loader/index.js?name=app%2F%5Btenant%5D%2F(site)%2Fpage&page=%2F%5Btenant%5D%2F(site)%2Fpage&appPaths=%2F%5Btenant%5D%2F(site)%2Fpage&pagePath=private-next-app-dir%2F%5Btenant%5D%2F(site)%2Fpage.tsx&appDir=C%3A%5Cwork%5Cstudio%20presence%5Cfrontend%5Capp&pageExtensions=tsx&pageExtensions=ts&pageExtensions=jsx&pageExtensions=js&rootDir=C%3A%5Cwork%5Cstudio%20presence%5Cfrontend&isDev=true&tsconfigPath=tsconfig.json&basePath=&assetPrefix=&nextConfigOutput=&preferredRegion=&middlewareConfig=e30%3D&isGlobalNotFoundEnabled=! (C:\work\studio presence\frontend\.next\server\app\[tenant]\(site)\page.js:198:1)
    at __webpack_require__ (file://C:\work\studio presence\frontend\.next\server\webpack-runtime.js:25:42)
    at __webpack_exec__ (file://C:\work\studio presence\frontend\.next\server\app\[tenant]\(site)\page.js:1014:39)
    at <unknown> (file://C:\work\studio presence\frontend\.next\server\app\[tenant]\(site)\page.js:1015:199)
    at __webpack_require__.X (file://C:\work\studio presence\frontend\.next\server\webpack-runtime.js:155:21)
[ 2530437ms] [LOG] [HMR] connected @ webpack-internal:///(pages-dir-browser)/../node_modules/next/dist/client/dev/hot-reloader/pages/websocket.js:45
[ 2559353ms] [ERROR] Failed to load resource: the server responded with a status of 404 (Not Found) @ http://ashish.localhost:3002/_next/static/webpack/c6410539d84900b4.webpack.hot-update.json:0
[ 2559354ms] [WARNING] [Fast Refresh] performing full reload because your application had an unrecoverable error @ webpack-internal:///(pages-dir-browser)/../node_modules/next/dist/client/dev/hot-reloader/pages/hot-reloader-pages.js:347
[ 2564703ms] [ERROR] Failed to load resource: the server responded with a status of 500 (Internal Server Error) @ http://ashish.localhost:3002/:0
[ 2567605ms] [INFO] %cDownload the React DevTools for a better development experience: https://react.dev/link/react-devtools font-weight:bold @ webpack-internal:///(pages-dir-browser)/../node_modules/react-dom/cjs/react-dom-client.development.js:28004
[ 2567793ms] TypeError: __webpack_modules__[moduleId] is not a function
    at __webpack_require__ (file://C:\work\studio presence\frontend\.next\server\webpack-runtime.js:25:42)
    at eval (webpack-internal:///(rsc)/../node_modules/next/dist/server/app-render/encryption-utils.js:40:35)
    at <unknown> (rsc)/../node_modules/next/dist/server/app-render/encryption-utils.js (C:\work\studio presence\frontend\.next\server\vendor-chunks\next.js:1902:1)
    at __webpack_require__ (file://C:\work\studio presence\frontend\.next\server\webpack-runtime.js:25:42)
    at eval (webpack-internal:///(rsc)/../node_modules/next/dist/build/webpack/loaders/next-app-loader/index.js?name=app%2F%5Btenant%5D%2F(site)%2Fpage&page=%2F%5Btenant%5D%2F(site)%2Fpage&appPaths=%2F%5Btenant%5D%2F(site)%2Fpage&pagePath=private-next-app-dir%2F%5Btenant%5D%2F(site)%2Fpage.tsx&appDir=C%3A%5Cwork%5Cstudio%20presence%5Cfrontend%5Capp&pageExtensions=tsx&pageExtensions=ts&pageExtensions=jsx&pageExtensions=js&rootDir=C%3A%5Cwork%5Cstudio%20presence%5Cfrontend&isDev=true&tsconfigPath=tsconfig.json&basePath=&assetPrefix=&nextConfigOutput=&preferredRegion=&middlewareConfig=e30%3D&isGlobalNotFoundEnabled=!:28:103)
    at <unknown> (rsc)/../node_modules/next/dist/build/webpack/loaders/next-app-loader/index.js?name=app%2F%5Btenant%5D%2F(site)%2Fpage&page=%2F%5Btenant%5D%2F(site)%2Fpage&appPaths=%2F%5Btenant%5D%2F(site)%2Fpage&pagePath=private-next-app-dir%2F%5Btenant%5D%2F(site)%2Fpage.tsx&appDir=C%3A%5Cwork%5Cstudio%20presence%5Cfrontend%5Capp&pageExtensions=tsx&pageExtensions=ts&pageExtensions=jsx&pageExtensions=js&rootDir=C%3A%5Cwork%5Cstudio%20presence%5Cfrontend&isDev=true&tsconfigPath=tsconfig.json&basePath=&assetPrefix=&nextConfigOutput=&preferredRegion=&middlewareConfig=e30%3D&isGlobalNotFoundEnabled=! (C:\work\studio presence\frontend\.next\server\app\[tenant]\(site)\page.js:198:1)
    at __webpack_require__ (file://C:\work\studio presence\frontend\.next\server\webpack-runtime.js:25:42)
    at __webpack_exec__ (file://C:\work\studio presence\frontend\.next\server\app\[tenant]\(site)\page.js:1014:39)
    at <unknown> (file://C:\work\studio presence\frontend\.next\server\app\[tenant]\(site)\page.js:1015:199)
    at __webpack_require__.X (file://C:\work\studio presence\frontend\.next\server\webpack-runtime.js:155:21)
[ 2567658ms] [LOG] [HMR] connected @ webpack-internal:///(pages-dir-browser)/../node_modules/next/dist/client/dev/hot-reloader/pages/websocket.js:45
[ 2580746ms] [ERROR] Failed to load resource: the server responded with a status of 404 (Not Found) @ http://ashish.localhost:3002/_next/static/webpack/c6410539d84900b4.webpack.hot-update.json:0
[ 2580746ms] [WARNING] [Fast Refresh] performing full reload because your application had an unrecoverable error @ webpack-internal:///(pages-dir-browser)/../node_modules/next/dist/client/dev/hot-reloader/pages/hot-reloader-pages.js:347
[ 2586487ms] [ERROR] Failed to load resource: the server responded with a status of 500 (Internal Server Error) @ http://ashish.localhost:3002/:0
[ 2589121ms] [INFO] %cDownload the React DevTools for a better development experience: https://react.dev/link/react-devtools font-weight:bold @ webpack-internal:///(pages-dir-browser)/../node_modules/react-dom/cjs/react-dom-client.development.js:28004
[ 2589385ms] TypeError: __webpack_modules__[moduleId] is not a function
    at __webpack_require__ (file://C:\work\studio presence\frontend\.next\server\webpack-runtime.js:25:42)
    at eval (webpack-internal:///(rsc)/../node_modules/next/dist/server/app-render/encryption-utils.js:40:35)
    at <unknown> (rsc)/../node_modules/next/dist/server/app-render/encryption-utils.js (C:\work\studio presence\frontend\.next\server\vendor-chunks\next.js:1902:1)
    at __webpack_require__ (file://C:\work\studio presence\frontend\.next\server\webpack-runtime.js:25:42)
    at eval (webpack-internal:///(rsc)/../node_modules/next/dist/build/webpack/loaders/next-app-loader/index.js?name=app%2F%5Btenant%5D%2F(site)%2Fpage&page=%2F%5Btenant%5D%2F(site)%2Fpage&appPaths=%2F%5Btenant%5D%2F(site)%2Fpage&pagePath=private-next-app-dir%2F%5Btenant%5D%2F(site)%2Fpage.tsx&appDir=C%3A%5Cwork%5Cstudio%20presence%5Cfrontend%5Capp&pageExtensions=tsx&pageExtensions=ts&pageExtensions=jsx&pageExtensions=js&rootDir=C%3A%5Cwork%5Cstudio%20presence%5Cfrontend&isDev=true&tsconfigPath=tsconfig.json&basePath=&assetPrefix=&nextConfigOutput=&preferredRegion=&middlewareConfig=e30%3D&isGlobalNotFoundEnabled=!:28:103)
    at <unknown> (rsc)/../node_modules/next/dist/build/webpack/loaders/next-app-loader/index.js?name=app%2F%5Btenant%5D%2F(site)%2Fpage&page=%2F%5Btenant%5D%2F(site)%2Fpage&appPaths=%2F%5Btenant%5D%2F(site)%2Fpage&pagePath=private-next-app-dir%2F%5Btenant%5D%2F(site)%2Fpage.tsx&appDir=C%3A%5Cwork%5Cstudio%20presence%5Cfrontend%5Capp&pageExtensions=tsx&pageExtensions=ts&pageExtensions=jsx&pageExtensions=js&rootDir=C%3A%5Cwork%5Cstudio%20presence%5Cfrontend&isDev=true&tsconfigPath=tsconfig.json&basePath=&assetPrefix=&nextConfigOutput=&preferredRegion=&middlewareConfig=e30%3D&isGlobalNotFoundEnabled=! (C:\work\studio presence\frontend\.next\server\app\[tenant]\(site)\page.js:198:1)
    at __webpack_require__ (file://C:\work\studio presence\frontend\.next\server\webpack-runtime.js:25:42)
    at __webpack_exec__ (file://C:\work\studio presence\frontend\.next\server\app\[tenant]\(site)\page.js:1014:39)
    at <unknown> (file://C:\work\studio presence\frontend\.next\server\app\[tenant]\(site)\page.js:1015:199)
    at __webpack_require__.X (file://C:\work\studio presence\frontend\.next\server\webpack-runtime.js:155:21)
[ 2589212ms] [LOG] [HMR] connected @ webpack-internal:///(pages-dir-browser)/../node_modules/next/dist/client/dev/hot-reloader/pages/websocket.js:45
[ 2607293ms] [ERROR] Failed to load resource: the server responded with a status of 404 (Not Found) @ http://ashish.localhost:3002/_next/static/webpack/c6410539d84900b4.webpack.hot-update.json:0
[ 2607293ms] [WARNING] [Fast Refresh] performing full reload because your application had an unrecoverable error @ webpack-internal:///(pages-dir-browser)/../node_modules/next/dist/client/dev/hot-reloader/pages/hot-reloader-pages.js:347
[ 2616394ms] [ERROR] Failed to load resource: the server responded with a status of 500 (Internal Server Error) @ http://ashish.localhost:3002/:0
[ 2619602ms] [INFO] %cDownload the React DevTools for a better development experience: https://react.dev/link/react-devtools font-weight:bold @ webpack-internal:///(pages-dir-browser)/../node_modules/react-dom/cjs/react-dom-client.development.js:28004
[ 2619677ms] TypeError: __webpack_modules__[moduleId] is not a function
    at __webpack_require__ (file://C:\work\studio presence\frontend\.next\server\webpack-runtime.js:25:42)
    at eval (webpack-internal:///(rsc)/../node_modules/next/dist/server/app-render/encryption-utils.js:40:35)
    at <unknown> (rsc)/../node_modules/next/dist/server/app-render/encryption-utils.js (C:\work\studio presence\frontend\.next\server\vendor-chunks\next.js:1902:1)
    at __webpack_require__ (file://C:\work\studio presence\frontend\.next\server\webpack-runtime.js:25:42)
    at eval (webpack-internal:///(rsc)/../node_modules/next/dist/build/webpack/loaders/next-app-loader/index.js?name=app%2F%5Btenant%5D%2F(site)%2Fpage&page=%2F%5Btenant%5D%2F(site)%2Fpage&appPaths=%2F%5Btenant%5D%2F(site)%2Fpage&pagePath=private-next-app-dir%2F%5Btenant%5D%2F(site)%2Fpage.tsx&appDir=C%3A%5Cwork%5Cstudio%20presence%5Cfrontend%5Capp&pageExtensions=tsx&pageExtensions=ts&pageExtensions=jsx&pageExtensions=js&rootDir=C%3A%5Cwork%5Cstudio%20presence%5Cfrontend&isDev=true&tsconfigPath=tsconfig.json&basePath=&assetPrefix=&nextConfigOutput=&preferredRegion=&middlewareConfig=e30%3D&isGlobalNotFoundEnabled=!:28:103)
    at <unknown> (rsc)/../node_modules/next/dist/build/webpack/loaders/next-app-loader/index.js?name=app%2F%5Btenant%5D%2F(site)%2Fpage&page=%2F%5Btenant%5D%2F(site)%2Fpage&appPaths=%2F%5Btenant%5D%2F(site)%2Fpage&pagePath=private-next-app-dir%2F%5Btenant%5D%2F(site)%2Fpage.tsx&appDir=C%3A%5Cwork%5Cstudio%20presence%5Cfrontend%5Capp&pageExtensions=tsx&pageExtensions=ts&pageExtensions=jsx&pageExtensions=js&rootDir=C%3A%5Cwork%5Cstudio%20presence%5Cfrontend&isDev=true&tsconfigPath=tsconfig.json&basePath=&assetPrefix=&nextConfigOutput=&preferredRegion=&middlewareConfig=e30%3D&isGlobalNotFoundEnabled=! (C:\work\studio presence\frontend\.next\server\app\[tenant]\(site)\page.js:198:1)
    at __webpack_require__ (file://C:\work\studio presence\frontend\.next\server\webpack-runtime.js:25:42)
    at __webpack_exec__ (file://C:\work\studio presence\frontend\.next\server\app\[tenant]\(site)\page.js:1014:39)
    at <unknown> (file://C:\work\studio presence\frontend\.next\server\app\[tenant]\(site)\page.js:1015:199)
    at __webpack_require__.X (file://C:\work\studio presence\frontend\.next\server\webpack-runtime.js:155:21)
[ 2619691ms] [LOG] [HMR] connected @ webpack-internal:///(pages-dir-browser)/../node_modules/next/dist/client/dev/hot-reloader/pages/websocket.js:45
[ 2636361ms] [ERROR] Failed to load resource: the server responded with a status of 404 (Not Found) @ http://ashish.localhost:3002/_next/static/webpack/c6410539d84900b4.webpack.hot-update.json:0
[ 2636362ms] [WARNING] [Fast Refresh] performing full reload because your application had an unrecoverable error @ webpack-internal:///(pages-dir-browser)/../node_modules/next/dist/client/dev/hot-reloader/pages/hot-reloader-pages.js:347
[ 2644045ms] [ERROR] Failed to load resource: the server responded with a status of 500 (Internal Server Error) @ http://ashish.localhost:3002/:0
[ 2646219ms] [INFO] %cDownload the React DevTools for a better development experience: https://react.dev/link/react-devtools font-weight:bold @ webpack-internal:///(pages-dir-browser)/../node_modules/react-dom/cjs/react-dom-client.development.js:28004
[ 2646259ms] TypeError: __webpack_modules__[moduleId] is not a function
    at __webpack_require__ (file://C:\work\studio presence\frontend\.next\server\webpack-runtime.js:25:42)
    at eval (webpack-internal:///(rsc)/../node_modules/next/dist/server/app-render/encryption-utils.js:40:35)
    at <unknown> (rsc)/../node_modules/next/dist/server/app-render/encryption-utils.js (C:\work\studio presence\frontend\.next\server\vendor-chunks\next.js:1902:1)
    at __webpack_require__ (file://C:\work\studio presence\frontend\.next\server\webpack-runtime.js:25:42)
    at eval (webpack-internal:///(rsc)/../node_modules/next/dist/build/webpack/loaders/next-app-loader/index.js?name=app%2F%5Btenant%5D%2F(site)%2Fpage&page=%2F%5Btenant%5D%2F(site)%2Fpage&appPaths=%2F%5Btenant%5D%2F(site)%2Fpage&pagePath=private-next-app-dir%2F%5Btenant%5D%2F(site)%2Fpage.tsx&appDir=C%3A%5Cwork%5Cstudio%20presence%5Cfrontend%5Capp&pageExtensions=tsx&pageExtensions=ts&pageExtensions=jsx&pageExtensions=js&rootDir=C%3A%5Cwork%5Cstudio%20presence%5Cfrontend&isDev=true&tsconfigPath=tsconfig.json&basePath=&assetPrefix=&nextConfigOutput=&preferredRegion=&middlewareConfig=e30%3D&isGlobalNotFoundEnabled=!:28:103)
    at <unknown> (rsc)/../node_modules/next/dist/build/webpack/loaders/next-app-loader/index.js?name=app%2F%5Btenant%5D%2F(site)%2Fpage&page=%2F%5Btenant%5D%2F(site)%2Fpage&appPaths=%2F%5Btenant%5D%2F(site)%2Fpage&pagePath=private-next-app-dir%2F%5Btenant%5D%2F(site)%2Fpage.tsx&appDir=C%3A%5Cwork%5Cstudio%20presence%5Cfrontend%5Capp&pageExtensions=tsx&pageExtensions=ts&pageExtensions=jsx&pageExtensions=js&rootDir=C%3A%5Cwork%5Cstudio%20presence%5Cfrontend&isDev=true&tsconfigPath=tsconfig.json&basePath=&assetPrefix=&nextConfigOutput=&preferredRegion=&middlewareConfig=e30%3D&isGlobalNotFoundEnabled=! (C:\work\studio presence\frontend\.next\server\app\[tenant]\(site)\page.js:198:1)
    at __webpack_require__ (file://C:\work\studio presence\frontend\.next\server\webpack-runtime.js:25:42)
    at __webpack_exec__ (file://C:\work\studio presence\frontend\.next\server\app\[tenant]\(site)\page.js:1014:39)
    at <unknown> (file://C:\work\studio presence\frontend\.next\server\app\[tenant]\(site)\page.js:1015:199)
    at __webpack_require__.X (file://C:\work\studio presence\frontend\.next\server\webpack-runtime.js:155:21)
[ 2646259ms] [LOG] [HMR] connected @ webpack-internal:///(pages-dir-browser)/../node_modules/next/dist/client/dev/hot-reloader/pages/websocket.js:45
[ 2661800ms] [ERROR] Failed to load resource: the server responded with a status of 404 (Not Found) @ http://ashish.localhost:3002/_next/static/webpack/c6410539d84900b4.webpack.hot-update.json:0
[ 2661800ms] [WARNING] [Fast Refresh] performing full reload because your application had an unrecoverable error @ webpack-internal:///(pages-dir-browser)/../node_modules/next/dist/client/dev/hot-reloader/pages/hot-reloader-pages.js:347
[ 2667952ms] [ERROR] Failed to load resource: the server responded with a status of 500 (Internal Server Error) @ http://ashish.localhost:3002/:0
[ 2670835ms] [INFO] %cDownload the React DevTools for a better development experience: https://react.dev/link/react-devtools font-weight:bold @ webpack-internal:///(pages-dir-browser)/../node_modules/react-dom/cjs/react-dom-client.development.js:28004
[ 2670871ms] TypeError: __webpack_modules__[moduleId] is not a function
    at __webpack_require__ (file://C:\work\studio presence\frontend\.next\server\webpack-runtime.js:25:42)
    at eval (webpack-internal:///(rsc)/../node_modules/next/dist/server/app-render/encryption-utils.js:40:35)
    at <unknown> (rsc)/../node_modules/next/dist/server/app-render/encryption-utils.js (C:\work\studio presence\frontend\.next\server\vendor-chunks\next.js:1902:1)
    at __webpack_require__ (file://C:\work\studio presence\frontend\.next\server\webpack-runtime.js:25:42)
    at eval (webpack-internal:///(rsc)/../node_modules/next/dist/build/webpack/loaders/next-app-loader/index.js?name=app%2F%5Btenant%5D%2F(site)%2Fpage&page=%2F%5Btenant%5D%2F(site)%2Fpage&appPaths=%2F%5Btenant%5D%2F(site)%2Fpage&pagePath=private-next-app-dir%2F%5Btenant%5D%2F(site)%2Fpage.tsx&appDir=C%3A%5Cwork%5Cstudio%20presence%5Cfrontend%5Capp&pageExtensions=tsx&pageExtensions=ts&pageExtensions=jsx&pageExtensions=js&rootDir=C%3A%5Cwork%5Cstudio%20presence%5Cfrontend&isDev=true&tsconfigPath=tsconfig.json&basePath=&assetPrefix=&nextConfigOutput=&preferredRegion=&middlewareConfig=e30%3D&isGlobalNotFoundEnabled=!:28:103)
    at <unknown> (rsc)/../node_modules/next/dist/build/webpack/loaders/next-app-loader/index.js?name=app%2F%5Btenant%5D%2F(site)%2Fpage&page=%2F%5Btenant%5D%2F(site)%2Fpage&appPaths=%2F%5Btenant%5D%2F(site)%2Fpage&pagePath=private-next-app-dir%2F%5Btenant%5D%2F(site)%2Fpage.tsx&appDir=C%3A%5Cwork%5Cstudio%20presence%5Cfrontend%5Capp&pageExtensions=tsx&pageExtensions=ts&pageExtensions=jsx&pageExtensions=js&rootDir=C%3A%5Cwork%5Cstudio%20presence%5Cfrontend&isDev=true&tsconfigPath=tsconfig.json&basePath=&assetPrefix=&nextConfigOutput=&preferredRegion=&middlewareConfig=e30%3D&isGlobalNotFoundEnabled=! (C:\work\studio presence\frontend\.next\server\app\[tenant]\(site)\page.js:198:1)
    at __webpack_require__ (file://C:\work\studio presence\frontend\.next\server\webpack-runtime.js:25:42)
    at __webpack_exec__ (file://C:\work\studio presence\frontend\.next\server\app\[tenant]\(site)\page.js:1014:39)
    at <unknown> (file://C:\work\studio presence\frontend\.next\server\app\[tenant]\(site)\page.js:1015:199)
    at __webpack_require__.X (file://C:\work\studio presence\frontend\.next\server\webpack-runtime.js:155:21)
[ 2670870ms] [LOG] [HMR] connected @ webpack-internal:///(pages-dir-browser)/../node_modules/next/dist/client/dev/hot-reloader/pages/websocket.js:45
[ 2675105ms] [ERROR] Failed to load resource: the server responded with a status of 404 (Not Found) @ http://ashish.localhost:3002/_next/static/webpack/c6410539d84900b4.webpack.hot-update.json:0
[ 2675105ms] [WARNING] [Fast Refresh] performing full reload because your application had an unrecoverable error @ webpack-internal:///(pages-dir-browser)/../node_modules/next/dist/client/dev/hot-reloader/pages/hot-reloader-pages.js:347
[ 2681147ms] [ERROR] Failed to load resource: the server responded with a status of 500 (Internal Server Error) @ http://ashish.localhost:3002/:0
[ 2685346ms] [INFO] %cDownload the React DevTools for a better development experience: https://react.dev/link/react-devtools font-weight:bold @ webpack-internal:///(pages-dir-browser)/../node_modules/react-dom/cjs/react-dom-client.development.js:28004
[ 2685397ms] TypeError: __webpack_modules__[moduleId] is not a function
    at __webpack_require__ (file://C:\work\studio presence\frontend\.next\server\webpack-runtime.js:25:42)
    at eval (webpack-internal:///(rsc)/../node_modules/next/dist/server/app-render/encryption-utils.js:40:35)
    at <unknown> (rsc)/../node_modules/next/dist/server/app-render/encryption-utils.js (C:\work\studio presence\frontend\.next\server\vendor-chunks\next.js:1902:1)
    at __webpack_require__ (file://C:\work\studio presence\frontend\.next\server\webpack-runtime.js:25:42)
    at eval (webpack-internal:///(rsc)/../node_modules/next/dist/build/webpack/loaders/next-app-loader/index.js?name=app%2F%5Btenant%5D%2F(site)%2Fpage&page=%2F%5Btenant%5D%2F(site)%2Fpage&appPaths=%2F%5Btenant%5D%2F(site)%2Fpage&pagePath=private-next-app-dir%2F%5Btenant%5D%2F(site)%2Fpage.tsx&appDir=C%3A%5Cwork%5Cstudio%20presence%5Cfrontend%5Capp&pageExtensions=tsx&pageExtensions=ts&pageExtensions=jsx&pageExtensions=js&rootDir=C%3A%5Cwork%5Cstudio%20presence%5Cfrontend&isDev=true&tsconfigPath=tsconfig.json&basePath=&assetPrefix=&nextConfigOutput=&preferredRegion=&middlewareConfig=e30%3D&isGlobalNotFoundEnabled=!:28:103)
    at <unknown> (rsc)/../node_modules/next/dist/build/webpack/loaders/next-app-loader/index.js?name=app%2F%5Btenant%5D%2F(site)%2Fpage&page=%2F%5Btenant%5D%2F(site)%2Fpage&appPaths=%2F%5Btenant%5D%2F(site)%2Fpage&pagePath=private-next-app-dir%2F%5Btenant%5D%2F(site)%2Fpage.tsx&appDir=C%3A%5Cwork%5Cstudio%20presence%5Cfrontend%5Capp&pageExtensions=tsx&pageExtensions=ts&pageExtensions=jsx&pageExtensions=js&rootDir=C%3A%5Cwork%5Cstudio%20presence%5Cfrontend&isDev=true&tsconfigPath=tsconfig.json&basePath=&assetPrefix=&nextConfigOutput=&preferredRegion=&middlewareConfig=e30%3D&isGlobalNotFoundEnabled=! (C:\work\studio presence\frontend\.next\server\app\[tenant]\(site)\page.js:198:1)
    at __webpack_require__ (file://C:\work\studio presence\frontend\.next\server\webpack-runtime.js:25:42)
    at __webpack_exec__ (file://C:\work\studio presence\frontend\.next\server\app\[tenant]\(site)\page.js:1014:39)
    at <unknown> (file://C:\work\studio presence\frontend\.next\server\app\[tenant]\(site)\page.js:1015:199)
    at __webpack_require__.X (file://C:\work\studio presence\frontend\.next\server\webpack-runtime.js:155:21)
[ 2685396ms] [LOG] [HMR] connected @ webpack-internal:///(pages-dir-browser)/../node_modules/next/dist/client/dev/hot-reloader/pages/websocket.js:45
[ 2695779ms] [ERROR] Failed to load resource: the server responded with a status of 404 (Not Found) @ http://ashish.localhost:3002/_next/static/webpack/c6410539d84900b4.webpack.hot-update.json:0
[ 2695779ms] [WARNING] [Fast Refresh] performing full reload because your application had an unrecoverable error @ webpack-internal:///(pages-dir-browser)/../node_modules/next/dist/client/dev/hot-reloader/pages/hot-reloader-pages.js:347
[ 2701457ms] [ERROR] Failed to load resource: the server responded with a status of 500 (Internal Server Error) @ http://ashish.localhost:3002/:0
[ 2703907ms] [INFO] %cDownload the React DevTools for a better development experience: https://react.dev/link/react-devtools font-weight:bold @ webpack-internal:///(pages-dir-browser)/../node_modules/react-dom/cjs/react-dom-client.development.js:28004
[ 2703946ms] TypeError: __webpack_modules__[moduleId] is not a function
    at __webpack_require__ (file://C:\work\studio presence\frontend\.next\server\webpack-runtime.js:25:42)
    at eval (webpack-internal:///(rsc)/../node_modules/next/dist/server/app-render/encryption-utils.js:40:35)
    at <unknown> (rsc)/../node_modules/next/dist/server/app-render/encryption-utils.js (C:\work\studio presence\frontend\.next\server\vendor-chunks\next.js:1902:1)
    at __webpack_require__ (file://C:\work\studio presence\frontend\.next\server\webpack-runtime.js:25:42)
    at eval (webpack-internal:///(rsc)/../node_modules/next/dist/build/webpack/loaders/next-app-loader/index.js?name=app%2F%5Btenant%5D%2F(site)%2Fpage&page=%2F%5Btenant%5D%2F(site)%2Fpage&appPaths=%2F%5Btenant%5D%2F(site)%2Fpage&pagePath=private-next-app-dir%2F%5Btenant%5D%2F(site)%2Fpage.tsx&appDir=C%3A%5Cwork%5Cstudio%20presence%5Cfrontend%5Capp&pageExtensions=tsx&pageExtensions=ts&pageExtensions=jsx&pageExtensions=js&rootDir=C%3A%5Cwork%5Cstudio%20presence%5Cfrontend&isDev=true&tsconfigPath=tsconfig.json&basePath=&assetPrefix=&nextConfigOutput=&preferredRegion=&middlewareConfig=e30%3D&isGlobalNotFoundEnabled=!:28:103)
    at <unknown> (rsc)/../node_modules/next/dist/build/webpack/loaders/next-app-loader/index.js?name=app%2F%5Btenant%5D%2F(site)%2Fpage&page=%2F%5Btenant%5D%2F(site)%2Fpage&appPaths=%2F%5Btenant%5D%2F(site)%2Fpage&pagePath=private-next-app-dir%2F%5Btenant%5D%2F(site)%2Fpage.tsx&appDir=C%3A%5Cwork%5Cstudio%20presence%5Cfrontend%5Capp&pageExtensions=tsx&pageExtensions=ts&pageExtensions=jsx&pageExtensions=js&rootDir=C%3A%5Cwork%5Cstudio%20presence%5Cfrontend&isDev=true&tsconfigPath=tsconfig.json&basePath=&assetPrefix=&nextConfigOutput=&preferredRegion=&middlewareConfig=e30%3D&isGlobalNotFoundEnabled=! (C:\work\studio presence\frontend\.next\server\app\[tenant]\(site)\page.js:198:1)
    at __webpack_require__ (file://C:\work\studio presence\frontend\.next\server\webpack-runtime.js:25:42)
    at __webpack_exec__ (file://C:\work\studio presence\frontend\.next\server\app\[tenant]\(site)\page.js:1014:39)
    at <unknown> (file://C:\work\studio presence\frontend\.next\server\app\[tenant]\(site)\page.js:1015:199)
    at __webpack_require__.X (file://C:\work\studio presence\frontend\.next\server\webpack-runtime.js:155:21)
[ 2703944ms] [LOG] [HMR] connected @ webpack-internal:///(pages-dir-browser)/../node_modules/next/dist/client/dev/hot-reloader/pages/websocket.js:45
[ 2718014ms] [ERROR] Failed to load resource: the server responded with a status of 404 (Not Found) @ http://ashish.localhost:3002/_next/static/webpack/c6410539d84900b4.webpack.hot-update.json:0
[ 2718014ms] [WARNING] [Fast Refresh] performing full reload because your application had an unrecoverable error @ webpack-internal:///(pages-dir-browser)/../node_modules/next/dist/client/dev/hot-reloader/pages/hot-reloader-pages.js:347
[ 2727359ms] [ERROR] Failed to load resource: the server responded with a status of 500 (Internal Server Error) @ http://ashish.localhost:3002/:0
[ 2732842ms] [INFO] %cDownload the React DevTools for a better development experience: https://react.dev/link/react-devtools font-weight:bold @ webpack-internal:///(pages-dir-browser)/../node_modules/react-dom/cjs/react-dom-client.development.js:28004
[ 2732887ms] TypeError: __webpack_modules__[moduleId] is not a function
    at __webpack_require__ (file://C:\work\studio presence\frontend\.next\server\webpack-runtime.js:25:42)
    at eval (webpack-internal:///(rsc)/../node_modules/next/dist/server/app-render/encryption-utils.js:40:35)
    at <unknown> (rsc)/../node_modules/next/dist/server/app-render/encryption-utils.js (C:\work\studio presence\frontend\.next\server\vendor-chunks\next.js:1902:1)
    at __webpack_require__ (file://C:\work\studio presence\frontend\.next\server\webpack-runtime.js:25:42)
    at eval (webpack-internal:///(rsc)/../node_modules/next/dist/build/webpack/loaders/next-app-loader/index.js?name=app%2F%5Btenant%5D%2F(site)%2Fpage&page=%2F%5Btenant%5D%2F(site)%2Fpage&appPaths=%2F%5Btenant%5D%2F(site)%2Fpage&pagePath=private-next-app-dir%2F%5Btenant%5D%2F(site)%2Fpage.tsx&appDir=C%3A%5Cwork%5Cstudio%20presence%5Cfrontend%5Capp&pageExtensions=tsx&pageExtensions=ts&pageExtensions=jsx&pageExtensions=js&rootDir=C%3A%5Cwork%5Cstudio%20presence%5Cfrontend&isDev=true&tsconfigPath=tsconfig.json&basePath=&assetPrefix=&nextConfigOutput=&preferredRegion=&middlewareConfig=e30%3D&isGlobalNotFoundEnabled=!:28:103)
    at <unknown> (rsc)/../node_modules/next/dist/build/webpack/loaders/next-app-loader/index.js?name=app%2F%5Btenant%5D%2F(site)%2Fpage&page=%2F%5Btenant%5D%2F(site)%2Fpage&appPaths=%2F%5Btenant%5D%2F(site)%2Fpage&pagePath=private-next-app-dir%2F%5Btenant%5D%2F(site)%2Fpage.tsx&appDir=C%3A%5Cwork%5Cstudio%20presence%5Cfrontend%5Capp&pageExtensions=tsx&pageExtensions=ts&pageExtensions=jsx&pageExtensions=js&rootDir=C%3A%5Cwork%5Cstudio%20presence%5Cfrontend&isDev=true&tsconfigPath=tsconfig.json&basePath=&assetPrefix=&nextConfigOutput=&preferredRegion=&middlewareConfig=e30%3D&isGlobalNotFoundEnabled=! (C:\work\studio presence\frontend\.next\server\app\[tenant]\(site)\page.js:198:1)
    at __webpack_require__ (file://C:\work\studio presence\frontend\.next\server\webpack-runtime.js:25:42)
    at __webpack_exec__ (file://C:\work\studio presence\frontend\.next\server\app\[tenant]\(site)\page.js:1014:39)
    at <unknown> (file://C:\work\studio presence\frontend\.next\server\app\[tenant]\(site)\page.js:1015:199)
    at __webpack_require__.X (file://C:\work\studio presence\frontend\.next\server\webpack-runtime.js:155:21)
[ 2732884ms] [LOG] [HMR] connected @ webpack-internal:///(pages-dir-browser)/../node_modules/next/dist/client/dev/hot-reloader/pages/websocket.js:45
[ 2745561ms] [ERROR] Failed to load resource: the server responded with a status of 404 (Not Found) @ http://ashish.localhost:3002/_next/static/webpack/c6410539d84900b4.webpack.hot-update.json:0
[ 2745561ms] [WARNING] [Fast Refresh] performing full reload because your application had an unrecoverable error @ webpack-internal:///(pages-dir-browser)/../node_modules/next/dist/client/dev/hot-reloader/pages/hot-reloader-pages.js:347
[ 2754303ms] [ERROR] Failed to load resource: the server responded with a status of 500 (Internal Server Error) @ http://ashish.localhost:3002/:0
[ 2757898ms] [INFO] %cDownload the React DevTools for a better development experience: https://react.dev/link/react-devtools font-weight:bold @ webpack-internal:///(pages-dir-browser)/../node_modules/react-dom/cjs/react-dom-client.development.js:28004
[ 2757937ms] TypeError: __webpack_modules__[moduleId] is not a function
    at __webpack_require__ (file://C:\work\studio presence\frontend\.next\server\webpack-runtime.js:25:42)
    at eval (webpack-internal:///(rsc)/../node_modules/next/dist/server/app-render/encryption-utils.js:40:35)
    at <unknown> (rsc)/../node_modules/next/dist/server/app-render/encryption-utils.js (C:\work\studio presence\frontend\.next\server\vendor-chunks\next.js:1902:1)
    at __webpack_require__ (file://C:\work\studio presence\frontend\.next\server\webpack-runtime.js:25:42)
    at eval (webpack-internal:///(rsc)/../node_modules/next/dist/build/webpack/loaders/next-app-loader/index.js?name=app%2F%5Btenant%5D%2F(site)%2Fpage&page=%2F%5Btenant%5D%2F(site)%2Fpage&appPaths=%2F%5Btenant%5D%2F(site)%2Fpage&pagePath=private-next-app-dir%2F%5Btenant%5D%2F(site)%2Fpage.tsx&appDir=C%3A%5Cwork%5Cstudio%20presence%5Cfrontend%5Capp&pageExtensions=tsx&pageExtensions=ts&pageExtensions=jsx&pageExtensions=js&rootDir=C%3A%5Cwork%5Cstudio%20presence%5Cfrontend&isDev=true&tsconfigPath=tsconfig.json&basePath=&assetPrefix=&nextConfigOutput=&preferredRegion=&middlewareConfig=e30%3D&isGlobalNotFoundEnabled=!:28:103)
    at <unknown> (rsc)/../node_modules/next/dist/build/webpack/loaders/next-app-loader/index.js?name=app%2F%5Btenant%5D%2F(site)%2Fpage&page=%2F%5Btenant%5D%2F(site)%2Fpage&appPaths=%2F%5Btenant%5D%2F(site)%2Fpage&pagePath=private-next-app-dir%2F%5Btenant%5D%2F(site)%2Fpage.tsx&appDir=C%3A%5Cwork%5Cstudio%20presence%5Cfrontend%5Capp&pageExtensions=tsx&pageExtensions=ts&pageExtensions=jsx&pageExtensions=js&rootDir=C%3A%5Cwork%5Cstudio%20presence%5Cfrontend&isDev=true&tsconfigPath=tsconfig.json&basePath=&assetPrefix=&nextConfigOutput=&preferredRegion=&middlewareConfig=e30%3D&isGlobalNotFoundEnabled=! (C:\work\studio presence\frontend\.next\server\app\[tenant]\(site)\page.js:198:1)
    at __webpack_require__ (file://C:\work\studio presence\frontend\.next\server\webpack-runtime.js:25:42)
    at __webpack_exec__ (file://C:\work\studio presence\frontend\.next\server\app\[tenant]\(site)\page.js:1014:39)
    at <unknown> (file://C:\work\studio presence\frontend\.next\server\app\[tenant]\(site)\page.js:1015:199)
    at __webpack_require__.X (file://C:\work\studio presence\frontend\.next\server\webpack-runtime.js:155:21)
[ 2757933ms] [LOG] [HMR] connected @ webpack-internal:///(pages-dir-browser)/../node_modules/next/dist/client/dev/hot-reloader/pages/websocket.js:45
[ 2767724ms] [ERROR] Failed to load resource: the server responded with a status of 404 (Not Found) @ http://ashish.localhost:3002/_next/static/webpack/c6410539d84900b4.webpack.hot-update.json:0
[ 2767724ms] [WARNING] [Fast Refresh] performing full reload because your application had an unrecoverable error @ webpack-internal:///(pages-dir-browser)/../node_modules/next/dist/client/dev/hot-reloader/pages/hot-reloader-pages.js:347
[ 2775380ms] [ERROR] Failed to load resource: the server responded with a status of 500 (Internal Server Error) @ http://ashish.localhost:3002/:0
[ 2784348ms] [INFO] %cDownload the React DevTools for a better development experience: https://react.dev/link/react-devtools font-weight:bold @ webpack-internal:///(pages-dir-browser)/../node_modules/react-dom/cjs/react-dom-client.development.js:28004
[ 2784625ms] TypeError: __webpack_modules__[moduleId] is not a function
    at __webpack_require__ (file://C:\work\studio presence\frontend\.next\server\webpack-runtime.js:25:42)
    at eval (webpack-internal:///(rsc)/../node_modules/next/dist/server/app-render/encryption-utils.js:40:35)
    at <unknown> (rsc)/../node_modules/next/dist/server/app-render/encryption-utils.js (C:\work\studio presence\frontend\.next\server\vendor-chunks\next.js:1902:1)
    at __webpack_require__ (file://C:\work\studio presence\frontend\.next\server\webpack-runtime.js:25:42)
    at eval (webpack-internal:///(rsc)/../node_modules/next/dist/build/webpack/loaders/next-app-loader/index.js?name=app%2F%5Btenant%5D%2F(site)%2Fpage&page=%2F%5Btenant%5D%2F(site)%2Fpage&appPaths=%2F%5Btenant%5D%2F(site)%2Fpage&pagePath=private-next-app-dir%2F%5Btenant%5D%2F(site)%2Fpage.tsx&appDir=C%3A%5Cwork%5Cstudio%20presence%5Cfrontend%5Capp&pageExtensions=tsx&pageExtensions=ts&pageExtensions=jsx&pageExtensions=js&rootDir=C%3A%5Cwork%5Cstudio%20presence%5Cfrontend&isDev=true&tsconfigPath=tsconfig.json&basePath=&assetPrefix=&nextConfigOutput=&preferredRegion=&middlewareConfig=e30%3D&isGlobalNotFoundEnabled=!:28:103)
    at <unknown> (rsc)/../node_modules/next/dist/build/webpack/loaders/next-app-loader/index.js?name=app%2F%5Btenant%5D%2F(site)%2Fpage&page=%2F%5Btenant%5D%2F(site)%2Fpage&appPaths=%2F%5Btenant%5D%2F(site)%2Fpage&pagePath=private-next-app-dir%2F%5Btenant%5D%2F(site)%2Fpage.tsx&appDir=C%3A%5Cwork%5Cstudio%20presence%5Cfrontend%5Capp&pageExtensions=tsx&pageExtensions=ts&pageExtensions=jsx&pageExtensions=js&rootDir=C%3A%5Cwork%5Cstudio%20presence%5Cfrontend&isDev=true&tsconfigPath=tsconfig.json&basePath=&assetPrefix=&nextConfigOutput=&preferredRegion=&middlewareConfig=e30%3D&isGlobalNotFoundEnabled=! (C:\work\studio presence\frontend\.next\server\app\[tenant]\(site)\page.js:198:1)
    at __webpack_require__ (file://C:\work\studio presence\frontend\.next\server\webpack-runtime.js:25:42)
    at __webpack_exec__ (file://C:\work\studio presence\frontend\.next\server\app\[tenant]\(site)\page.js:1014:39)
    at <unknown> (file://C:\work\studio presence\frontend\.next\server\app\[tenant]\(site)\page.js:1015:199)
    at __webpack_require__.X (file://C:\work\studio presence\frontend\.next\server\webpack-runtime.js:155:21)
[ 2784488ms] [LOG] [HMR] connected @ webpack-internal:///(pages-dir-browser)/../node_modules/next/dist/client/dev/hot-reloader/pages/websocket.js:45
[ 2820923ms] [ERROR] Failed to load resource: the server responded with a status of 404 (Not Found) @ http://ashish.localhost:3002/_next/static/webpack/c6410539d84900b4.webpack.hot-update.json:0
[ 2820924ms] [WARNING] [Fast Refresh] performing full reload because your application had an unrecoverable error @ webpack-internal:///(pages-dir-browser)/../node_modules/next/dist/client/dev/hot-reloader/pages/hot-reloader-pages.js:347
[ 2833807ms] [ERROR] Failed to load resource: the server responded with a status of 500 (Internal Server Error) @ http://ashish.localhost:3002/:0
[ 2835804ms] [INFO] %cDownload the React DevTools for a better development experience: https://react.dev/link/react-devtools font-weight:bold @ webpack-internal:///(pages-dir-browser)/../node_modules/react-dom/cjs/react-dom-client.development.js:28004
[ 2835866ms] TypeError: __webpack_modules__[moduleId] is not a function
    at __webpack_require__ (file://C:\work\studio presence\frontend\.next\server\webpack-runtime.js:25:42)
    at eval (webpack-internal:///(rsc)/../node_modules/next/dist/server/app-render/encryption-utils.js:40:35)
    at <unknown> (rsc)/../node_modules/next/dist/server/app-render/encryption-utils.js (C:\work\studio presence\frontend\.next\server\vendor-chunks\next.js:1902:1)
    at __webpack_require__ (file://C:\work\studio presence\frontend\.next\server\webpack-runtime.js:25:42)
    at eval (webpack-internal:///(rsc)/../node_modules/next/dist/build/webpack/loaders/next-app-loader/index.js?name=app%2F%5Btenant%5D%2F(site)%2Fpage&page=%2F%5Btenant%5D%2F(site)%2Fpage&appPaths=%2F%5Btenant%5D%2F(site)%2Fpage&pagePath=private-next-app-dir%2F%5Btenant%5D%2F(site)%2Fpage.tsx&appDir=C%3A%5Cwork%5Cstudio%20presence%5Cfrontend%5Capp&pageExtensions=tsx&pageExtensions=ts&pageExtensions=jsx&pageExtensions=js&rootDir=C%3A%5Cwork%5Cstudio%20presence%5Cfrontend&isDev=true&tsconfigPath=tsconfig.json&basePath=&assetPrefix=&nextConfigOutput=&preferredRegion=&middlewareConfig=e30%3D&isGlobalNotFoundEnabled=!:28:103)
    at <unknown> (rsc)/../node_modules/next/dist/build/webpack/loaders/next-app-loader/index.js?name=app%2F%5Btenant%5D%2F(site)%2Fpage&page=%2F%5Btenant%5D%2F(site)%2Fpage&appPaths=%2F%5Btenant%5D%2F(site)%2Fpage&pagePath=private-next-app-dir%2F%5Btenant%5D%2F(site)%2Fpage.tsx&appDir=C%3A%5Cwork%5Cstudio%20presence%5Cfrontend%5Capp&pageExtensions=tsx&pageExtensions=ts&pageExtensions=jsx&pageExtensions=js&rootDir=C%3A%5Cwork%5Cstudio%20presence%5Cfrontend&isDev=true&tsconfigPath=tsconfig.json&basePath=&assetPrefix=&nextConfigOutput=&preferredRegion=&middlewareConfig=e30%3D&isGlobalNotFoundEnabled=! (C:\work\studio presence\frontend\.next\server\app\[tenant]\(site)\page.js:198:1)
    at __webpack_require__ (file://C:\work\studio presence\frontend\.next\server\webpack-runtime.js:25:42)
    at __webpack_exec__ (file://C:\work\studio presence\frontend\.next\server\app\[tenant]\(site)\page.js:1014:39)
    at <unknown> (file://C:\work\studio presence\frontend\.next\server\app\[tenant]\(site)\page.js:1015:199)
    at __webpack_require__.X (file://C:\work\studio presence\frontend\.next\server\webpack-runtime.js:155:21)
[ 2835848ms] [LOG] [HMR] connected @ webpack-internal:///(pages-dir-browser)/../node_modules/next/dist/client/dev/hot-reloader/pages/websocket.js:45
[ 2855407ms] [ERROR] Failed to load resource: the server responded with a status of 404 (Not Found) @ http://ashish.localhost:3002/_next/static/webpack/c6410539d84900b4.webpack.hot-update.json:0
[ 2855408ms] [WARNING] [Fast Refresh] performing full reload because your application had an unrecoverable error @ webpack-internal:///(pages-dir-browser)/../node_modules/next/dist/client/dev/hot-reloader/pages/hot-reloader-pages.js:347
[ 2860874ms] [ERROR] Failed to load resource: the server responded with a status of 500 (Internal Server Error) @ http://ashish.localhost:3002/:0
[ 2861395ms] [INFO] %cDownload the React DevTools for a better development experience: https://react.dev/link/react-devtools font-weight:bold @ webpack-internal:///(pages-dir-browser)/../node_modules/react-dom/cjs/react-dom-client.development.js:28004
[ 2861432ms] TypeError: __webpack_modules__[moduleId] is not a function
    at __webpack_require__ (file://C:\work\studio presence\frontend\.next\server\webpack-runtime.js:25:42)
    at eval (webpack-internal:///(rsc)/../node_modules/next/dist/server/app-render/encryption-utils.js:40:35)
    at <unknown> (rsc)/../node_modules/next/dist/server/app-render/encryption-utils.js (C:\work\studio presence\frontend\.next\server\vendor-chunks\next.js:1902:1)
    at __webpack_require__ (file://C:\work\studio presence\frontend\.next\server\webpack-runtime.js:25:42)
    at eval (webpack-internal:///(rsc)/../node_modules/next/dist/build/webpack/loaders/next-app-loader/index.js?name=app%2F%5Btenant%5D%2F(site)%2Fpage&page=%2F%5Btenant%5D%2F(site)%2Fpage&appPaths=%2F%5Btenant%5D%2F(site)%2Fpage&pagePath=private-next-app-dir%2F%5Btenant%5D%2F(site)%2Fpage.tsx&appDir=C%3A%5Cwork%5Cstudio%20presence%5Cfrontend%5Capp&pageExtensions=tsx&pageExtensions=ts&pageExtensions=jsx&pageExtensions=js&rootDir=C%3A%5Cwork%5Cstudio%20presence%5Cfrontend&isDev=true&tsconfigPath=tsconfig.json&basePath=&assetPrefix=&nextConfigOutput=&preferredRegion=&middlewareConfig=e30%3D&isGlobalNotFoundEnabled=!:28:103)
    at <unknown> (rsc)/../node_modules/next/dist/build/webpack/loaders/next-app-loader/index.js?name=app%2F%5Btenant%5D%2F(site)%2Fpage&page=%2F%5Btenant%5D%2F(site)%2Fpage&appPaths=%2F%5Btenant%5D%2F(site)%2Fpage&pagePath=private-next-app-dir%2F%5Btenant%5D%2F(site)%2Fpage.tsx&appDir=C%3A%5Cwork%5Cstudio%20presence%5Cfrontend%5Capp&pageExtensions=tsx&pageExtensions=ts&pageExtensions=jsx&pageExtensions=js&rootDir=C%3A%5Cwork%5Cstudio%20presence%5Cfrontend&isDev=true&tsconfigPath=tsconfig.json&basePath=&assetPrefix=&nextConfigOutput=&preferredRegion=&middlewareConfig=e30%3D&isGlobalNotFoundEnabled=! (C:\work\studio presence\frontend\.next\server\app\[tenant]\(site)\page.js:198:1)
    at __webpack_require__ (file://C:\work\studio presence\frontend\.next\server\webpack-runtime.js:25:42)
    at __webpack_exec__ (file://C:\work\studio presence\frontend\.next\server\app\[tenant]\(site)\page.js:1014:39)
    at <unknown> (file://C:\work\studio presence\frontend\.next\server\app\[tenant]\(site)\page.js:1015:199)
    at __webpack_require__.X (file://C:\work\studio presence\frontend\.next\server\webpack-runtime.js:155:21)
[ 2861431ms] [LOG] [HMR] connected @ webpack-internal:///(pages-dir-browser)/../node_modules/next/dist/client/dev/hot-reloader/pages/websocket.js:45
[ 2875927ms] [ERROR] Failed to load resource: the server responded with a status of 404 (Not Found) @ http://ashish.localhost:3002/_next/static/webpack/c6410539d84900b4.webpack.hot-update.json:0
[ 2875927ms] [WARNING] [Fast Refresh] performing full reload because your application had an unrecoverable error @ webpack-internal:///(pages-dir-browser)/../node_modules/next/dist/client/dev/hot-reloader/pages/hot-reloader-pages.js:347
[ 2883180ms] [ERROR] Failed to load resource: the server responded with a status of 500 (Internal Server Error) @ http://ashish.localhost:3002/:0
[ 2888216ms] [INFO] %cDownload the React DevTools for a better development experience: https://react.dev/link/react-devtools font-weight:bold @ webpack-internal:///(pages-dir-browser)/../node_modules/react-dom/cjs/react-dom-client.development.js:28004
[ 2888463ms] TypeError: __webpack_modules__[moduleId] is not a function
    at __webpack_require__ (file://C:\work\studio presence\frontend\.next\server\webpack-runtime.js:25:42)
    at eval (webpack-internal:///(rsc)/../node_modules/next/dist/server/app-render/encryption-utils.js:40:35)
    at <unknown> (rsc)/../node_modules/next/dist/server/app-render/encryption-utils.js (C:\work\studio presence\frontend\.next\server\vendor-chunks\next.js:1902:1)
    at __webpack_require__ (file://C:\work\studio presence\frontend\.next\server\webpack-runtime.js:25:42)
    at eval (webpack-internal:///(rsc)/../node_modules/next/dist/build/webpack/loaders/next-app-loader/index.js?name=app%2F%5Btenant%5D%2F(site)%2Fpage&page=%2F%5Btenant%5D%2F(site)%2Fpage&appPaths=%2F%5Btenant%5D%2F(site)%2Fpage&pagePath=private-next-app-dir%2F%5Btenant%5D%2F(site)%2Fpage.tsx&appDir=C%3A%5Cwork%5Cstudio%20presence%5Cfrontend%5Capp&pageExtensions=tsx&pageExtensions=ts&pageExtensions=jsx&pageExtensions=js&rootDir=C%3A%5Cwork%5Cstudio%20presence%5Cfrontend&isDev=true&tsconfigPath=tsconfig.json&basePath=&assetPrefix=&nextConfigOutput=&preferredRegion=&middlewareConfig=e30%3D&isGlobalNotFoundEnabled=!:28:103)
    at <unknown> (rsc)/../node_modules/next/dist/build/webpack/loaders/next-app-loader/index.js?name=app%2F%5Btenant%5D%2F(site)%2Fpage&page=%2F%5Btenant%5D%2F(site)%2Fpage&appPaths=%2F%5Btenant%5D%2F(site)%2Fpage&pagePath=private-next-app-dir%2F%5Btenant%5D%2F(site)%2Fpage.tsx&appDir=C%3A%5Cwork%5Cstudio%20presence%5Cfrontend%5Capp&pageExtensions=tsx&pageExtensions=ts&pageExtensions=jsx&pageExtensions=js&rootDir=C%3A%5Cwork%5Cstudio%20presence%5Cfrontend&isDev=true&tsconfigPath=tsconfig.json&basePath=&assetPrefix=&nextConfigOutput=&preferredRegion=&middlewareConfig=e30%3D&isGlobalNotFoundEnabled=! (C:\work\studio presence\frontend\.next\server\app\[tenant]\(site)\page.js:198:1)
    at __webpack_require__ (file://C:\work\studio presence\frontend\.next\server\webpack-runtime.js:25:42)
    at __webpack_exec__ (file://C:\work\studio presence\frontend\.next\server\app\[tenant]\(site)\page.js:1014:39)
    at <unknown> (file://C:\work\studio presence\frontend\.next\server\app\[tenant]\(site)\page.js:1015:199)
    at __webpack_require__.X (file://C:\work\studio presence\frontend\.next\server\webpack-runtime.js:155:21)
[ 2888275ms] [LOG] [HMR] connected @ webpack-internal:///(pages-dir-browser)/../node_modules/next/dist/client/dev/hot-reloader/pages/websocket.js:45
[ 2901422ms] [ERROR] Failed to load resource: the server responded with a status of 404 (Not Found) @ http://ashish.localhost:3002/_next/static/webpack/c6410539d84900b4.webpack.hot-update.json:0
[ 2901422ms] [WARNING] [Fast Refresh] performing full reload because your application had an unrecoverable error @ webpack-internal:///(pages-dir-browser)/../node_modules/next/dist/client/dev/hot-reloader/pages/hot-reloader-pages.js:347
[ 2905849ms] [ERROR] Failed to load resource: the server responded with a status of 500 (Internal Server Error) @ http://ashish.localhost:3002/:0
[ 2910754ms] [INFO] %cDownload the React DevTools for a better development experience: https://react.dev/link/react-devtools font-weight:bold @ webpack-internal:///(pages-dir-browser)/../node_modules/react-dom/cjs/react-dom-client.development.js:28004
[ 2910819ms] TypeError: __webpack_modules__[moduleId] is not a function
    at __webpack_require__ (file://C:\work\studio presence\frontend\.next\server\webpack-runtime.js:25:42)
    at eval (webpack-internal:///(rsc)/../node_modules/next/dist/server/app-render/encryption-utils.js:40:35)
    at <unknown> (rsc)/../node_modules/next/dist/server/app-render/encryption-utils.js (C:\work\studio presence\frontend\.next\server\vendor-chunks\next.js:1902:1)
    at __webpack_require__ (file://C:\work\studio presence\frontend\.next\server\webpack-runtime.js:25:42)
    at eval (webpack-internal:///(rsc)/../node_modules/next/dist/build/webpack/loaders/next-app-loader/index.js?name=app%2F%5Btenant%5D%2F(site)%2Fpage&page=%2F%5Btenant%5D%2F(site)%2Fpage&appPaths=%2F%5Btenant%5D%2F(site)%2Fpage&pagePath=private-next-app-dir%2F%5Btenant%5D%2F(site)%2Fpage.tsx&appDir=C%3A%5Cwork%5Cstudio%20presence%5Cfrontend%5Capp&pageExtensions=tsx&pageExtensions=ts&pageExtensions=jsx&pageExtensions=js&rootDir=C%3A%5Cwork%5Cstudio%20presence%5Cfrontend&isDev=true&tsconfigPath=tsconfig.json&basePath=&assetPrefix=&nextConfigOutput=&preferredRegion=&middlewareConfig=e30%3D&isGlobalNotFoundEnabled=!:28:103)
    at <unknown> (rsc)/../node_modules/next/dist/build/webpack/loaders/next-app-loader/index.js?name=app%2F%5Btenant%5D%2F(site)%2Fpage&page=%2F%5Btenant%5D%2F(site)%2Fpage&appPaths=%2F%5Btenant%5D%2F(site)%2Fpage&pagePath=private-next-app-dir%2F%5Btenant%5D%2F(site)%2Fpage.tsx&appDir=C%3A%5Cwork%5Cstudio%20presence%5Cfrontend%5Capp&pageExtensions=tsx&pageExtensions=ts&pageExtensions=jsx&pageExtensions=js&rootDir=C%3A%5Cwork%5Cstudio%20presence%5Cfrontend&isDev=true&tsconfigPath=tsconfig.json&basePath=&assetPrefix=&nextConfigOutput=&preferredRegion=&middlewareConfig=e30%3D&isGlobalNotFoundEnabled=! (C:\work\studio presence\frontend\.next\server\app\[tenant]\(site)\page.js:198:1)
    at __webpack_require__ (file://C:\work\studio presence\frontend\.next\server\webpack-runtime.js:25:42)
    at __webpack_exec__ (file://C:\work\studio presence\frontend\.next\server\app\[tenant]\(site)\page.js:1014:39)
    at <unknown> (file://C:\work\studio presence\frontend\.next\server\app\[tenant]\(site)\page.js:1015:199)
    at __webpack_require__.X (file://C:\work\studio presence\frontend\.next\server\webpack-runtime.js:155:21)
[ 2910785ms] [LOG] [HMR] connected @ webpack-internal:///(pages-dir-browser)/../node_modules/next/dist/client/dev/hot-reloader/pages/websocket.js:45
[ 2921731ms] [ERROR] Failed to load resource: the server responded with a status of 404 (Not Found) @ http://ashish.localhost:3002/_next/static/webpack/c6410539d84900b4.webpack.hot-update.json:0
[ 2921731ms] [WARNING] [Fast Refresh] performing full reload because your application had an unrecoverable error @ webpack-internal:///(pages-dir-browser)/../node_modules/next/dist/client/dev/hot-reloader/pages/hot-reloader-pages.js:347
[ 2931298ms] [ERROR] Failed to load resource: the server responded with a status of 500 (Internal Server Error) @ http://ashish.localhost:3002/:0
[ 2937614ms] [INFO] %cDownload the React DevTools for a better development experience: https://react.dev/link/react-devtools font-weight:bold @ webpack-internal:///(pages-dir-browser)/../node_modules/react-dom/cjs/react-dom-client.development.js:28004
[ 2937715ms] TypeError: __webpack_modules__[moduleId] is not a function
    at __webpack_require__ (file://C:\work\studio presence\frontend\.next\server\webpack-runtime.js:25:42)
    at eval (webpack-internal:///(rsc)/../node_modules/next/dist/server/app-render/encryption-utils.js:40:35)
    at <unknown> (rsc)/../node_modules/next/dist/server/app-render/encryption-utils.js (C:\work\studio presence\frontend\.next\server\vendor-chunks\next.js:1902:1)
    at __webpack_require__ (file://C:\work\studio presence\frontend\.next\server\webpack-runtime.js:25:42)
    at eval (webpack-internal:///(rsc)/../node_modules/next/dist/build/webpack/loaders/next-app-loader/index.js?name=app%2F%5Btenant%5D%2F(site)%2Fpage&page=%2F%5Btenant%5D%2F(site)%2Fpage&appPaths=%2F%5Btenant%5D%2F(site)%2Fpage&pagePath=private-next-app-dir%2F%5Btenant%5D%2F(site)%2Fpage.tsx&appDir=C%3A%5Cwork%5Cstudio%20presence%5Cfrontend%5Capp&pageExtensions=tsx&pageExtensions=ts&pageExtensions=jsx&pageExtensions=js&rootDir=C%3A%5Cwork%5Cstudio%20presence%5Cfrontend&isDev=true&tsconfigPath=tsconfig.json&basePath=&assetPrefix=&nextConfigOutput=&preferredRegion=&middlewareConfig=e30%3D&isGlobalNotFoundEnabled=!:28:103)
    at <unknown> (rsc)/../node_modules/next/dist/build/webpack/loaders/next-app-loader/index.js?name=app%2F%5Btenant%5D%2F(site)%2Fpage&page=%2F%5Btenant%5D%2F(site)%2Fpage&appPaths=%2F%5Btenant%5D%2F(site)%2Fpage&pagePath=private-next-app-dir%2F%5Btenant%5D%2F(site)%2Fpage.tsx&appDir=C%3A%5Cwork%5Cstudio%20presence%5Cfrontend%5Capp&pageExtensions=tsx&pageExtensions=ts&pageExtensions=jsx&pageExtensions=js&rootDir=C%3A%5Cwork%5Cstudio%20presence%5Cfrontend&isDev=true&tsconfigPath=tsconfig.json&basePath=&assetPrefix=&nextConfigOutput=&preferredRegion=&middlewareConfig=e30%3D&isGlobalNotFoundEnabled=! (C:\work\studio presence\frontend\.next\server\app\[tenant]\(site)\page.js:198:1)
    at __webpack_require__ (file://C:\work\studio presence\frontend\.next\server\webpack-runtime.js:25:42)
    at __webpack_exec__ (file://C:\work\studio presence\frontend\.next\server\app\[tenant]\(site)\page.js:1014:39)
    at <unknown> (file://C:\work\studio presence\frontend\.next\server\app\[tenant]\(site)\page.js:1015:199)
    at __webpack_require__.X (file://C:\work\studio presence\frontend\.next\server\webpack-runtime.js:155:21)
[ 2937678ms] [LOG] [HMR] connected @ webpack-internal:///(pages-dir-browser)/../node_modules/next/dist/client/dev/hot-reloader/pages/websocket.js:45
[ 2951674ms] [ERROR] Failed to load resource: the server responded with a status of 404 (Not Found) @ http://ashish.localhost:3002/_next/static/webpack/c6410539d84900b4.webpack.hot-update.json:0
[ 2951675ms] [WARNING] [Fast Refresh] performing full reload because your application had an unrecoverable error @ webpack-internal:///(pages-dir-browser)/../node_modules/next/dist/client/dev/hot-reloader/pages/hot-reloader-pages.js:347
[ 2959178ms] [ERROR] Failed to load resource: the server responded with a status of 500 (Internal Server Error) @ http://ashish.localhost:3002/:0
[ 2959561ms] [INFO] %cDownload the React DevTools for a better development experience: https://react.dev/link/react-devtools font-weight:bold @ webpack-internal:///(pages-dir-browser)/../node_modules/react-dom/cjs/react-dom-client.development.js:28004
[ 2959593ms] TypeError: __webpack_modules__[moduleId] is not a function
    at __webpack_require__ (file://C:\work\studio presence\frontend\.next\server\webpack-runtime.js:25:42)
    at eval (webpack-internal:///(rsc)/../node_modules/next/dist/server/app-render/encryption-utils.js:40:35)
    at <unknown> (rsc)/../node_modules/next/dist/server/app-render/encryption-utils.js (C:\work\studio presence\frontend\.next\server\vendor-chunks\next.js:1902:1)
    at __webpack_require__ (file://C:\work\studio presence\frontend\.next\server\webpack-runtime.js:25:42)
    at eval (webpack-internal:///(rsc)/../node_modules/next/dist/build/webpack/loaders/next-app-loader/index.js?name=app%2F%5Btenant%5D%2F(site)%2Fpage&page=%2F%5Btenant%5D%2F(site)%2Fpage&appPaths=%2F%5Btenant%5D%2F(site)%2Fpage&pagePath=private-next-app-dir%2F%5Btenant%5D%2F(site)%2Fpage.tsx&appDir=C%3A%5Cwork%5Cstudio%20presence%5Cfrontend%5Capp&pageExtensions=tsx&pageExtensions=ts&pageExtensions=jsx&pageExtensions=js&rootDir=C%3A%5Cwork%5Cstudio%20presence%5Cfrontend&isDev=true&tsconfigPath=tsconfig.json&basePath=&assetPrefix=&nextConfigOutput=&preferredRegion=&middlewareConfig=e30%3D&isGlobalNotFoundEnabled=!:28:103)
    at <unknown> (rsc)/../node_modules/next/dist/build/webpack/loaders/next-app-loader/index.js?name=app%2F%5Btenant%5D%2F(site)%2Fpage&page=%2F%5Btenant%5D%2F(site)%2Fpage&appPaths=%2F%5Btenant%5D%2F(site)%2Fpage&pagePath=private-next-app-dir%2F%5Btenant%5D%2F(site)%2Fpage.tsx&appDir=C%3A%5Cwork%5Cstudio%20presence%5Cfrontend%5Capp&pageExtensions=tsx&pageExtensions=ts&pageExtensions=jsx&pageExtensions=js&rootDir=C%3A%5Cwork%5Cstudio%20presence%5Cfrontend&isDev=true&tsconfigPath=tsconfig.json&basePath=&assetPrefix=&nextConfigOutput=&preferredRegion=&middlewareConfig=e30%3D&isGlobalNotFoundEnabled=! (C:\work\studio presence\frontend\.next\server\app\[tenant]\(site)\page.js:198:1)
    at __webpack_require__ (file://C:\work\studio presence\frontend\.next\server\webpack-runtime.js:25:42)
    at __webpack_exec__ (file://C:\work\studio presence\frontend\.next\server\app\[tenant]\(site)\page.js:1014:39)
    at <unknown> (file://C:\work\studio presence\frontend\.next\server\app\[tenant]\(site)\page.js:1015:199)
    at __webpack_require__.X (file://C:\work\studio presence\frontend\.next\server\webpack-runtime.js:155:21)
[ 2959590ms] [LOG] [HMR] connected @ webpack-internal:///(pages-dir-browser)/../node_modules/next/dist/client/dev/hot-reloader/pages/websocket.js:45
