[    1907ms] [INFO] %cDownload the React DevTools for a better development experience: https://react.dev/link/react-devtools font-weight:bold @ webpack-internal:///(app-pages-browser)/../node_modules/next/dist/compiled/react-dom/cjs/react-dom-client.development.js:25630
[    1983ms] [WARNING] %c%s%c 
Config warnings for "ashish-interiors":

  warning  sections.inquiryForm.accessKeyEnv
           names env var "WEB3FORMS_ASHISH", which is not set. The form would render and silently post nowhere — a lost enquiry looks exactly like no enquiry.
 background: #e6e6e6;background: light-dark(rgba(0,0,0,0.1), rgba(255,255,255,0.25));color: #000000;color: light-dark(#000000, #ffffff);border-radius: 2px  Server   @ about://React/Server/webpack-internal:///(rsc)/../backend/src/config/load.ts?2:72
[    1997ms] [WARNING] %c%s%c 
Config warnings for "ashish-interiors":

  warning  sections.inquiryForm.accessKeyEnv
           names env var "WEB3FORMS_ASHISH", which is not set. The form would render and silently post nowhere — a lost enquiry looks exactly like no enquiry.
 background: #e6e6e6;background: light-dark(rgba(0,0,0,0.1), rgba(255,255,255,0.25));color: #000000;color: light-dark(#000000, #ffffff);border-radius: 2px  Server   @ about://React/Server/webpack-internal:///(rsc)/../backend/src/config/load.ts?2:72
[    1997ms] [WARNING] %c%s%c 
Config warnings for "ashish-interiors":

  warning  sections.inquiryForm.accessKeyEnv
           names env var "WEB3FORMS_ASHISH", which is not set. The form would render and silently post nowhere — a lost enquiry looks exactly like no enquiry.
 background: #e6e6e6;background: light-dark(rgba(0,0,0,0.1), rgba(255,255,255,0.25));color: #000000;color: light-dark(#000000, #ffffff);border-radius: 2px  Server   @ about://React/Server/webpack-internal:///(rsc)/../backend/src/config/load.ts?2:72
[    2116ms] [ERROR] Failed to load resource: the server responded with a status of 404 (Not Found) @ http://ashish.localhost:3002/fonts/archivo/archivo-latin-ext.woff2:0
[    3056ms] [ERROR] Failed to load resource: the server responded with a status of 404 (Not Found) @ http://ashish.localhost:3002/favicon.ico:0
[    3171ms] [ERROR] Failed to load resource: the server responded with a status of 404 (Not Found) @ http://ashish.localhost:3002/fonts/archivo/archivo-latin.woff2:0
[    6425ms] [WARNING] The resource http://ashish.localhost:3002/_next/static/css/app/layout.css?v=1786546849465 was preloaded using link preload but not used within a few seconds from the window's load event. Please make sure it has an appropriate `as` value and it is preloaded intentionally. @ http://ashish.localhost:3002/:0
[    6425ms] [WARNING] The resource http://ashish.localhost:3002/_next/static/css/app/layout.css?v=1786546850635 was preloaded using link preload but not used within a few seconds from the window's load event. Please make sure it has an appropriate `as` value and it is preloaded intentionally. @ http://ashish.localhost:3002/:0
[    6425ms] [WARNING] The resource http://ashish.localhost:3002/_next/static/css/app/layout.css?v=1786546850427 was preloaded using link preload but not used within a few seconds from the window's load event. Please make sure it has an appropriate `as` value and it is preloaded intentionally. @ http://ashish.localhost:3002/:0
[   48666ms] [WARNING] The resource http://ashish.localhost:3002/_next/static/css/app/layout.css?v=1786546849465 was preloaded using link preload but not used within a few seconds from the window's load event. Please make sure it has an appropriate `as` value and it is preloaded intentionally. @ http://ashish.localhost:3002/:0
[   48666ms] [WARNING] The resource http://ashish.localhost:3002/_next/static/css/app/layout.css?v=1786546850635 was preloaded using link preload but not used within a few seconds from the window's load event. Please make sure it has an appropriate `as` value and it is preloaded intentionally. @ http://ashish.localhost:3002/:0
[   48666ms] [WARNING] The resource http://ashish.localhost:3002/_next/static/css/app/layout.css?v=1786546850427 was preloaded using link preload but not used within a few seconds from the window's load event. Please make sure it has an appropriate `as` value and it is preloaded intentionally. @ http://ashish.localhost:3002/:0
[   70336ms] [WARNING] The resource http://ashish.localhost:3002/_next/static/css/app/layout.css?v=1786546849465 was preloaded using link preload but not used within a few seconds from the window's load event. Please make sure it has an appropriate `as` value and it is preloaded intentionally. @ http://ashish.localhost:3002/:0
[   70336ms] [WARNING] The resource http://ashish.localhost:3002/_next/static/css/app/layout.css?v=1786546850635 was preloaded using link preload but not used within a few seconds from the window's load event. Please make sure it has an appropriate `as` value and it is preloaded intentionally. @ http://ashish.localhost:3002/:0
[   70336ms] [WARNING] The resource http://ashish.localhost:3002/_next/static/css/app/layout.css?v=1786546850427 was preloaded using link preload but not used within a few seconds from the window's load event. Please make sure it has an appropriate `as` value and it is preloaded intentionally. @ http://ashish.localhost:3002/:0
[   74224ms] [LOG] [Fast Refresh] rebuilding @ webpack-internal:///(app-pages-browser)/../node_modules/next/dist/client/dev/hot-reloader/app/hot-reloader-app.js:196
[   74912ms] [LOG] [Fast Refresh] rebuilding @ webpack-internal:///(app-pages-browser)/../node_modules/next/dist/client/dev/hot-reloader/app/hot-reloader-app.js:196
[   75032ms] [LOG] [Fast Refresh] done in 119ms @ webpack-internal:///(app-pages-browser)/../node_modules/next/dist/client/dev/report-hmr-latency.js:13
[   75805ms] [LOG] [Fast Refresh] done in 892ms @ webpack-internal:///(app-pages-browser)/../node_modules/next/dist/client/dev/report-hmr-latency.js:13
[   78808ms] [WARNING] The resource http://ashish.localhost:3002/_next/static/css/app/layout.css?v=1786546849465 was preloaded using link preload but not used within a few seconds from the window's load event. Please make sure it has an appropriate `as` value and it is preloaded intentionally. @ http://ashish.localhost:3002/:0
[   78808ms] [WARNING] The resource http://ashish.localhost:3002/_next/static/css/app/layout.css?v=1786546850635 was preloaded using link preload but not used within a few seconds from the window's load event. Please make sure it has an appropriate `as` value and it is preloaded intentionally. @ http://ashish.localhost:3002/:0
[   78808ms] [WARNING] The resource http://ashish.localhost:3002/_next/static/css/app/layout.css?v=1786546850427 was preloaded using link preload but not used within a few seconds from the window's load event. Please make sure it has an appropriate `as` value and it is preloaded intentionally. @ http://ashish.localhost:3002/:0
[   79062ms] [WARNING] %c%s%c 
Config warnings for "ashish-interiors":

  warning  sections.inquiryForm.accessKeyEnv
           names env var "WEB3FORMS_ASHISH", which is not set. The form would render and silently post nowhere — a lost enquiry looks exactly like no enquiry.
 background: #e6e6e6;background: light-dark(rgba(0,0,0,0.1), rgba(255,255,255,0.25));color: #000000;color: light-dark(#000000, #ffffff);border-radius: 2px  Server   @ about://React/Server/webpack-internal:///(rsc)/../backend/src/config/load.ts?2:72
[   79063ms] [WARNING] %c%s%c 
Config warnings for "ashish-interiors":

  warning  sections.inquiryForm.accessKeyEnv
           names env var "WEB3FORMS_ASHISH", which is not set. The form would render and silently post nowhere — a lost enquiry looks exactly like no enquiry.
 background: #e6e6e6;background: light-dark(rgba(0,0,0,0.1), rgba(255,255,255,0.25));color: #000000;color: light-dark(#000000, #ffffff);border-radius: 2px  Server   @ about://React/Server/webpack-internal:///(rsc)/../backend/src/config/load.ts?2:72
[   81527ms] [WARNING] %c%s%c 
Config warnings for "ashish-interiors":

  warning  sections.inquiryForm.accessKeyEnv
           names env var "WEB3FORMS_ASHISH", which is not set. The form would render and silently post nowhere — a lost enquiry looks exactly like no enquiry.
 background: #e6e6e6;background: light-dark(rgba(0,0,0,0.1), rgba(255,255,255,0.25));color: #000000;color: light-dark(#000000, #ffffff);border-radius: 2px  Server   @ about://React/Server/webpack-internal:///(rsc)/../backend/src/config/load.ts?2:72
[   82182ms] [WARNING] The resource http://ashish.localhost:3002/_next/static/css/app/layout.css?v=1786546849465 was preloaded using link preload but not used within a few seconds from the window's load event. Please make sure it has an appropriate `as` value and it is preloaded intentionally. @ http://ashish.localhost:3002/:0
[   82182ms] [WARNING] The resource http://ashish.localhost:3002/_next/static/css/app/layout.css?v=1786546850635 was preloaded using link preload but not used within a few seconds from the window's load event. Please make sure it has an appropriate `as` value and it is preloaded intentionally. @ http://ashish.localhost:3002/:0
[   82182ms] [WARNING] The resource http://ashish.localhost:3002/_next/static/css/app/layout.css?v=1786546850427 was preloaded using link preload but not used within a few seconds from the window's load event. Please make sure it has an appropriate `as` value and it is preloaded intentionally. @ http://ashish.localhost:3002/:0
[   83969ms] [LOG] [Fast Refresh] rebuilding @ webpack-internal:///(app-pages-browser)/../node_modules/next/dist/client/dev/hot-reloader/app/hot-reloader-app.js:196
[   85968ms] [LOG] [Fast Refresh] rebuilding @ webpack-internal:///(app-pages-browser)/../node_modules/next/dist/client/dev/hot-reloader/app/hot-reloader-app.js:196
[   86083ms] [ERROR] Failed to load resource: the server responded with a status of 404 (Not Found) @ http://ashish.localhost:3002/fonts/archivo/archivo-latin-ext.woff2:0
[   86365ms] [LOG] [Fast Refresh] done in 398ms @ webpack-internal:///(app-pages-browser)/../node_modules/next/dist/client/dev/report-hmr-latency.js:13
[   89086ms] [WARNING] The resource http://ashish.localhost:3002/_next/static/css/app/layout.css?v=1786546849465 was preloaded using link preload but not used within a few seconds from the window's load event. Please make sure it has an appropriate `as` value and it is preloaded intentionally. @ http://ashish.localhost:3002/:0
[   89086ms] [WARNING] The resource http://ashish.localhost:3002/_next/static/css/app/layout.css?v=1786546850635 was preloaded using link preload but not used within a few seconds from the window's load event. Please make sure it has an appropriate `as` value and it is preloaded intentionally. @ http://ashish.localhost:3002/:0
[   89087ms] [WARNING] The resource http://ashish.localhost:3002/_next/static/css/app/layout.css?v=1786546850427 was preloaded using link preload but not used within a few seconds from the window's load event. Please make sure it has an appropriate `as` value and it is preloaded intentionally. @ http://ashish.localhost:3002/:0
[   89087ms] [WARNING] The resource http://ashish.localhost:3002/_next/static/css/app/layout.css?v=1786546931420 was preloaded using link preload but not used within a few seconds from the window's load event. Please make sure it has an appropriate `as` value and it is preloaded intentionally. @ http://ashish.localhost:3002/:0
[   89792ms] [LOG] [Fast Refresh] done in 3825ms @ webpack-internal:///(app-pages-browser)/../node_modules/next/dist/client/dev/report-hmr-latency.js:13
[   93332ms] [LOG] [Fast Refresh] rebuilding @ webpack-internal:///(app-pages-browser)/../node_modules/next/dist/client/dev/hot-reloader/app/hot-reloader-app.js:196
[   97478ms] [LOG] [Fast Refresh] rebuilding @ webpack-internal:///(app-pages-browser)/../node_modules/next/dist/client/dev/hot-reloader/app/hot-reloader-app.js:196
[   98367ms] [LOG] [Fast Refresh] done in 889ms @ webpack-internal:///(app-pages-browser)/../node_modules/next/dist/client/dev/report-hmr-latency.js:13
[   98404ms] [ERROR] Failed to load resource: the server responded with a status of 404 (Not Found) @ http://ashish.localhost:3002/fonts/archivo/archivo-latin.woff2:0
[  101462ms] [WARNING] The resource http://ashish.localhost:3002/_next/static/css/app/layout.css?v=1786546849465 was preloaded using link preload but not used within a few seconds from the window's load event. Please make sure it has an appropriate `as` value and it is preloaded intentionally. @ http://ashish.localhost:3002/:0
[  101462ms] [WARNING] The resource http://ashish.localhost:3002/_next/static/css/app/layout.css?v=1786546850635 was preloaded using link preload but not used within a few seconds from the window's load event. Please make sure it has an appropriate `as` value and it is preloaded intentionally. @ http://ashish.localhost:3002/:0
[  101462ms] [WARNING] The resource http://ashish.localhost:3002/_next/static/css/app/layout.css?v=1786546850427 was preloaded using link preload but not used within a few seconds from the window's load event. Please make sure it has an appropriate `as` value and it is preloaded intentionally. @ http://ashish.localhost:3002/:0
[  101462ms] [WARNING] The resource http://ashish.localhost:3002/_next/static/css/app/layout.css?v=1786546931420 was preloaded using link preload but not used within a few seconds from the window's load event. Please make sure it has an appropriate `as` value and it is preloaded intentionally. @ http://ashish.localhost:3002/:0
[  101463ms] [WARNING] The resource http://ashish.localhost:3002/_next/static/css/app/layout.css?v=1786546940584 was preloaded using link preload but not used within a few seconds from the window's load event. Please make sure it has an appropriate `as` value and it is preloaded intentionally. @ http://ashish.localhost:3002/:0
[  105189ms] [LOG] [Fast Refresh] done in 7712ms @ webpack-internal:///(app-pages-browser)/../node_modules/next/dist/client/dev/report-hmr-latency.js:13
[  108194ms] [WARNING] The resource http://ashish.localhost:3002/_next/static/css/app/layout.css?v=1786546849465 was preloaded using link preload but not used within a few seconds from the window's load event. Please make sure it has an appropriate `as` value and it is preloaded intentionally. @ http://ashish.localhost:3002/:0
[  108194ms] [WARNING] The resource http://ashish.localhost:3002/_next/static/css/app/layout.css?v=1786546850635 was preloaded using link preload but not used within a few seconds from the window's load event. Please make sure it has an appropriate `as` value and it is preloaded intentionally. @ http://ashish.localhost:3002/:0
[  108194ms] [WARNING] The resource http://ashish.localhost:3002/_next/static/css/app/layout.css?v=1786546850427 was preloaded using link preload but not used within a few seconds from the window's load event. Please make sure it has an appropriate `as` value and it is preloaded intentionally. @ http://ashish.localhost:3002/:0
[  108194ms] [WARNING] The resource http://ashish.localhost:3002/_next/static/css/app/layout.css?v=1786546931420 was preloaded using link preload but not used within a few seconds from the window's load event. Please make sure it has an appropriate `as` value and it is preloaded intentionally. @ http://ashish.localhost:3002/:0
[  108194ms] [WARNING] The resource http://ashish.localhost:3002/_next/static/css/app/layout.css?v=1786546940584 was preloaded using link preload but not used within a few seconds from the window's load event. Please make sure it has an appropriate `as` value and it is preloaded intentionally. @ http://ashish.localhost:3002/:0
[  113702ms] [ERROR] Failed to load resource: the server responded with a status of 500 (Internal Server Error) @ http://ashish.localhost:3002/?_rsc=2ZL8-t2IdCHEVvgs:0
[  114835ms] [WARNING] %c%s%c 
Config warnings for "ashish-interiors":

  warning  sections.inquiryForm.accessKeyEnv
           names env var "WEB3FORMS_ASHISH", which is not set. The form would render and silently post nowhere — a lost enquiry looks exactly like no enquiry.
 background: #e6e6e6;background: light-dark(rgba(0,0,0,0.1), rgba(255,255,255,0.25));color: #000000;color: light-dark(#000000, #ffffff);border-radius: 2px  Server   @ about://React/Server/webpack-internal:///(rsc)/../backend/src/config/load.ts?2:72
[  114835ms] [WARNING] %c%s%c 
Config warnings for "ashish-interiors":

  warning  sections.inquiryForm.accessKeyEnv
           names env var "WEB3FORMS_ASHISH", which is not set. The form would render and silently post nowhere — a lost enquiry looks exactly like no enquiry.
 background: #e6e6e6;background: light-dark(rgba(0,0,0,0.1), rgba(255,255,255,0.25));color: #000000;color: light-dark(#000000, #ffffff);border-radius: 2px  Server   @ about://React/Server/webpack-internal:///(rsc)/../backend/src/config/load.ts?2:72
[  116650ms] [WARNING] %c%s%c 
Config warnings for "ashish-interiors":

  warning  sections.inquiryForm.accessKeyEnv
           names env var "WEB3FORMS_ASHISH", which is not set. The form would render and silently post nowhere — a lost enquiry looks exactly like no enquiry.
 background: #e6e6e6;background: light-dark(rgba(0,0,0,0.1), rgba(255,255,255,0.25));color: #000000;color: light-dark(#000000, #ffffff);border-radius: 2px  Server   @ about://React/Server/webpack-internal:///(rsc)/../backend/src/config/load.ts?2:72
[  116650ms] [WARNING] %c%s%c 
Config warnings for "ashish-interiors":

  warning  sections.inquiryForm.accessKeyEnv
           names env var "WEB3FORMS_ASHISH", which is not set. The form would render and silently post nowhere — a lost enquiry looks exactly like no enquiry.
 background: #e6e6e6;background: light-dark(rgba(0,0,0,0.1), rgba(255,255,255,0.25));color: #000000;color: light-dark(#000000, #ffffff);border-radius: 2px  Server   @ about://React/Server/webpack-internal:///(rsc)/../backend/src/config/load.ts?2:72
[  118314ms] [WARNING] %c%s%c 
Config warnings for "ashish-interiors":

  warning  sections.inquiryForm.accessKeyEnv
           names env var "WEB3FORMS_ASHISH", which is not set. The form would render and silently post nowhere — a lost enquiry looks exactly like no enquiry.
 background: #e6e6e6;background: light-dark(rgba(0,0,0,0.1), rgba(255,255,255,0.25));color: #000000;color: light-dark(#000000, #ffffff);border-radius: 2px  Server   @ about://React/Server/webpack-internal:///(rsc)/../backend/src/config/load.ts?2:72
[  118314ms] [WARNING] %c%s%c 
Config warnings for "ashish-interiors":

  warning  sections.inquiryForm.accessKeyEnv
           names env var "WEB3FORMS_ASHISH", which is not set. The form would render and silently post nowhere — a lost enquiry looks exactly like no enquiry.
 background: #e6e6e6;background: light-dark(rgba(0,0,0,0.1), rgba(255,255,255,0.25));color: #000000;color: light-dark(#000000, #ffffff);border-radius: 2px  Server   @ about://React/Server/webpack-internal:///(rsc)/../backend/src/config/load.ts?2:72
[  118636ms] [WARNING] %c%s%c 
Config warnings for "ashish-interiors":

  warning  sections.inquiryForm.accessKeyEnv
           names env var "WEB3FORMS_ASHISH", which is not set. The form would render and silently post nowhere — a lost enquiry looks exactly like no enquiry.
 background: #e6e6e6;background: light-dark(rgba(0,0,0,0.1), rgba(255,255,255,0.25));color: #000000;color: light-dark(#000000, #ffffff);border-radius: 2px  Server   @ about://React/Server/webpack-internal:///(rsc)/../backend/src/config/load.ts?2:72
[  120435ms] [WARNING] %c%s%c 
Config warnings for "ashish-interiors":

  warning  sections.inquiryForm.accessKeyEnv
           names env var "WEB3FORMS_ASHISH", which is not set. The form would render and silently post nowhere — a lost enquiry looks exactly like no enquiry.
 background: #e6e6e6;background: light-dark(rgba(0,0,0,0.1), rgba(255,255,255,0.25));color: #000000;color: light-dark(#000000, #ffffff);border-radius: 2px  Server   @ about://React/Server/webpack-internal:///(rsc)/../backend/src/config/load.ts?2:72
[  120676ms] [WARNING] %c%s%c 
Config warnings for "ashish-interiors":

  warning  sections.inquiryForm.accessKeyEnv
           names env var "WEB3FORMS_ASHISH", which is not set. The form would render and silently post nowhere — a lost enquiry looks exactly like no enquiry.
 background: #e6e6e6;background: light-dark(rgba(0,0,0,0.1), rgba(255,255,255,0.25));color: #000000;color: light-dark(#000000, #ffffff);border-radius: 2px  Server   @ about://React/Server/webpack-internal:///(rsc)/../backend/src/config/load.ts?2:72
[  126767ms] [ERROR] Failed to load resource: the server responded with a status of 404 (Not Found) @ http://ashish.localhost:3002/fonts/archivo/archivo-latin-ext.woff2:0
[  128382ms] [INFO] %cDownload the React DevTools for a better development experience: https://react.dev/link/react-devtools font-weight:bold @ webpack-internal:///(app-pages-browser)/../node_modules/next/dist/compiled/react-dom/cjs/react-dom-client.development.js:25630
[  128459ms] [WARNING] %c%s%c 
Config warnings for "ashish-interiors":

  warning  sections.inquiryForm.accessKeyEnv
           names env var "WEB3FORMS_ASHISH", which is not set. The form would render and silently post nowhere — a lost enquiry looks exactly like no enquiry.
 background: #e6e6e6;background: light-dark(rgba(0,0,0,0.1), rgba(255,255,255,0.25));color: #000000;color: light-dark(#000000, #ffffff);border-radius: 2px  Server   @ about://React/Server/webpack-internal:///(rsc)/../backend/src/config/load.ts?2:72
[  128460ms] [WARNING] %c%s%c 
Config warnings for "ashish-interiors":

  warning  sections.inquiryForm.accessKeyEnv
           names env var "WEB3FORMS_ASHISH", which is not set. The form would render and silently post nowhere — a lost enquiry looks exactly like no enquiry.
 background: #e6e6e6;background: light-dark(rgba(0,0,0,0.1), rgba(255,255,255,0.25));color: #000000;color: light-dark(#000000, #ffffff);border-radius: 2px  Server   @ about://React/Server/webpack-internal:///(rsc)/../backend/src/config/load.ts?2:72
[  128461ms] [WARNING] %c%s%c 
Config warnings for "ashish-interiors":

  warning  sections.inquiryForm.accessKeyEnv
           names env var "WEB3FORMS_ASHISH", which is not set. The form would render and silently post nowhere — a lost enquiry looks exactly like no enquiry.
 background: #e6e6e6;background: light-dark(rgba(0,0,0,0.1), rgba(255,255,255,0.25));color: #000000;color: light-dark(#000000, #ffffff);border-radius: 2px  Server   @ about://React/Server/webpack-internal:///(rsc)/../backend/src/config/load.ts?2:72
[  128508ms] [ERROR] Failed to load resource: the server responded with a status of 404 (Not Found) @ http://ashish.localhost:3002/fonts/archivo/archivo-latin.woff2:0
[  131770ms] [WARNING] The resource http://ashish.localhost:3002/_next/static/css/app/layout.css?v=1786546973614 was preloaded using link preload but not used within a few seconds from the window's load event. Please make sure it has an appropriate `as` value and it is preloaded intentionally. @ http://ashish.localhost:3002/:0
[  131770ms] [WARNING] The resource http://ashish.localhost:3002/_next/static/css/app/layout.css?v=1786546975374 was preloaded using link preload but not used within a few seconds from the window's load event. Please make sure it has an appropriate `as` value and it is preloaded intentionally. @ http://ashish.localhost:3002/:0
[  133339ms] [LOG] [Fast Refresh] rebuilding @ webpack-internal:///(app-pages-browser)/../node_modules/next/dist/client/dev/hot-reloader/app/hot-reloader-app.js:196
[  136617ms] [LOG] [Fast Refresh] rebuilding @ webpack-internal:///(app-pages-browser)/../node_modules/next/dist/client/dev/hot-reloader/app/hot-reloader-app.js:196
[  136982ms] [LOG] [Fast Refresh] done in 366ms @ webpack-internal:///(app-pages-browser)/../node_modules/next/dist/client/dev/report-hmr-latency.js:13
[  138438ms] [LOG] [Fast Refresh] done in 1822ms @ webpack-internal:///(app-pages-browser)/../node_modules/next/dist/client/dev/report-hmr-latency.js:13
[  138971ms] [WARNING] %c%s%c 
Config warnings for "ashish-interiors":

  warning  sections.inquiryForm.accessKeyEnv
           names env var "WEB3FORMS_ASHISH", which is not set. The form would render and silently post nowhere — a lost enquiry looks exactly like no enquiry.
 background: #e6e6e6;background: light-dark(rgba(0,0,0,0.1), rgba(255,255,255,0.25));color: #000000;color: light-dark(#000000, #ffffff);border-radius: 2px  Server   @ about://React/Server/webpack-internal:///(rsc)/../backend/src/config/load.ts?2:72
[  138971ms] [WARNING] %c%s%c 
Config warnings for "ashish-interiors":

  warning  sections.inquiryForm.accessKeyEnv
           names env var "WEB3FORMS_ASHISH", which is not set. The form would render and silently post nowhere — a lost enquiry looks exactly like no enquiry.
 background: #e6e6e6;background: light-dark(rgba(0,0,0,0.1), rgba(255,255,255,0.25));color: #000000;color: light-dark(#000000, #ffffff);border-radius: 2px  Server   @ about://React/Server/webpack-internal:///(rsc)/../backend/src/config/load.ts?2:72
[  139746ms] [WARNING] %c%s%c 
Config warnings for "ashish-interiors":

  warning  sections.inquiryForm.accessKeyEnv
           names env var "WEB3FORMS_ASHISH", which is not set. The form would render and silently post nowhere — a lost enquiry looks exactly like no enquiry.
 background: #e6e6e6;background: light-dark(rgba(0,0,0,0.1), rgba(255,255,255,0.25));color: #000000;color: light-dark(#000000, #ffffff);border-radius: 2px  Server   @ about://React/Server/webpack-internal:///(rsc)/../backend/src/config/load.ts?2:72
[  139747ms] [WARNING] %c%s%c 
Config warnings for "ashish-interiors":

  warning  sections.inquiryForm.accessKeyEnv
           names env var "WEB3FORMS_ASHISH", which is not set. The form would render and silently post nowhere — a lost enquiry looks exactly like no enquiry.
 background: #e6e6e6;background: light-dark(rgba(0,0,0,0.1), rgba(255,255,255,0.25));color: #000000;color: light-dark(#000000, #ffffff);border-radius: 2px  Server   @ about://React/Server/webpack-internal:///(rsc)/../backend/src/config/load.ts?2:72
[  140013ms] [WARNING] %c%s%c 
Config warnings for "ashish-interiors":

  warning  sections.inquiryForm.accessKeyEnv
           names env var "WEB3FORMS_ASHISH", which is not set. The form would render and silently post nowhere — a lost enquiry looks exactly like no enquiry.
 background: #e6e6e6;background: light-dark(rgba(0,0,0,0.1), rgba(255,255,255,0.25));color: #000000;color: light-dark(#000000, #ffffff);border-radius: 2px  Server   @ about://React/Server/webpack-internal:///(rsc)/../backend/src/config/load.ts?2:72
[  140334ms] [WARNING] %c%s%c 
Config warnings for "ashish-interiors":

  warning  sections.inquiryForm.accessKeyEnv
           names env var "WEB3FORMS_ASHISH", which is not set. The form would render and silently post nowhere — a lost enquiry looks exactly like no enquiry.
 background: #e6e6e6;background: light-dark(rgba(0,0,0,0.1), rgba(255,255,255,0.25));color: #000000;color: light-dark(#000000, #ffffff);border-radius: 2px  Server   @ about://React/Server/webpack-internal:///(rsc)/../backend/src/config/load.ts?2:72
[  143063ms] [WARNING] The resource http://ashish.localhost:3002/_next/static/css/app/layout.css?v=1786546973614 was preloaded using link preload but not used within a few seconds from the window's load event. Please make sure it has an appropriate `as` value and it is preloaded intentionally. @ http://ashish.localhost:3002/:0
[  143063ms] [WARNING] The resource http://ashish.localhost:3002/_next/static/css/app/layout.css?v=1786546975374 was preloaded using link preload but not used within a few seconds from the window's load event. Please make sure it has an appropriate `as` value and it is preloaded intentionally. @ http://ashish.localhost:3002/:0
[  143749ms] [ERROR] Failed to load resource: the server responded with a status of 404 (Not Found) @ http://ashish.localhost:3002/fonts/archivo/archivo-latin-ext.woff2:0
[  146601ms] [ERROR] Failed to load resource: the server responded with a status of 404 (Not Found) @ http://ashish.localhost:3002/fonts/archivo/archivo-latin.woff2:0
[  146651ms] [LOG] [Fast Refresh] rebuilding @ webpack-internal:///(app-pages-browser)/../node_modules/next/dist/client/dev/hot-reloader/app/hot-reloader-app.js:196
[  147784ms] [LOG] [Fast Refresh] rebuilding @ webpack-internal:///(app-pages-browser)/../node_modules/next/dist/client/dev/hot-reloader/app/hot-reloader-app.js:196
[  147866ms] [LOG] [Fast Refresh] done in 83ms @ webpack-internal:///(app-pages-browser)/../node_modules/next/dist/client/dev/report-hmr-latency.js:13
[  149118ms] [LOG] [Fast Refresh] done in 1334ms @ webpack-internal:///(app-pages-browser)/../node_modules/next/dist/client/dev/report-hmr-latency.js:13
[  150595ms] [WARNING] %c%s%c 
Config warnings for "ashish-interiors":

  warning  sections.inquiryForm.accessKeyEnv
           names env var "WEB3FORMS_ASHISH", which is not set. The form would render and silently post nowhere — a lost enquiry looks exactly like no enquiry.
 background: #e6e6e6;background: light-dark(rgba(0,0,0,0.1), rgba(255,255,255,0.25));color: #000000;color: light-dark(#000000, #ffffff);border-radius: 2px  Server   @ about://React/Server/webpack-internal:///(rsc)/../backend/src/config/load.ts?2:72
[  150595ms] [WARNING] %c%s%c 
Config warnings for "ashish-interiors":

  warning  sections.inquiryForm.accessKeyEnv
           names env var "WEB3FORMS_ASHISH", which is not set. The form would render and silently post nowhere — a lost enquiry looks exactly like no enquiry.
 background: #e6e6e6;background: light-dark(rgba(0,0,0,0.1), rgba(255,255,255,0.25));color: #000000;color: light-dark(#000000, #ffffff);border-radius: 2px  Server   @ about://React/Server/webpack-internal:///(rsc)/../backend/src/config/load.ts?2:72
[  152119ms] [WARNING] The resource http://ashish.localhost:3002/_next/static/css/app/layout.css?v=1786546975374 was preloaded using link preload but not used within a few seconds from the window's load event. Please make sure it has an appropriate `as` value and it is preloaded intentionally. @ http://ashish.localhost:3002/:0
[  152119ms] [WARNING] The resource http://ashish.localhost:3002/_next/static/css/app/layout.css?v=1786546989566 was preloaded using link preload but not used within a few seconds from the window's load event. Please make sure it has an appropriate `as` value and it is preloaded intentionally. @ http://ashish.localhost:3002/:0
[  152119ms] [WARNING] The resource http://ashish.localhost:3002/_next/static/css/app/layout.css?v=1786546973614 was preloaded using link preload but not used within a few seconds from the window's load event. Please make sure it has an appropriate `as` value and it is preloaded intentionally. @ http://ashish.localhost:3002/:0
[  152119ms] [WARNING] The resource http://ashish.localhost:3002/_next/static/css/app/layout.css?v=1786546993434 was preloaded using link preload but not used within a few seconds from the window's load event. Please make sure it has an appropriate `as` value and it is preloaded intentionally. @ http://ashish.localhost:3002/:0
[  154210ms] [WARNING] %c%s%c 
Config warnings for "ashish-interiors":

  warning  sections.inquiryForm.accessKeyEnv
           names env var "WEB3FORMS_ASHISH", which is not set. The form would render and silently post nowhere — a lost enquiry looks exactly like no enquiry.
 background: #e6e6e6;background: light-dark(rgba(0,0,0,0.1), rgba(255,255,255,0.25));color: #000000;color: light-dark(#000000, #ffffff);border-radius: 2px  Server   @ about://React/Server/webpack-internal:///(rsc)/../backend/src/config/load.ts?2:72
[  154211ms] [WARNING] %c%s%c 
Config warnings for "ashish-interiors":

  warning  sections.inquiryForm.accessKeyEnv
           names env var "WEB3FORMS_ASHISH", which is not set. The form would render and silently post nowhere — a lost enquiry looks exactly like no enquiry.
 background: #e6e6e6;background: light-dark(rgba(0,0,0,0.1), rgba(255,255,255,0.25));color: #000000;color: light-dark(#000000, #ffffff);border-radius: 2px  Server   @ about://React/Server/webpack-internal:///(rsc)/../backend/src/config/load.ts?2:72
[  156062ms] [WARNING] %c%s%c 
Config warnings for "ashish-interiors":

  warning  sections.inquiryForm.accessKeyEnv
           names env var "WEB3FORMS_ASHISH", which is not set. The form would render and silently post nowhere — a lost enquiry looks exactly like no enquiry.
 background: #e6e6e6;background: light-dark(rgba(0,0,0,0.1), rgba(255,255,255,0.25));color: #000000;color: light-dark(#000000, #ffffff);border-radius: 2px  Server   @ about://React/Server/webpack-internal:///(rsc)/../backend/src/config/load.ts?2:72
[  157732ms] [WARNING] %c%s%c 
Config warnings for "ashish-interiors":

  warning  sections.inquiryForm.accessKeyEnv
           names env var "WEB3FORMS_ASHISH", which is not set. The form would render and silently post nowhere — a lost enquiry looks exactly like no enquiry.
 background: #e6e6e6;background: light-dark(rgba(0,0,0,0.1), rgba(255,255,255,0.25));color: #000000;color: light-dark(#000000, #ffffff);border-radius: 2px  Server   @ about://React/Server/webpack-internal:///(rsc)/../backend/src/config/load.ts?2:72
[  160819ms] [WARNING] The resource http://ashish.localhost:3002/_next/static/css/app/layout.css?v=1786546975374 was preloaded using link preload but not used within a few seconds from the window's load event. Please make sure it has an appropriate `as` value and it is preloaded intentionally. @ http://ashish.localhost:3002/:0
[  160819ms] [WARNING] The resource http://ashish.localhost:3002/_next/static/css/app/layout.css?v=1786546989566 was preloaded using link preload but not used within a few seconds from the window's load event. Please make sure it has an appropriate `as` value and it is preloaded intentionally. @ http://ashish.localhost:3002/:0
[  160819ms] [WARNING] The resource http://ashish.localhost:3002/_next/static/css/app/layout.css?v=1786546973614 was preloaded using link preload but not used within a few seconds from the window's load event. Please make sure it has an appropriate `as` value and it is preloaded intentionally. @ http://ashish.localhost:3002/:0
[  160819ms] [WARNING] The resource http://ashish.localhost:3002/_next/static/css/app/layout.css?v=1786546993434 was preloaded using link preload but not used within a few seconds from the window's load event. Please make sure it has an appropriate `as` value and it is preloaded intentionally. @ http://ashish.localhost:3002/:0
[  161379ms] [ERROR] Failed to load resource: the server responded with a status of 404 (Not Found) @ http://ashish.localhost:3002/fonts/archivo/archivo-latin-ext.woff2:0
[  164295ms] [ERROR] Failed to load resource: the server responded with a status of 404 (Not Found) @ http://ashish.localhost:3002/fonts/archivo/archivo-latin.woff2:0
[  167426ms] [WARNING] The resource http://ashish.localhost:3002/_next/static/css/app/layout.css?v=1786547008314 was preloaded using link preload but not used within a few seconds from the window's load event. Please make sure it has an appropriate `as` value and it is preloaded intentionally. @ http://ashish.localhost:3002/:0
[  167426ms] [WARNING] The resource http://ashish.localhost:3002/_next/static/css/app/layout.css?v=1786547010570 was preloaded using link preload but not used within a few seconds from the window's load event. Please make sure it has an appropriate `as` value and it is preloaded intentionally. @ http://ashish.localhost:3002/:0
[  167426ms] [WARNING] The resource http://ashish.localhost:3002/_next/static/css/app/layout.css?v=1786546975374 was preloaded using link preload but not used within a few seconds from the window's load event. Please make sure it has an appropriate `as` value and it is preloaded intentionally. @ http://ashish.localhost:3002/:0
[  167426ms] [WARNING] The resource http://ashish.localhost:3002/_next/static/css/app/layout.css?v=1786546989566 was preloaded using link preload but not used within a few seconds from the window's load event. Please make sure it has an appropriate `as` value and it is preloaded intentionally. @ http://ashish.localhost:3002/:0
[  167426ms] [WARNING] The resource http://ashish.localhost:3002/_next/static/css/app/layout.css?v=1786546973614 was preloaded using link preload but not used within a few seconds from the window's load event. Please make sure it has an appropriate `as` value and it is preloaded intentionally. @ http://ashish.localhost:3002/:0
[  167426ms] [WARNING] The resource http://ashish.localhost:3002/_next/static/css/app/layout.css?v=1786546993434 was preloaded using link preload but not used within a few seconds from the window's load event. Please make sure it has an appropriate `as` value and it is preloaded intentionally. @ http://ashish.localhost:3002/:0
[  178827ms] [LOG] [Fast Refresh] rebuilding @ webpack-internal:///(app-pages-browser)/../node_modules/next/dist/client/dev/hot-reloader/app/hot-reloader-app.js:196
[  179387ms] [LOG] [Fast Refresh] rebuilding @ webpack-internal:///(app-pages-browser)/../node_modules/next/dist/client/dev/hot-reloader/app/hot-reloader-app.js:196
[  179484ms] [LOG] [Fast Refresh] done in 96ms @ webpack-internal:///(app-pages-browser)/../node_modules/next/dist/client/dev/report-hmr-latency.js:13
[  179935ms] [LOG] [Fast Refresh] done in 548ms @ webpack-internal:///(app-pages-browser)/../node_modules/next/dist/client/dev/report-hmr-latency.js:13
[  180419ms] [WARNING] %c%s%c 
Config warnings for "ashish-interiors":

  warning  sections.inquiryForm.accessKeyEnv
           names env var "WEB3FORMS_ASHISH", which is not set. The form would render and silently post nowhere — a lost enquiry looks exactly like no enquiry.
 background: #e6e6e6;background: light-dark(rgba(0,0,0,0.1), rgba(255,255,255,0.25));color: #000000;color: light-dark(#000000, #ffffff);border-radius: 2px  Server   @ about://React/Server/webpack-internal:///(rsc)/../backend/src/config/load.ts?2:72
[  180420ms] [WARNING] %c%s%c 
Config warnings for "ashish-interiors":

  warning  sections.inquiryForm.accessKeyEnv
           names env var "WEB3FORMS_ASHISH", which is not set. The form would render and silently post nowhere — a lost enquiry looks exactly like no enquiry.
 background: #e6e6e6;background: light-dark(rgba(0,0,0,0.1), rgba(255,255,255,0.25));color: #000000;color: light-dark(#000000, #ffffff);border-radius: 2px  Server   @ about://React/Server/webpack-internal:///(rsc)/../backend/src/config/load.ts?2:72
[  181513ms] [WARNING] %c%s%c 
Config warnings for "ashish-interiors":

  warning  sections.inquiryForm.accessKeyEnv
           names env var "WEB3FORMS_ASHISH", which is not set. The form would render and silently post nowhere — a lost enquiry looks exactly like no enquiry.
 background: #e6e6e6;background: light-dark(rgba(0,0,0,0.1), rgba(255,255,255,0.25));color: #000000;color: light-dark(#000000, #ffffff);border-radius: 2px  Server   @ about://React/Server/webpack-internal:///(rsc)/../backend/src/config/load.ts?2:72
[  181513ms] [WARNING] %c%s%c 
Config warnings for "ashish-interiors":

  warning  sections.inquiryForm.accessKeyEnv
           names env var "WEB3FORMS_ASHISH", which is not set. The form would render and silently post nowhere — a lost enquiry looks exactly like no enquiry.
 background: #e6e6e6;background: light-dark(rgba(0,0,0,0.1), rgba(255,255,255,0.25));color: #000000;color: light-dark(#000000, #ffffff);border-radius: 2px  Server   @ about://React/Server/webpack-internal:///(rsc)/../backend/src/config/load.ts?2:72
[  182769ms] [WARNING] %c%s%c 
Config warnings for "ashish-interiors":

  warning  sections.inquiryForm.accessKeyEnv
           names env var "WEB3FORMS_ASHISH", which is not set. The form would render and silently post nowhere — a lost enquiry looks exactly like no enquiry.
 background: #e6e6e6;background: light-dark(rgba(0,0,0,0.1), rgba(255,255,255,0.25));color: #000000;color: light-dark(#000000, #ffffff);border-radius: 2px  Server   @ about://React/Server/webpack-internal:///(rsc)/../backend/src/config/load.ts?2:72
[  183221ms] [WARNING] %c%s%c 
Config warnings for "ashish-interiors":

  warning  sections.inquiryForm.accessKeyEnv
           names env var "WEB3FORMS_ASHISH", which is not set. The form would render and silently post nowhere — a lost enquiry looks exactly like no enquiry.
 background: #e6e6e6;background: light-dark(rgba(0,0,0,0.1), rgba(255,255,255,0.25));color: #000000;color: light-dark(#000000, #ffffff);border-radius: 2px  Server   @ about://React/Server/webpack-internal:///(rsc)/../backend/src/config/load.ts?2:72
[  185816ms] [WARNING] The resource http://ashish.localhost:3002/_next/static/css/app/layout.css?v=1786547010570 was preloaded using link preload but not used within a few seconds from the window's load event. Please make sure it has an appropriate `as` value and it is preloaded intentionally. @ http://ashish.localhost:3002/:0
[  185816ms] [WARNING] The resource http://ashish.localhost:3002/_next/static/css/app/layout.css?v=1786546975374 was preloaded using link preload but not used within a few seconds from the window's load event. Please make sure it has an appropriate `as` value and it is preloaded intentionally. @ http://ashish.localhost:3002/:0
[  185816ms] [WARNING] The resource http://ashish.localhost:3002/_next/static/css/app/layout.css?v=1786546989566 was preloaded using link preload but not used within a few seconds from the window's load event. Please make sure it has an appropriate `as` value and it is preloaded intentionally. @ http://ashish.localhost:3002/:0
[  185816ms] [WARNING] The resource http://ashish.localhost:3002/_next/static/css/app/layout.css?v=1786546973614 was preloaded using link preload but not used within a few seconds from the window's load event. Please make sure it has an appropriate `as` value and it is preloaded intentionally. @ http://ashish.localhost:3002/:0
[  185816ms] [WARNING] The resource http://ashish.localhost:3002/_next/static/css/app/layout.css?v=1786546993434 was preloaded using link preload but not used within a few seconds from the window's load event. Please make sure it has an appropriate `as` value and it is preloaded intentionally. @ http://ashish.localhost:3002/:0
[  185816ms] [WARNING] The resource http://ashish.localhost:3002/_next/static/css/app/layout.css?v=1786547008314 was preloaded using link preload but not used within a few seconds from the window's load event. Please make sure it has an appropriate `as` value and it is preloaded intentionally. @ http://ashish.localhost:3002/:0
[  186024ms] [ERROR] Failed to load resource: the server responded with a status of 404 (Not Found) @ http://ashish.localhost:3002/fonts/archivo/archivo-latin-ext.woff2:0
[  189038ms] [WARNING] The resource http://ashish.localhost:3002/_next/static/css/app/layout.css?v=1786547010570 was preloaded using link preload but not used within a few seconds from the window's load event. Please make sure it has an appropriate `as` value and it is preloaded intentionally. @ http://ashish.localhost:3002/:0
[  189038ms] [WARNING] The resource http://ashish.localhost:3002/_next/static/css/app/layout.css?v=1786546975374 was preloaded using link preload but not used within a few seconds from the window's load event. Please make sure it has an appropriate `as` value and it is preloaded intentionally. @ http://ashish.localhost:3002/:0
[  189038ms] [WARNING] The resource http://ashish.localhost:3002/_next/static/css/app/layout.css?v=1786546989566 was preloaded using link preload but not used within a few seconds from the window's load event. Please make sure it has an appropriate `as` value and it is preloaded intentionally. @ http://ashish.localhost:3002/:0
[  189038ms] [WARNING] The resource http://ashish.localhost:3002/_next/static/css/app/layout.css?v=1786546973614 was preloaded using link preload but not used within a few seconds from the window's load event. Please make sure it has an appropriate `as` value and it is preloaded intentionally. @ http://ashish.localhost:3002/:0
[  189039ms] [WARNING] The resource http://ashish.localhost:3002/_next/static/css/app/layout.css?v=1786547032561 was preloaded using link preload but not used within a few seconds from the window's load event. Please make sure it has an appropriate `as` value and it is preloaded intentionally. @ http://ashish.localhost:3002/:0
[  189039ms] [WARNING] The resource http://ashish.localhost:3002/_next/static/css/app/layout.css?v=1786546993434 was preloaded using link preload but not used within a few seconds from the window's load event. Please make sure it has an appropriate `as` value and it is preloaded intentionally. @ http://ashish.localhost:3002/:0
[  189039ms] [WARNING] The resource http://ashish.localhost:3002/_next/static/css/app/layout.css?v=1786547008314 was preloaded using link preload but not used within a few seconds from the window's load event. Please make sure it has an appropriate `as` value and it is preloaded intentionally. @ http://ashish.localhost:3002/:0
[  189700ms] [ERROR] Failed to load resource: the server responded with a status of 404 (Not Found) @ http://ashish.localhost:3002/fonts/archivo/archivo-latin.woff2:0
[  192802ms] [WARNING] The resource http://ashish.localhost:3002/_next/static/css/app/layout.css?v=1786547010570 was preloaded using link preload but not used within a few seconds from the window's load event. Please make sure it has an appropriate `as` value and it is preloaded intentionally. @ http://ashish.localhost:3002/:0
[  192802ms] [WARNING] The resource http://ashish.localhost:3002/_next/static/css/app/layout.css?v=1786546975374 was preloaded using link preload but not used within a few seconds from the window's load event. Please make sure it has an appropriate `as` value and it is preloaded intentionally. @ http://ashish.localhost:3002/:0
[  192802ms] [WARNING] The resource http://ashish.localhost:3002/_next/static/css/app/layout.css?v=1786546989566 was preloaded using link preload but not used within a few seconds from the window's load event. Please make sure it has an appropriate `as` value and it is preloaded intentionally. @ http://ashish.localhost:3002/:0
[  192802ms] [WARNING] The resource http://ashish.localhost:3002/_next/static/css/app/layout.css?v=1786546973614 was preloaded using link preload but not used within a few seconds from the window's load event. Please make sure it has an appropriate `as` value and it is preloaded intentionally. @ http://ashish.localhost:3002/:0
[  192802ms] [WARNING] The resource http://ashish.localhost:3002/_next/static/css/app/layout.css?v=1786547032561 was preloaded using link preload but not used within a few seconds from the window's load event. Please make sure it has an appropriate `as` value and it is preloaded intentionally. @ http://ashish.localhost:3002/:0
[  192802ms] [WARNING] The resource http://ashish.localhost:3002/_next/static/css/app/layout.css?v=1786546993434 was preloaded using link preload but not used within a few seconds from the window's load event. Please make sure it has an appropriate `as` value and it is preloaded intentionally. @ http://ashish.localhost:3002/:0
[  192802ms] [WARNING] The resource http://ashish.localhost:3002/_next/static/css/app/layout.css?v=1786547034685 was preloaded using link preload but not used within a few seconds from the window's load event. Please make sure it has an appropriate `as` value and it is preloaded intentionally. @ http://ashish.localhost:3002/:0
[  192802ms] [WARNING] The resource http://ashish.localhost:3002/_next/static/css/app/layout.css?v=1786547008314 was preloaded using link preload but not used within a few seconds from the window's load event. Please make sure it has an appropriate `as` value and it is preloaded intentionally. @ http://ashish.localhost:3002/:0
[  201828ms] [LOG] [Fast Refresh] rebuilding @ webpack-internal:///(app-pages-browser)/../node_modules/next/dist/client/dev/hot-reloader/app/hot-reloader-app.js:196
[  205232ms] [LOG] [Fast Refresh] rebuilding @ webpack-internal:///(app-pages-browser)/../node_modules/next/dist/client/dev/hot-reloader/app/hot-reloader-app.js:196
[  205997ms] [LOG] [Fast Refresh] done in 765ms @ webpack-internal:///(app-pages-browser)/../node_modules/next/dist/client/dev/report-hmr-latency.js:13
[  207269ms] [LOG] [Fast Refresh] done in 2038ms @ webpack-internal:///(app-pages-browser)/../node_modules/next/dist/client/dev/report-hmr-latency.js:13
[  207795ms] [WARNING] %c%s%c 
Config warnings for "ashish-interiors":

  warning  sections.inquiryForm.accessKeyEnv
           names env var "WEB3FORMS_ASHISH", which is not set. The form would render and silently post nowhere — a lost enquiry looks exactly like no enquiry.
 background: #e6e6e6;background: light-dark(rgba(0,0,0,0.1), rgba(255,255,255,0.25));color: #000000;color: light-dark(#000000, #ffffff);border-radius: 2px  Server   @ about://React/Server/webpack-internal:///(rsc)/../backend/src/config/load.ts?2:72
[  207796ms] [WARNING] %c%s%c 
Config warnings for "ashish-interiors":

  warning  sections.inquiryForm.accessKeyEnv
           names env var "WEB3FORMS_ASHISH", which is not set. The form would render and silently post nowhere — a lost enquiry looks exactly like no enquiry.
 background: #e6e6e6;background: light-dark(rgba(0,0,0,0.1), rgba(255,255,255,0.25));color: #000000;color: light-dark(#000000, #ffffff);border-radius: 2px  Server   @ about://React/Server/webpack-internal:///(rsc)/../backend/src/config/load.ts?2:72
[  210122ms] [WARNING] %c%s%c 
Config warnings for "ashish-interiors":

  warning  sections.inquiryForm.accessKeyEnv
           names env var "WEB3FORMS_ASHISH", which is not set. The form would render and silently post nowhere — a lost enquiry looks exactly like no enquiry.
 background: #e6e6e6;background: light-dark(rgba(0,0,0,0.1), rgba(255,255,255,0.25));color: #000000;color: light-dark(#000000, #ffffff);border-radius: 2px  Server   @ about://React/Server/webpack-internal:///(rsc)/../backend/src/config/load.ts?2:72
[  210123ms] [WARNING] %c%s%c 
Config warnings for "ashish-interiors":

  warning  sections.inquiryForm.accessKeyEnv
           names env var "WEB3FORMS_ASHISH", which is not set. The form would render and silently post nowhere — a lost enquiry looks exactly like no enquiry.
 background: #e6e6e6;background: light-dark(rgba(0,0,0,0.1), rgba(255,255,255,0.25));color: #000000;color: light-dark(#000000, #ffffff);border-radius: 2px  Server   @ about://React/Server/webpack-internal:///(rsc)/../backend/src/config/load.ts?2:72
[  210275ms] [WARNING] The resource http://ashish.localhost:3002/_next/static/css/app/layout.css?v=1786547010570 was preloaded using link preload but not used within a few seconds from the window's load event. Please make sure it has an appropriate `as` value and it is preloaded intentionally. @ http://ashish.localhost:3002/:0
[  210275ms] [WARNING] The resource http://ashish.localhost:3002/_next/static/css/app/layout.css?v=1786546975374 was preloaded using link preload but not used within a few seconds from the window's load event. Please make sure it has an appropriate `as` value and it is preloaded intentionally. @ http://ashish.localhost:3002/:0
[  210275ms] [WARNING] The resource http://ashish.localhost:3002/_next/static/css/app/layout.css?v=1786546989566 was preloaded using link preload but not used within a few seconds from the window's load event. Please make sure it has an appropriate `as` value and it is preloaded intentionally. @ http://ashish.localhost:3002/:0
[  210276ms] [WARNING] The resource http://ashish.localhost:3002/_next/static/css/app/layout.css?v=1786546973614 was preloaded using link preload but not used within a few seconds from the window's load event. Please make sure it has an appropriate `as` value and it is preloaded intentionally. @ http://ashish.localhost:3002/:0
[  210276ms] [WARNING] The resource http://ashish.localhost:3002/_next/static/css/app/layout.css?v=1786547032561 was preloaded using link preload but not used within a few seconds from the window's load event. Please make sure it has an appropriate `as` value and it is preloaded intentionally. @ http://ashish.localhost:3002/:0
[  210276ms] [WARNING] The resource http://ashish.localhost:3002/_next/static/css/app/layout.css?v=1786546993434 was preloaded using link preload but not used within a few seconds from the window's load event. Please make sure it has an appropriate `as` value and it is preloaded intentionally. @ http://ashish.localhost:3002/:0
[  210276ms] [WARNING] The resource http://ashish.localhost:3002/_next/static/css/app/layout.css?v=1786547057017 was preloaded using link preload but not used within a few seconds from the window's load event. Please make sure it has an appropriate `as` value and it is preloaded intentionally. @ http://ashish.localhost:3002/:0
[  210276ms] [WARNING] The resource http://ashish.localhost:3002/_next/static/css/app/layout.css?v=1786547034685 was preloaded using link preload but not used within a few seconds from the window's load event. Please make sure it has an appropriate `as` value and it is preloaded intentionally. @ http://ashish.localhost:3002/:0
[  210276ms] [WARNING] The resource http://ashish.localhost:3002/_next/static/css/app/layout.css?v=1786547008314 was preloaded using link preload but not used within a few seconds from the window's load event. Please make sure it has an appropriate `as` value and it is preloaded intentionally. @ http://ashish.localhost:3002/:0
[  211446ms] [WARNING] %c%s%c 
Config warnings for "ashish-interiors":

  warning  sections.inquiryForm.accessKeyEnv
           names env var "WEB3FORMS_ASHISH", which is not set. The form would render and silently post nowhere — a lost enquiry looks exactly like no enquiry.
 background: #e6e6e6;background: light-dark(rgba(0,0,0,0.1), rgba(255,255,255,0.25));color: #000000;color: light-dark(#000000, #ffffff);border-radius: 2px  Server   @ about://React/Server/webpack-internal:///(rsc)/../backend/src/config/load.ts?2:72
[  212026ms] [WARNING] %c%s%c 
Config warnings for "ashish-interiors":

  warning  sections.inquiryForm.accessKeyEnv
           names env var "WEB3FORMS_ASHISH", which is not set. The form would render and silently post nowhere — a lost enquiry looks exactly like no enquiry.
 background: #e6e6e6;background: light-dark(rgba(0,0,0,0.1), rgba(255,255,255,0.25));color: #000000;color: light-dark(#000000, #ffffff);border-radius: 2px  Server   @ about://React/Server/webpack-internal:///(rsc)/../backend/src/config/load.ts?2:72
[  214479ms] [WARNING] The resource http://ashish.localhost:3002/_next/static/css/app/layout.css?v=1786547010570 was preloaded using link preload but not used within a few seconds from the window's load event. Please make sure it has an appropriate `as` value and it is preloaded intentionally. @ http://ashish.localhost:3002/:0
[  214480ms] [WARNING] The resource http://ashish.localhost:3002/_next/static/css/app/layout.css?v=1786546975374 was preloaded using link preload but not used within a few seconds from the window's load event. Please make sure it has an appropriate `as` value and it is preloaded intentionally. @ http://ashish.localhost:3002/:0
[  214480ms] [WARNING] The resource http://ashish.localhost:3002/_next/static/css/app/layout.css?v=1786546989566 was preloaded using link preload but not used within a few seconds from the window's load event. Please make sure it has an appropriate `as` value and it is preloaded intentionally. @ http://ashish.localhost:3002/:0
[  214480ms] [WARNING] The resource http://ashish.localhost:3002/_next/static/css/app/layout.css?v=1786546973614 was preloaded using link preload but not used within a few seconds from the window's load event. Please make sure it has an appropriate `as` value and it is preloaded intentionally. @ http://ashish.localhost:3002/:0
[  214480ms] [WARNING] The resource http://ashish.localhost:3002/_next/static/css/app/layout.css?v=1786547032561 was preloaded using link preload but not used within a few seconds from the window's load event. Please make sure it has an appropriate `as` value and it is preloaded intentionally. @ http://ashish.localhost:3002/:0
[  214480ms] [WARNING] The resource http://ashish.localhost:3002/_next/static/css/app/layout.css?v=1786546993434 was preloaded using link preload but not used within a few seconds from the window's load event. Please make sure it has an appropriate `as` value and it is preloaded intentionally. @ http://ashish.localhost:3002/:0
[  214480ms] [WARNING] The resource http://ashish.localhost:3002/_next/static/css/app/layout.css?v=1786547034685 was preloaded using link preload but not used within a few seconds from the window's load event. Please make sure it has an appropriate `as` value and it is preloaded intentionally. @ http://ashish.localhost:3002/:0
[  214480ms] [WARNING] The resource http://ashish.localhost:3002/_next/static/css/app/layout.css?v=1786547008314 was preloaded using link preload but not used within a few seconds from the window's load event. Please make sure it has an appropriate `as` value and it is preloaded intentionally. @ http://ashish.localhost:3002/:0
[  215875ms] [ERROR] Failed to load resource: the server responded with a status of 404 (Not Found) @ http://ashish.localhost:3002/fonts/archivo/archivo-latin-ext.woff2:0
[  216339ms] [LOG] [Fast Refresh] rebuilding @ webpack-internal:///(app-pages-browser)/../node_modules/next/dist/client/dev/hot-reloader/app/hot-reloader-app.js:196
[  218879ms] [WARNING] The resource http://ashish.localhost:3002/_next/static/css/app/layout.css?v=1786547010570 was preloaded using link preload but not used within a few seconds from the window's load event. Please make sure it has an appropriate `as` value and it is preloaded intentionally. @ http://ashish.localhost:3002/:0
[  218879ms] [WARNING] The resource http://ashish.localhost:3002/_next/static/css/app/layout.css?v=1786546975374 was preloaded using link preload but not used within a few seconds from the window's load event. Please make sure it has an appropriate `as` value and it is preloaded intentionally. @ http://ashish.localhost:3002/:0
[  218879ms] [WARNING] The resource http://ashish.localhost:3002/_next/static/css/app/layout.css?v=1786546989566 was preloaded using link preload but not used within a few seconds from the window's load event. Please make sure it has an appropriate `as` value and it is preloaded intentionally. @ http://ashish.localhost:3002/:0
[  218879ms] [WARNING] The resource http://ashish.localhost:3002/_next/static/css/app/layout.css?v=1786546973614 was preloaded using link preload but not used within a few seconds from the window's load event. Please make sure it has an appropriate `as` value and it is preloaded intentionally. @ http://ashish.localhost:3002/:0
[  218879ms] [WARNING] The resource http://ashish.localhost:3002/_next/static/css/app/layout.css?v=1786547032561 was preloaded using link preload but not used within a few seconds from the window's load event. Please make sure it has an appropriate `as` value and it is preloaded intentionally. @ http://ashish.localhost:3002/:0
[  218879ms] [WARNING] The resource http://ashish.localhost:3002/_next/static/css/app/layout.css?v=1786546993434 was preloaded using link preload but not used within a few seconds from the window's load event. Please make sure it has an appropriate `as` value and it is preloaded intentionally. @ http://ashish.localhost:3002/:0
[  218879ms] [WARNING] The resource http://ashish.localhost:3002/_next/static/css/app/layout.css?v=1786547034685 was preloaded using link preload but not used within a few seconds from the window's load event. Please make sure it has an appropriate `as` value and it is preloaded intentionally. @ http://ashish.localhost:3002/:0
[  218879ms] [WARNING] The resource http://ashish.localhost:3002/_next/static/css/app/layout.css?v=1786547008314 was preloaded using link preload but not used within a few seconds from the window's load event. Please make sure it has an appropriate `as` value and it is preloaded intentionally. @ http://ashish.localhost:3002/:0
[  218879ms] [WARNING] The resource http://ashish.localhost:3002/_next/static/css/app/layout.css?v=1786547062180 was preloaded using link preload but not used within a few seconds from the window's load event. Please make sure it has an appropriate `as` value and it is preloaded intentionally. @ http://ashish.localhost:3002/:0
[  223242ms] [LOG] [Fast Refresh] rebuilding @ webpack-internal:///(app-pages-browser)/../node_modules/next/dist/client/dev/hot-reloader/app/hot-reloader-app.js:196
[  224198ms] [LOG] [Fast Refresh] done in 957ms @ webpack-internal:///(app-pages-browser)/../node_modules/next/dist/client/dev/report-hmr-latency.js:13
[  227200ms] [LOG] [Fast Refresh] done in 3957ms @ webpack-internal:///(app-pages-browser)/../node_modules/next/dist/client/dev/report-hmr-latency.js:13
[  227323ms] [ERROR] Failed to load resource: the server responded with a status of 404 (Not Found) @ http://ashish.localhost:3002/fonts/archivo/archivo-latin.woff2:0
[  228248ms] [WARNING] %c%s%c 
Config warnings for "ashish-interiors":

  warning  sections.inquiryForm.accessKeyEnv
           names env var "WEB3FORMS_ASHISH", which is not set. The form would render and silently post nowhere — a lost enquiry looks exactly like no enquiry.
 background: #e6e6e6;background: light-dark(rgba(0,0,0,0.1), rgba(255,255,255,0.25));color: #000000;color: light-dark(#000000, #ffffff);border-radius: 2px  Server   @ about://React/Server/webpack-internal:///(rsc)/../backend/src/config/load.ts?2:72
[  228250ms] [WARNING] %c%s%c 
Config warnings for "ashish-interiors":

  warning  sections.inquiryForm.accessKeyEnv
           names env var "WEB3FORMS_ASHISH", which is not set. The form would render and silently post nowhere — a lost enquiry looks exactly like no enquiry.
 background: #e6e6e6;background: light-dark(rgba(0,0,0,0.1), rgba(255,255,255,0.25));color: #000000;color: light-dark(#000000, #ffffff);border-radius: 2px  Server   @ about://React/Server/webpack-internal:///(rsc)/../backend/src/config/load.ts?2:72
[  229202ms] [WARNING] %c%s%c 
Config warnings for "ashish-interiors":

  warning  sections.inquiryForm.accessKeyEnv
           names env var "WEB3FORMS_ASHISH", which is not set. The form would render and silently post nowhere — a lost enquiry looks exactly like no enquiry.
 background: #e6e6e6;background: light-dark(rgba(0,0,0,0.1), rgba(255,255,255,0.25));color: #000000;color: light-dark(#000000, #ffffff);border-radius: 2px  Server   @ about://React/Server/webpack-internal:///(rsc)/../backend/src/config/load.ts?2:72
[  229202ms] [WARNING] %c%s%c 
Config warnings for "ashish-interiors":

  warning  sections.inquiryForm.accessKeyEnv
           names env var "WEB3FORMS_ASHISH", which is not set. The form would render and silently post nowhere — a lost enquiry looks exactly like no enquiry.
 background: #e6e6e6;background: light-dark(rgba(0,0,0,0.1), rgba(255,255,255,0.25));color: #000000;color: light-dark(#000000, #ffffff);border-radius: 2px  Server   @ about://React/Server/webpack-internal:///(rsc)/../backend/src/config/load.ts?2:72
[  230501ms] [WARNING] %c%s%c 
Config warnings for "ashish-interiors":

  warning  sections.inquiryForm.accessKeyEnv
           names env var "WEB3FORMS_ASHISH", which is not set. The form would render and silently post nowhere — a lost enquiry looks exactly like no enquiry.
 background: #e6e6e6;background: light-dark(rgba(0,0,0,0.1), rgba(255,255,255,0.25));color: #000000;color: light-dark(#000000, #ffffff);border-radius: 2px  Server   @ about://React/Server/webpack-internal:///(rsc)/../backend/src/config/load.ts?2:72
[  231495ms] [WARNING] %c%s%c 
Config warnings for "ashish-interiors":

  warning  sections.inquiryForm.accessKeyEnv
           names env var "WEB3FORMS_ASHISH", which is not set. The form would render and silently post nowhere — a lost enquiry looks exactly like no enquiry.
 background: #e6e6e6;background: light-dark(rgba(0,0,0,0.1), rgba(255,255,255,0.25));color: #000000;color: light-dark(#000000, #ffffff);border-radius: 2px  Server   @ about://React/Server/webpack-internal:///(rsc)/../backend/src/config/load.ts?2:72
[  234542ms] [WARNING] The resource http://ashish.localhost:3002/_next/static/css/app/layout.css?v=1786547010570 was preloaded using link preload but not used within a few seconds from the window's load event. Please make sure it has an appropriate `as` value and it is preloaded intentionally. @ http://ashish.localhost:3002/:0
[  234542ms] [WARNING] The resource http://ashish.localhost:3002/_next/static/css/app/layout.css?v=1786546975374 was preloaded using link preload but not used within a few seconds from the window's load event. Please make sure it has an appropriate `as` value and it is preloaded intentionally. @ http://ashish.localhost:3002/:0
[  234542ms] [WARNING] The resource http://ashish.localhost:3002/_next/static/css/app/layout.css?v=1786546989566 was preloaded using link preload but not used within a few seconds from the window's load event. Please make sure it has an appropriate `as` value and it is preloaded intentionally. @ http://ashish.localhost:3002/:0
[  234542ms] [WARNING] The resource http://ashish.localhost:3002/_next/static/css/app/layout.css?v=1786546973614 was preloaded using link preload but not used within a few seconds from the window's load event. Please make sure it has an appropriate `as` value and it is preloaded intentionally. @ http://ashish.localhost:3002/:0
[  234542ms] [WARNING] The resource http://ashish.localhost:3002/_next/static/css/app/layout.css?v=1786547032561 was preloaded using link preload but not used within a few seconds from the window's load event. Please make sure it has an appropriate `as` value and it is preloaded intentionally. @ http://ashish.localhost:3002/:0
[  234542ms] [WARNING] The resource http://ashish.localhost:3002/_next/static/css/app/layout.css?v=1786546993434 was preloaded using link preload but not used within a few seconds from the window's load event. Please make sure it has an appropriate `as` value and it is preloaded intentionally. @ http://ashish.localhost:3002/:0
[  234542ms] [WARNING] The resource http://ashish.localhost:3002/_next/static/css/app/layout.css?v=1786547034685 was preloaded using link preload but not used within a few seconds from the window's load event. Please make sure it has an appropriate `as` value and it is preloaded intentionally. @ http://ashish.localhost:3002/:0
[  234542ms] [WARNING] The resource http://ashish.localhost:3002/_next/static/css/app/layout.css?v=1786547008314 was preloaded using link preload but not used within a few seconds from the window's load event. Please make sure it has an appropriate `as` value and it is preloaded intentionally. @ http://ashish.localhost:3002/:0
[  234542ms] [WARNING] The resource http://ashish.localhost:3002/_next/static/css/app/layout.css?v=1786547071043 was preloaded using link preload but not used within a few seconds from the window's load event. Please make sure it has an appropriate `as` value and it is preloaded intentionally. @ http://ashish.localhost:3002/:0
[  234542ms] [WARNING] The resource http://ashish.localhost:3002/_next/static/css/app/layout.css?v=1786547062180 was preloaded using link preload but not used within a few seconds from the window's load event. Please make sure it has an appropriate `as` value and it is preloaded intentionally. @ http://ashish.localhost:3002/:0
[  235839ms] [ERROR] Failed to load resource: the server responded with a status of 404 (Not Found) @ http://ashish.localhost:3002/fonts/archivo/archivo-latin-ext.woff2:0
[  238600ms] [LOG] [Fast Refresh] rebuilding @ webpack-internal:///(app-pages-browser)/../node_modules/next/dist/client/dev/hot-reloader/app/hot-reloader-app.js:196
[  238846ms] [WARNING] The resource http://ashish.localhost:3002/_next/static/css/app/layout.css?v=1786547010570 was preloaded using link preload but not used within a few seconds from the window's load event. Please make sure it has an appropriate `as` value and it is preloaded intentionally. @ http://ashish.localhost:3002/:0
[  238847ms] [WARNING] The resource http://ashish.localhost:3002/_next/static/css/app/layout.css?v=1786546975374 was preloaded using link preload but not used within a few seconds from the window's load event. Please make sure it has an appropriate `as` value and it is preloaded intentionally. @ http://ashish.localhost:3002/:0
[  238847ms] [WARNING] The resource http://ashish.localhost:3002/_next/static/css/app/layout.css?v=1786546989566 was preloaded using link preload but not used within a few seconds from the window's load event. Please make sure it has an appropriate `as` value and it is preloaded intentionally. @ http://ashish.localhost:3002/:0
[  238847ms] [WARNING] The resource http://ashish.localhost:3002/_next/static/css/app/layout.css?v=1786546973614 was preloaded using link preload but not used within a few seconds from the window's load event. Please make sure it has an appropriate `as` value and it is preloaded intentionally. @ http://ashish.localhost:3002/:0
[  238847ms] [WARNING] The resource http://ashish.localhost:3002/_next/static/css/app/layout.css?v=1786547032561 was preloaded using link preload but not used within a few seconds from the window's load event. Please make sure it has an appropriate `as` value and it is preloaded intentionally. @ http://ashish.localhost:3002/:0
[  238847ms] [WARNING] The resource http://ashish.localhost:3002/_next/static/css/app/layout.css?v=1786546993434 was preloaded using link preload but not used within a few seconds from the window's load event. Please make sure it has an appropriate `as` value and it is preloaded intentionally. @ http://ashish.localhost:3002/:0
[  238847ms] [WARNING] The resource http://ashish.localhost:3002/_next/static/css/app/layout.css?v=1786547034685 was preloaded using link preload but not used within a few seconds from the window's load event. Please make sure it has an appropriate `as` value and it is preloaded intentionally. @ http://ashish.localhost:3002/:0
[  238847ms] [WARNING] The resource http://ashish.localhost:3002/_next/static/css/app/layout.css?v=1786547008314 was preloaded using link preload but not used within a few seconds from the window's load event. Please make sure it has an appropriate `as` value and it is preloaded intentionally. @ http://ashish.localhost:3002/:0
[  238847ms] [WARNING] The resource http://ashish.localhost:3002/_next/static/css/app/layout.css?v=1786547071043 was preloaded using link preload but not used within a few seconds from the window's load event. Please make sure it has an appropriate `as` value and it is preloaded intentionally. @ http://ashish.localhost:3002/:0
[  238847ms] [WARNING] The resource http://ashish.localhost:3002/_next/static/css/app/layout.css?v=1786547062180 was preloaded using link preload but not used within a few seconds from the window's load event. Please make sure it has an appropriate `as` value and it is preloaded intentionally. @ http://ashish.localhost:3002/:0
[  238847ms] [WARNING] The resource http://ashish.localhost:3002/_next/static/css/app/layout.css?v=1786547081893 was preloaded using link preload but not used within a few seconds from the window's load event. Please make sure it has an appropriate `as` value and it is preloaded intentionally. @ http://ashish.localhost:3002/:0
[  241459ms] [ERROR] Failed to load resource: the server responded with a status of 404 (Not Found) @ http://ashish.localhost:3002/fonts/archivo/archivo-latin.woff2:0
[  241832ms] [LOG] [Fast Refresh] rebuilding @ webpack-internal:///(app-pages-browser)/../node_modules/next/dist/client/dev/hot-reloader/app/hot-reloader-app.js:196
[  242368ms] [LOG] [Fast Refresh] done in 536ms @ webpack-internal:///(app-pages-browser)/../node_modules/next/dist/client/dev/report-hmr-latency.js:13
[  244420ms] [LOG] [Fast Refresh] done in 2588ms @ webpack-internal:///(app-pages-browser)/../node_modules/next/dist/client/dev/report-hmr-latency.js:13
[  246024ms] [WARNING] %c%s%c 
Config warnings for "ashish-interiors":

  warning  sections.inquiryForm.accessKeyEnv
           names env var "WEB3FORMS_ASHISH", which is not set. The form would render and silently post nowhere — a lost enquiry looks exactly like no enquiry.
 background: #e6e6e6;background: light-dark(rgba(0,0,0,0.1), rgba(255,255,255,0.25));color: #000000;color: light-dark(#000000, #ffffff);border-radius: 2px  Server   @ about://React/Server/webpack-internal:///(rsc)/../backend/src/config/load.ts?2:72
[  246025ms] [WARNING] %c%s%c 
Config warnings for "ashish-interiors":

  warning  sections.inquiryForm.accessKeyEnv
           names env var "WEB3FORMS_ASHISH", which is not set. The form would render and silently post nowhere — a lost enquiry looks exactly like no enquiry.
 background: #e6e6e6;background: light-dark(rgba(0,0,0,0.1), rgba(255,255,255,0.25));color: #000000;color: light-dark(#000000, #ffffff);border-radius: 2px  Server   @ about://React/Server/webpack-internal:///(rsc)/../backend/src/config/load.ts?2:72
[  247424ms] [WARNING] The resource http://ashish.localhost:3002/_next/static/css/app/layout.css?v=1786547010570 was preloaded using link preload but not used within a few seconds from the window's load event. Please make sure it has an appropriate `as` value and it is preloaded intentionally. @ http://ashish.localhost:3002/:0
[  247424ms] [WARNING] The resource http://ashish.localhost:3002/_next/static/css/app/layout.css?v=1786547085486 was preloaded using link preload but not used within a few seconds from the window's load event. Please make sure it has an appropriate `as` value and it is preloaded intentionally. @ http://ashish.localhost:3002/:0
[  247424ms] [WARNING] The resource http://ashish.localhost:3002/_next/static/css/app/layout.css?v=1786546975374 was preloaded using link preload but not used within a few seconds from the window's load event. Please make sure it has an appropriate `as` value and it is preloaded intentionally. @ http://ashish.localhost:3002/:0
[  247424ms] [WARNING] The resource http://ashish.localhost:3002/_next/static/css/app/layout.css?v=1786546989566 was preloaded using link preload but not used within a few seconds from the window's load event. Please make sure it has an appropriate `as` value and it is preloaded intentionally. @ http://ashish.localhost:3002/:0
[  247424ms] [WARNING] The resource http://ashish.localhost:3002/_next/static/css/app/layout.css?v=1786546973614 was preloaded using link preload but not used within a few seconds from the window's load event. Please make sure it has an appropriate `as` value and it is preloaded intentionally. @ http://ashish.localhost:3002/:0
[  247424ms] [WARNING] The resource http://ashish.localhost:3002/_next/static/css/app/layout.css?v=1786547032561 was preloaded using link preload but not used within a few seconds from the window's load event. Please make sure it has an appropriate `as` value and it is preloaded intentionally. @ http://ashish.localhost:3002/:0
[  247424ms] [WARNING] The resource http://ashish.localhost:3002/_next/static/css/app/layout.css?v=1786546993434 was preloaded using link preload but not used within a few seconds from the window's load event. Please make sure it has an appropriate `as` value and it is preloaded intentionally. @ http://ashish.localhost:3002/:0
[  247424ms] [WARNING] The resource http://ashish.localhost:3002/_next/static/css/app/layout.css?v=1786547034685 was preloaded using link preload but not used within a few seconds from the window's load event. Please make sure it has an appropriate `as` value and it is preloaded intentionally. @ http://ashish.localhost:3002/:0
[  247425ms] [WARNING] The resource http://ashish.localhost:3002/_next/static/css/app/layout.css?v=1786547008314 was preloaded using link preload but not used within a few seconds from the window's load event. Please make sure it has an appropriate `as` value and it is preloaded intentionally. @ http://ashish.localhost:3002/:0
[  247425ms] [WARNING] The resource http://ashish.localhost:3002/_next/static/css/app/layout.css?v=1786547071043 was preloaded using link preload but not used within a few seconds from the window's load event. Please make sure it has an appropriate `as` value and it is preloaded intentionally. @ http://ashish.localhost:3002/:0
[  247425ms] [WARNING] The resource http://ashish.localhost:3002/_next/static/css/app/layout.css?v=1786547062180 was preloaded using link preload but not used within a few seconds from the window's load event. Please make sure it has an appropriate `as` value and it is preloaded intentionally. @ http://ashish.localhost:3002/:0
[  247425ms] [WARNING] The resource http://ashish.localhost:3002/_next/static/css/app/layout.css?v=1786547081893 was preloaded using link preload but not used within a few seconds from the window's load event. Please make sure it has an appropriate `as` value and it is preloaded intentionally. @ http://ashish.localhost:3002/:0
[  248355ms] [WARNING] %c%s%c 
Config warnings for "ashish-interiors":

  warning  sections.inquiryForm.accessKeyEnv
           names env var "WEB3FORMS_ASHISH", which is not set. The form would render and silently post nowhere — a lost enquiry looks exactly like no enquiry.
 background: #e6e6e6;background: light-dark(rgba(0,0,0,0.1), rgba(255,255,255,0.25));color: #000000;color: light-dark(#000000, #ffffff);border-radius: 2px  Server   @ about://React/Server/webpack-internal:///(rsc)/../backend/src/config/load.ts?2:72
[  248355ms] [WARNING] %c%s%c 
Config warnings for "ashish-interiors":

  warning  sections.inquiryForm.accessKeyEnv
           names env var "WEB3FORMS_ASHISH", which is not set. The form would render and silently post nowhere — a lost enquiry looks exactly like no enquiry.
 background: #e6e6e6;background: light-dark(rgba(0,0,0,0.1), rgba(255,255,255,0.25));color: #000000;color: light-dark(#000000, #ffffff);border-radius: 2px  Server   @ about://React/Server/webpack-internal:///(rsc)/../backend/src/config/load.ts?2:72
[  248932ms] [WARNING] %c%s%c 
Config warnings for "ashish-interiors":

  warning  sections.inquiryForm.accessKeyEnv
           names env var "WEB3FORMS_ASHISH", which is not set. The form would render and silently post nowhere — a lost enquiry looks exactly like no enquiry.
 background: #e6e6e6;background: light-dark(rgba(0,0,0,0.1), rgba(255,255,255,0.25));color: #000000;color: light-dark(#000000, #ffffff);border-radius: 2px  Server   @ about://React/Server/webpack-internal:///(rsc)/../backend/src/config/load.ts?2:72
[  249596ms] [WARNING] %c%s%c 
Config warnings for "ashish-interiors":

  warning  sections.inquiryForm.accessKeyEnv
           names env var "WEB3FORMS_ASHISH", which is not set. The form would render and silently post nowhere — a lost enquiry looks exactly like no enquiry.
 background: #e6e6e6;background: light-dark(rgba(0,0,0,0.1), rgba(255,255,255,0.25));color: #000000;color: light-dark(#000000, #ffffff);border-radius: 2px  Server   @ about://React/Server/webpack-internal:///(rsc)/../backend/src/config/load.ts?2:72
[  252647ms] [WARNING] The resource http://ashish.localhost:3002/_next/static/css/app/layout.css?v=1786547010570 was preloaded using link preload but not used within a few seconds from the window's load event. Please make sure it has an appropriate `as` value and it is preloaded intentionally. @ http://ashish.localhost:3002/:0
[  252647ms] [WARNING] The resource http://ashish.localhost:3002/_next/static/css/app/layout.css?v=1786547085486 was preloaded using link preload but not used within a few seconds from the window's load event. Please make sure it has an appropriate `as` value and it is preloaded intentionally. @ http://ashish.localhost:3002/:0
[  252647ms] [WARNING] The resource http://ashish.localhost:3002/_next/static/css/app/layout.css?v=1786546975374 was preloaded using link preload but not used within a few seconds from the window's load event. Please make sure it has an appropriate `as` value and it is preloaded intentionally. @ http://ashish.localhost:3002/:0
[  252647ms] [WARNING] The resource http://ashish.localhost:3002/_next/static/css/app/layout.css?v=1786546989566 was preloaded using link preload but not used within a few seconds from the window's load event. Please make sure it has an appropriate `as` value and it is preloaded intentionally. @ http://ashish.localhost:3002/:0
[  252647ms] [WARNING] The resource http://ashish.localhost:3002/_next/static/css/app/layout.css?v=1786546973614 was preloaded using link preload but not used within a few seconds from the window's load event. Please make sure it has an appropriate `as` value and it is preloaded intentionally. @ http://ashish.localhost:3002/:0
[  252647ms] [WARNING] The resource http://ashish.localhost:3002/_next/static/css/app/layout.css?v=1786547032561 was preloaded using link preload but not used within a few seconds from the window's load event. Please make sure it has an appropriate `as` value and it is preloaded intentionally. @ http://ashish.localhost:3002/:0
[  252647ms] [WARNING] The resource http://ashish.localhost:3002/_next/static/css/app/layout.css?v=1786546993434 was preloaded using link preload but not used within a few seconds from the window's load event. Please make sure it has an appropriate `as` value and it is preloaded intentionally. @ http://ashish.localhost:3002/:0
[  252647ms] [WARNING] The resource http://ashish.localhost:3002/_next/static/css/app/layout.css?v=1786547034685 was preloaded using link preload but not used within a few seconds from the window's load event. Please make sure it has an appropriate `as` value and it is preloaded intentionally. @ http://ashish.localhost:3002/:0
[  252647ms] [WARNING] The resource http://ashish.localhost:3002/_next/static/css/app/layout.css?v=1786547008314 was preloaded using link preload but not used within a few seconds from the window's load event. Please make sure it has an appropriate `as` value and it is preloaded intentionally. @ http://ashish.localhost:3002/:0
[  252647ms] [WARNING] The resource http://ashish.localhost:3002/_next/static/css/app/layout.css?v=1786547071043 was preloaded using link preload but not used within a few seconds from the window's load event. Please make sure it has an appropriate `as` value and it is preloaded intentionally. @ http://ashish.localhost:3002/:0
[  252647ms] [WARNING] The resource http://ashish.localhost:3002/_next/static/css/app/layout.css?v=1786547062180 was preloaded using link preload but not used within a few seconds from the window's load event. Please make sure it has an appropriate `as` value and it is preloaded intentionally. @ http://ashish.localhost:3002/:0
[  252647ms] [WARNING] The resource http://ashish.localhost:3002/_next/static/css/app/layout.css?v=1786547081893 was preloaded using link preload but not used within a few seconds from the window's load event. Please make sure it has an appropriate `as` value and it is preloaded intentionally. @ http://ashish.localhost:3002/:0
[  253458ms] [ERROR] Failed to load resource: the server responded with a status of 404 (Not Found) @ http://ashish.localhost:3002/fonts/archivo/archivo-latin-ext.woff2:0
[  256459ms] [WARNING] The resource http://ashish.localhost:3002/_next/static/css/app/layout.css?v=1786547010570 was preloaded using link preload but not used within a few seconds from the window's load event. Please make sure it has an appropriate `as` value and it is preloaded intentionally. @ http://ashish.localhost:3002/:0
[  256459ms] [WARNING] The resource http://ashish.localhost:3002/_next/static/css/app/layout.css?v=1786547085486 was preloaded using link preload but not used within a few seconds from the window's load event. Please make sure it has an appropriate `as` value and it is preloaded intentionally. @ http://ashish.localhost:3002/:0
[  256459ms] [WARNING] The resource http://ashish.localhost:3002/_next/static/css/app/layout.css?v=1786546975374 was preloaded using link preload but not used within a few seconds from the window's load event. Please make sure it has an appropriate `as` value and it is preloaded intentionally. @ http://ashish.localhost:3002/:0
[  256459ms] [WARNING] The resource http://ashish.localhost:3002/_next/static/css/app/layout.css?v=1786546989566 was preloaded using link preload but not used within a few seconds from the window's load event. Please make sure it has an appropriate `as` value and it is preloaded intentionally. @ http://ashish.localhost:3002/:0
[  256459ms] [WARNING] The resource http://ashish.localhost:3002/_next/static/css/app/layout.css?v=1786546973614 was preloaded using link preload but not used within a few seconds from the window's load event. Please make sure it has an appropriate `as` value and it is preloaded intentionally. @ http://ashish.localhost:3002/:0
[  256459ms] [WARNING] The resource http://ashish.localhost:3002/_next/static/css/app/layout.css?v=1786547032561 was preloaded using link preload but not used within a few seconds from the window's load event. Please make sure it has an appropriate `as` value and it is preloaded intentionally. @ http://ashish.localhost:3002/:0
[  256459ms] [WARNING] The resource http://ashish.localhost:3002/_next/static/css/app/layout.css?v=1786546993434 was preloaded using link preload but not used within a few seconds from the window's load event. Please make sure it has an appropriate `as` value and it is preloaded intentionally. @ http://ashish.localhost:3002/:0
[  256459ms] [WARNING] The resource http://ashish.localhost:3002/_next/static/css/app/layout.css?v=1786547099179 was preloaded using link preload but not used within a few seconds from the window's load event. Please make sure it has an appropriate `as` value and it is preloaded intentionally. @ http://ashish.localhost:3002/:0
[  256459ms] [WARNING] The resource http://ashish.localhost:3002/_next/static/css/app/layout.css?v=1786547034685 was preloaded using link preload but not used within a few seconds from the window's load event. Please make sure it has an appropriate `as` value and it is preloaded intentionally. @ http://ashish.localhost:3002/:0
[  256459ms] [WARNING] The resource http://ashish.localhost:3002/_next/static/css/app/layout.css?v=1786547008314 was preloaded using link preload but not used within a few seconds from the window's load event. Please make sure it has an appropriate `as` value and it is preloaded intentionally. @ http://ashish.localhost:3002/:0
[  256459ms] [WARNING] The resource http://ashish.localhost:3002/_next/static/css/app/layout.css?v=1786547071043 was preloaded using link preload but not used within a few seconds from the window's load event. Please make sure it has an appropriate `as` value and it is preloaded intentionally. @ http://ashish.localhost:3002/:0
[  256459ms] [WARNING] The resource http://ashish.localhost:3002/_next/static/css/app/layout.css?v=1786547062180 was preloaded using link preload but not used within a few seconds from the window's load event. Please make sure it has an appropriate `as` value and it is preloaded intentionally. @ http://ashish.localhost:3002/:0
[  256459ms] [WARNING] The resource http://ashish.localhost:3002/_next/static/css/app/layout.css?v=1786547081893 was preloaded using link preload but not used within a few seconds from the window's load event. Please make sure it has an appropriate `as` value and it is preloaded intentionally. @ http://ashish.localhost:3002/:0
[  256598ms] [ERROR] Failed to load resource: the server responded with a status of 404 (Not Found) @ http://ashish.localhost:3002/fonts/archivo/archivo-latin.woff2:0
[  257494ms] [LOG] [Fast Refresh] rebuilding @ webpack-internal:///(app-pages-browser)/../node_modules/next/dist/client/dev/hot-reloader/app/hot-reloader-app.js:196
[  259745ms] [LOG] [Fast Refresh] rebuilding @ webpack-internal:///(app-pages-browser)/../node_modules/next/dist/client/dev/hot-reloader/app/hot-reloader-app.js:196
[  259802ms] [WARNING] The resource http://ashish.localhost:3002/_next/static/css/app/layout.css?v=1786547010570 was preloaded using link preload but not used within a few seconds from the window's load event. Please make sure it has an appropriate `as` value and it is preloaded intentionally. @ http://ashish.localhost:3002/:0
[  259802ms] [WARNING] The resource http://ashish.localhost:3002/_next/static/css/app/layout.css?v=1786547085486 was preloaded using link preload but not used within a few seconds from the window's load event. Please make sure it has an appropriate `as` value and it is preloaded intentionally. @ http://ashish.localhost:3002/:0
[  259802ms] [WARNING] The resource http://ashish.localhost:3002/_next/static/css/app/layout.css?v=1786546975374 was preloaded using link preload but not used within a few seconds from the window's load event. Please make sure it has an appropriate `as` value and it is preloaded intentionally. @ http://ashish.localhost:3002/:0
[  259802ms] [WARNING] The resource http://ashish.localhost:3002/_next/static/css/app/layout.css?v=1786546989566 was preloaded using link preload but not used within a few seconds from the window's load event. Please make sure it has an appropriate `as` value and it is preloaded intentionally. @ http://ashish.localhost:3002/:0
[  259802ms] [WARNING] The resource http://ashish.localhost:3002/_next/static/css/app/layout.css?v=1786546973614 was preloaded using link preload but not used within a few seconds from the window's load event. Please make sure it has an appropriate `as` value and it is preloaded intentionally. @ http://ashish.localhost:3002/:0
[  259802ms] [WARNING] The resource http://ashish.localhost:3002/_next/static/css/app/layout.css?v=1786547032561 was preloaded using link preload but not used within a few seconds from the window's load event. Please make sure it has an appropriate `as` value and it is preloaded intentionally. @ http://ashish.localhost:3002/:0
[  259802ms] [WARNING] The resource http://ashish.localhost:3002/_next/static/css/app/layout.css?v=1786546993434 was preloaded using link preload but not used within a few seconds from the window's load event. Please make sure it has an appropriate `as` value and it is preloaded intentionally. @ http://ashish.localhost:3002/:0
[  259802ms] [WARNING] The resource http://ashish.localhost:3002/_next/static/css/app/layout.css?v=1786547099179 was preloaded using link preload but not used within a few seconds from the window's load event. Please make sure it has an appropriate `as` value and it is preloaded intentionally. @ http://ashish.localhost:3002/:0
[  259802ms] [WARNING] The resource http://ashish.localhost:3002/_next/static/css/app/layout.css?v=1786547034685 was preloaded using link preload but not used within a few seconds from the window's load event. Please make sure it has an appropriate `as` value and it is preloaded intentionally. @ http://ashish.localhost:3002/:0
[  259802ms] [WARNING] The resource http://ashish.localhost:3002/_next/static/css/app/layout.css?v=1786547008314 was preloaded using link preload but not used within a few seconds from the window's load event. Please make sure it has an appropriate `as` value and it is preloaded intentionally. @ http://ashish.localhost:3002/:0
[  259802ms] [WARNING] The resource http://ashish.localhost:3002/_next/static/css/app/layout.css?v=1786547071043 was preloaded using link preload but not used within a few seconds from the window's load event. Please make sure it has an appropriate `as` value and it is preloaded intentionally. @ http://ashish.localhost:3002/:0
[  259803ms] [WARNING] The resource http://ashish.localhost:3002/_next/static/css/app/layout.css?v=1786547102618 was preloaded using link preload but not used within a few seconds from the window's load event. Please make sure it has an appropriate `as` value and it is preloaded intentionally. @ http://ashish.localhost:3002/:0
[  259803ms] [WARNING] The resource http://ashish.localhost:3002/_next/static/css/app/layout.css?v=1786547062180 was preloaded using link preload but not used within a few seconds from the window's load event. Please make sure it has an appropriate `as` value and it is preloaded intentionally. @ http://ashish.localhost:3002/:0
[  259803ms] [WARNING] The resource http://ashish.localhost:3002/_next/static/css/app/layout.css?v=1786547081893 was preloaded using link preload but not used within a few seconds from the window's load event. Please make sure it has an appropriate `as` value and it is preloaded intentionally. @ http://ashish.localhost:3002/:0
[  260547ms] [LOG] [Fast Refresh] done in 803ms @ webpack-internal:///(app-pages-browser)/../node_modules/next/dist/client/dev/report-hmr-latency.js:13
[  261827ms] [LOG] [Fast Refresh] done in 2082ms @ webpack-internal:///(app-pages-browser)/../node_modules/next/dist/client/dev/report-hmr-latency.js:13
[  262728ms] [WARNING] %c%s%c 
Config warnings for "ashish-interiors":

  warning  sections.inquiryForm.accessKeyEnv
           names env var "WEB3FORMS_ASHISH", which is not set. The form would render and silently post nowhere — a lost enquiry looks exactly like no enquiry.
 background: #e6e6e6;background: light-dark(rgba(0,0,0,0.1), rgba(255,255,255,0.25));color: #000000;color: light-dark(#000000, #ffffff);border-radius: 2px  Server   @ about://React/Server/webpack-internal:///(rsc)/../backend/src/config/load.ts?2:72
[  262728ms] [WARNING] %c%s%c 
Config warnings for "ashish-interiors":

  warning  sections.inquiryForm.accessKeyEnv
           names env var "WEB3FORMS_ASHISH", which is not set. The form would render and silently post nowhere — a lost enquiry looks exactly like no enquiry.
 background: #e6e6e6;background: light-dark(rgba(0,0,0,0.1), rgba(255,255,255,0.25));color: #000000;color: light-dark(#000000, #ffffff);border-radius: 2px  Server   @ about://React/Server/webpack-internal:///(rsc)/../backend/src/config/load.ts?2:72
[  264723ms] [WARNING] %c%s%c 
Config warnings for "ashish-interiors":

  warning  sections.inquiryForm.accessKeyEnv
           names env var "WEB3FORMS_ASHISH", which is not set. The form would render and silently post nowhere — a lost enquiry looks exactly like no enquiry.
 background: #e6e6e6;background: light-dark(rgba(0,0,0,0.1), rgba(255,255,255,0.25));color: #000000;color: light-dark(#000000, #ffffff);border-radius: 2px  Server   @ about://React/Server/webpack-internal:///(rsc)/../backend/src/config/load.ts?2:72
[  264723ms] [WARNING] %c%s%c 
Config warnings for "ashish-interiors":

  warning  sections.inquiryForm.accessKeyEnv
           names env var "WEB3FORMS_ASHISH", which is not set. The form would render and silently post nowhere — a lost enquiry looks exactly like no enquiry.
 background: #e6e6e6;background: light-dark(rgba(0,0,0,0.1), rgba(255,255,255,0.25));color: #000000;color: light-dark(#000000, #ffffff);border-radius: 2px  Server   @ about://React/Server/webpack-internal:///(rsc)/../backend/src/config/load.ts?2:72
[  264840ms] [WARNING] The resource http://ashish.localhost:3002/_next/static/css/app/layout.css?v=1786547010570 was preloaded using link preload but not used within a few seconds from the window's load event. Please make sure it has an appropriate `as` value and it is preloaded intentionally. @ http://ashish.localhost:3002/:0
[  264840ms] [WARNING] The resource http://ashish.localhost:3002/_next/static/css/app/layout.css?v=1786547085486 was preloaded using link preload but not used within a few seconds from the window's load event. Please make sure it has an appropriate `as` value and it is preloaded intentionally. @ http://ashish.localhost:3002/:0
[  264840ms] [WARNING] The resource http://ashish.localhost:3002/_next/static/css/app/layout.css?v=1786546975374 was preloaded using link preload but not used within a few seconds from the window's load event. Please make sure it has an appropriate `as` value and it is preloaded intentionally. @ http://ashish.localhost:3002/:0
[  264840ms] [WARNING] The resource http://ashish.localhost:3002/_next/static/css/app/layout.css?v=1786546989566 was preloaded using link preload but not used within a few seconds from the window's load event. Please make sure it has an appropriate `as` value and it is preloaded intentionally. @ http://ashish.localhost:3002/:0
[  264840ms] [WARNING] The resource http://ashish.localhost:3002/_next/static/css/app/layout.css?v=1786546973614 was preloaded using link preload but not used within a few seconds from the window's load event. Please make sure it has an appropriate `as` value and it is preloaded intentionally. @ http://ashish.localhost:3002/:0
[  264840ms] [WARNING] The resource http://ashish.localhost:3002/_next/static/css/app/layout.css?v=1786547032561 was preloaded using link preload but not used within a few seconds from the window's load event. Please make sure it has an appropriate `as` value and it is preloaded intentionally. @ http://ashish.localhost:3002/:0
[  264840ms] [WARNING] The resource http://ashish.localhost:3002/_next/static/css/app/layout.css?v=1786546993434 was preloaded using link preload but not used within a few seconds from the window's load event. Please make sure it has an appropriate `as` value and it is preloaded intentionally. @ http://ashish.localhost:3002/:0
[  264840ms] [WARNING] The resource http://ashish.localhost:3002/_next/static/css/app/layout.css?v=1786547099179 was preloaded using link preload but not used within a few seconds from the window's load event. Please make sure it has an appropriate `as` value and it is preloaded intentionally. @ http://ashish.localhost:3002/:0
[  264840ms] [WARNING] The resource http://ashish.localhost:3002/_next/static/css/app/layout.css?v=1786547111508 was preloaded using link preload but not used within a few seconds from the window's load event. Please make sure it has an appropriate `as` value and it is preloaded intentionally. @ http://ashish.localhost:3002/:0
[  264840ms] [WARNING] The resource http://ashish.localhost:3002/_next/static/css/app/layout.css?v=1786547034685 was preloaded using link preload but not used within a few seconds from the window's load event. Please make sure it has an appropriate `as` value and it is preloaded intentionally. @ http://ashish.localhost:3002/:0
[  264840ms] [WARNING] The resource http://ashish.localhost:3002/_next/static/css/app/layout.css?v=1786547008314 was preloaded using link preload but not used within a few seconds from the window's load event. Please make sure it has an appropriate `as` value and it is preloaded intentionally. @ http://ashish.localhost:3002/:0
[  264840ms] [WARNING] The resource http://ashish.localhost:3002/_next/static/css/app/layout.css?v=1786547071043 was preloaded using link preload but not used within a few seconds from the window's load event. Please make sure it has an appropriate `as` value and it is preloaded intentionally. @ http://ashish.localhost:3002/:0
[  264840ms] [WARNING] The resource http://ashish.localhost:3002/_next/static/css/app/layout.css?v=1786547102618 was preloaded using link preload but not used within a few seconds from the window's load event. Please make sure it has an appropriate `as` value and it is preloaded intentionally. @ http://ashish.localhost:3002/:0
[  264840ms] [WARNING] The resource http://ashish.localhost:3002/_next/static/css/app/layout.css?v=1786547062180 was preloaded using link preload but not used within a few seconds from the window's load event. Please make sure it has an appropriate `as` value and it is preloaded intentionally. @ http://ashish.localhost:3002/:0
[  264840ms] [WARNING] The resource http://ashish.localhost:3002/_next/static/css/app/layout.css?v=1786547081893 was preloaded using link preload but not used within a few seconds from the window's load event. Please make sure it has an appropriate `as` value and it is preloaded intentionally. @ http://ashish.localhost:3002/:0
[  265816ms] [WARNING] %c%s%c 
Config warnings for "ashish-interiors":

  warning  sections.inquiryForm.accessKeyEnv
           names env var "WEB3FORMS_ASHISH", which is not set. The form would render and silently post nowhere — a lost enquiry looks exactly like no enquiry.
 background: #e6e6e6;background: light-dark(rgba(0,0,0,0.1), rgba(255,255,255,0.25));color: #000000;color: light-dark(#000000, #ffffff);border-radius: 2px  Server   @ about://React/Server/webpack-internal:///(rsc)/../backend/src/config/load.ts?2:72
[  267911ms] [WARNING] %c%s%c 
Config warnings for "ashish-interiors":

  warning  sections.inquiryForm.accessKeyEnv
           names env var "WEB3FORMS_ASHISH", which is not set. The form would render and silently post nowhere — a lost enquiry looks exactly like no enquiry.
 background: #e6e6e6;background: light-dark(rgba(0,0,0,0.1), rgba(255,255,255,0.25));color: #000000;color: light-dark(#000000, #ffffff);border-radius: 2px  Server   @ about://React/Server/webpack-internal:///(rsc)/../backend/src/config/load.ts?2:72
[  270937ms] [ERROR] Failed to load resource: the server responded with a status of 404 (Not Found) @ http://ashish.localhost:3002/fonts/archivo/archivo-latin-ext.woff2:0
[  273742ms] [ERROR] Failed to load resource: the server responded with a status of 404 (Not Found) @ http://ashish.localhost:3002/fonts/archivo/archivo-latin.woff2:0
[  277151ms] [WARNING] The resource http://ashish.localhost:3002/_next/static/css/app/layout.css?v=1786547010570 was preloaded using link preload but not used within a few seconds from the window's load event. Please make sure it has an appropriate `as` value and it is preloaded intentionally. @ http://ashish.localhost:3002/:0
[  277151ms] [WARNING] The resource http://ashish.localhost:3002/_next/static/css/app/layout.css?v=1786547085486 was preloaded using link preload but not used within a few seconds from the window's load event. Please make sure it has an appropriate `as` value and it is preloaded intentionally. @ http://ashish.localhost:3002/:0
[  277151ms] [WARNING] The resource http://ashish.localhost:3002/_next/static/css/app/layout.css?v=1786547117002 was preloaded using link preload but not used within a few seconds from the window's load event. Please make sure it has an appropriate `as` value and it is preloaded intentionally. @ http://ashish.localhost:3002/:0
[  277151ms] [WARNING] The resource http://ashish.localhost:3002/_next/static/css/app/layout.css?v=1786546989566 was preloaded using link preload but not used within a few seconds from the window's load event. Please make sure it has an appropriate `as` value and it is preloaded intentionally. @ http://ashish.localhost:3002/:0
[  277151ms] [WARNING] The resource http://ashish.localhost:3002/_next/static/css/app/layout.css?v=1786547032561 was preloaded using link preload but not used within a few seconds from the window's load event. Please make sure it has an appropriate `as` value and it is preloaded intentionally. @ http://ashish.localhost:3002/:0
[  277151ms] [WARNING] The resource http://ashish.localhost:3002/_next/static/css/app/layout.css?v=1786546973614 was preloaded using link preload but not used within a few seconds from the window's load event. Please make sure it has an appropriate `as` value and it is preloaded intentionally. @ http://ashish.localhost:3002/:0
[  277151ms] [WARNING] The resource http://ashish.localhost:3002/_next/static/css/app/layout.css?v=1786547119986 was preloaded using link preload but not used within a few seconds from the window's load event. Please make sure it has an appropriate `as` value and it is preloaded intentionally. @ http://ashish.localhost:3002/:0
[  277151ms] [WARNING] The resource http://ashish.localhost:3002/_next/static/css/app/layout.css?v=1786547034685 was preloaded using link preload but not used within a few seconds from the window's load event. Please make sure it has an appropriate `as` value and it is preloaded intentionally. @ http://ashish.localhost:3002/:0
[  277151ms] [WARNING] The resource http://ashish.localhost:3002/_next/static/css/app/layout.css?v=1786547071043 was preloaded using link preload but not used within a few seconds from the window's load event. Please make sure it has an appropriate `as` value and it is preloaded intentionally. @ http://ashish.localhost:3002/:0
[  277151ms] [WARNING] The resource http://ashish.localhost:3002/_next/static/css/app/layout.css?v=1786546975374 was preloaded using link preload but not used within a few seconds from the window's load event. Please make sure it has an appropriate `as` value and it is preloaded intentionally. @ http://ashish.localhost:3002/:0
[  277152ms] [WARNING] The resource http://ashish.localhost:3002/_next/static/css/app/layout.css?v=1786546993434 was preloaded using link preload but not used within a few seconds from the window's load event. Please make sure it has an appropriate `as` value and it is preloaded intentionally. @ http://ashish.localhost:3002/:0
[  277154ms] [WARNING] The resource http://ashish.localhost:3002/_next/static/css/app/layout.css?v=1786547099179 was preloaded using link preload but not used within a few seconds from the window's load event. Please make sure it has an appropriate `as` value and it is preloaded intentionally. @ http://ashish.localhost:3002/:0
[  277154ms] [WARNING] The resource http://ashish.localhost:3002/_next/static/css/app/layout.css?v=1786547102618 was preloaded using link preload but not used within a few seconds from the window's load event. Please make sure it has an appropriate `as` value and it is preloaded intentionally. @ http://ashish.localhost:3002/:0
[  277154ms] [WARNING] The resource http://ashish.localhost:3002/_next/static/css/app/layout.css?v=1786547008314 was preloaded using link preload but not used within a few seconds from the window's load event. Please make sure it has an appropriate `as` value and it is preloaded intentionally. @ http://ashish.localhost:3002/:0
[  277154ms] [WARNING] The resource http://ashish.localhost:3002/_next/static/css/app/layout.css?v=1786547062180 was preloaded using link preload but not used within a few seconds from the window's load event. Please make sure it has an appropriate `as` value and it is preloaded intentionally. @ http://ashish.localhost:3002/:0
[  277154ms] [WARNING] The resource http://ashish.localhost:3002/_next/static/css/app/layout.css?v=1786547081893 was preloaded using link preload but not used within a few seconds from the window's load event. Please make sure it has an appropriate `as` value and it is preloaded intentionally. @ http://ashish.localhost:3002/:0
[  279546ms] [LOG] [Fast Refresh] rebuilding @ webpack-internal:///(app-pages-browser)/../node_modules/next/dist/client/dev/hot-reloader/app/hot-reloader-app.js:196
[  281532ms] [LOG] [Fast Refresh] rebuilding @ webpack-internal:///(app-pages-browser)/../node_modules/next/dist/client/dev/hot-reloader/app/hot-reloader-app.js:196
[  281755ms] [LOG] [Fast Refresh] done in 223ms @ webpack-internal:///(app-pages-browser)/../node_modules/next/dist/client/dev/report-hmr-latency.js:13
[  284762ms] [WARNING] The resource http://ashish.localhost:3002/_next/static/css/app/layout.css?v=1786547010570 was preloaded using link preload but not used within a few seconds from the window's load event. Please make sure it has an appropriate `as` value and it is preloaded intentionally. @ http://ashish.localhost:3002/:0
[  284762ms] [WARNING] The resource http://ashish.localhost:3002/_next/static/css/app/layout.css?v=1786547085486 was preloaded using link preload but not used within a few seconds from the window's load event. Please make sure it has an appropriate `as` value and it is preloaded intentionally. @ http://ashish.localhost:3002/:0
[  284762ms] [WARNING] The resource http://ashish.localhost:3002/_next/static/css/app/layout.css?v=1786547117002 was preloaded using link preload but not used within a few seconds from the window's load event. Please make sure it has an appropriate `as` value and it is preloaded intentionally. @ http://ashish.localhost:3002/:0
[  284762ms] [WARNING] The resource http://ashish.localhost:3002/_next/static/css/app/layout.css?v=1786546989566 was preloaded using link preload but not used within a few seconds from the window's load event. Please make sure it has an appropriate `as` value and it is preloaded intentionally. @ http://ashish.localhost:3002/:0
[  284762ms] [WARNING] The resource http://ashish.localhost:3002/_next/static/css/app/layout.css?v=1786547032561 was preloaded using link preload but not used within a few seconds from the window's load event. Please make sure it has an appropriate `as` value and it is preloaded intentionally. @ http://ashish.localhost:3002/:0
[  284762ms] [WARNING] The resource http://ashish.localhost:3002/_next/static/css/app/layout.css?v=1786546973614 was preloaded using link preload but not used within a few seconds from the window's load event. Please make sure it has an appropriate `as` value and it is preloaded intentionally. @ http://ashish.localhost:3002/:0
[  284762ms] [WARNING] The resource http://ashish.localhost:3002/_next/static/css/app/layout.css?v=1786547119986 was preloaded using link preload but not used within a few seconds from the window's load event. Please make sure it has an appropriate `as` value and it is preloaded intentionally. @ http://ashish.localhost:3002/:0
[  284762ms] [WARNING] The resource http://ashish.localhost:3002/_next/static/css/app/layout.css?v=1786547034685 was preloaded using link preload but not used within a few seconds from the window's load event. Please make sure it has an appropriate `as` value and it is preloaded intentionally. @ http://ashish.localhost:3002/:0
[  284762ms] [WARNING] The resource http://ashish.localhost:3002/_next/static/css/app/layout.css?v=1786547071043 was preloaded using link preload but not used within a few seconds from the window's load event. Please make sure it has an appropriate `as` value and it is preloaded intentionally. @ http://ashish.localhost:3002/:0
[  284762ms] [WARNING] The resource http://ashish.localhost:3002/_next/static/css/app/layout.css?v=1786546975374 was preloaded using link preload but not used within a few seconds from the window's load event. Please make sure it has an appropriate `as` value and it is preloaded intentionally. @ http://ashish.localhost:3002/:0
[  284762ms] [WARNING] The resource http://ashish.localhost:3002/_next/static/css/app/layout.css?v=1786546993434 was preloaded using link preload but not used within a few seconds from the window's load event. Please make sure it has an appropriate `as` value and it is preloaded intentionally. @ http://ashish.localhost:3002/:0
[  284762ms] [WARNING] The resource http://ashish.localhost:3002/_next/static/css/app/layout.css?v=1786547099179 was preloaded using link preload but not used within a few seconds from the window's load event. Please make sure it has an appropriate `as` value and it is preloaded intentionally. @ http://ashish.localhost:3002/:0
[  284762ms] [WARNING] The resource http://ashish.localhost:3002/_next/static/css/app/layout.css?v=1786547102618 was preloaded using link preload but not used within a few seconds from the window's load event. Please make sure it has an appropriate `as` value and it is preloaded intentionally. @ http://ashish.localhost:3002/:0
[  284762ms] [WARNING] The resource http://ashish.localhost:3002/_next/static/css/app/layout.css?v=1786547008314 was preloaded using link preload but not used within a few seconds from the window's load event. Please make sure it has an appropriate `as` value and it is preloaded intentionally. @ http://ashish.localhost:3002/:0
[  284762ms] [WARNING] The resource http://ashish.localhost:3002/_next/static/css/app/layout.css?v=1786547062180 was preloaded using link preload but not used within a few seconds from the window's load event. Please make sure it has an appropriate `as` value and it is preloaded intentionally. @ http://ashish.localhost:3002/:0
[  284762ms] [WARNING] The resource http://ashish.localhost:3002/_next/static/css/app/layout.css?v=1786547081893 was preloaded using link preload but not used within a few seconds from the window's load event. Please make sure it has an appropriate `as` value and it is preloaded intentionally. @ http://ashish.localhost:3002/:0
[  285012ms] [LOG] [Fast Refresh] done in 3481ms @ webpack-internal:///(app-pages-browser)/../node_modules/next/dist/client/dev/report-hmr-latency.js:13
[  286119ms] [WARNING] %c%s%c 
Config warnings for "ashish-interiors":

  warning  sections.inquiryForm.accessKeyEnv
           names env var "WEB3FORMS_ASHISH", which is not set. The form would render and silently post nowhere — a lost enquiry looks exactly like no enquiry.
 background: #e6e6e6;background: light-dark(rgba(0,0,0,0.1), rgba(255,255,255,0.25));color: #000000;color: light-dark(#000000, #ffffff);border-radius: 2px  Server   @ about://React/Server/webpack-internal:///(rsc)/../backend/src/config/load.ts?2:72
[  286119ms] [WARNING] %c%s%c 
Config warnings for "ashish-interiors":

  warning  sections.inquiryForm.accessKeyEnv
           names env var "WEB3FORMS_ASHISH", which is not set. The form would render and silently post nowhere — a lost enquiry looks exactly like no enquiry.
 background: #e6e6e6;background: light-dark(rgba(0,0,0,0.1), rgba(255,255,255,0.25));color: #000000;color: light-dark(#000000, #ffffff);border-radius: 2px  Server   @ about://React/Server/webpack-internal:///(rsc)/../backend/src/config/load.ts?2:72
[  287288ms] [WARNING] %c%s%c 
Config warnings for "ashish-interiors":

  warning  sections.inquiryForm.accessKeyEnv
           names env var "WEB3FORMS_ASHISH", which is not set. The form would render and silently post nowhere — a lost enquiry looks exactly like no enquiry.
 background: #e6e6e6;background: light-dark(rgba(0,0,0,0.1), rgba(255,255,255,0.25));color: #000000;color: light-dark(#000000, #ffffff);border-radius: 2px  Server   @ about://React/Server/webpack-internal:///(rsc)/../backend/src/config/load.ts?2:72
[  287288ms] [WARNING] %c%s%c 
Config warnings for "ashish-interiors":

  warning  sections.inquiryForm.accessKeyEnv
           names env var "WEB3FORMS_ASHISH", which is not set. The form would render and silently post nowhere — a lost enquiry looks exactly like no enquiry.
 background: #e6e6e6;background: light-dark(rgba(0,0,0,0.1), rgba(255,255,255,0.25));color: #000000;color: light-dark(#000000, #ffffff);border-radius: 2px  Server   @ about://React/Server/webpack-internal:///(rsc)/../backend/src/config/load.ts?2:72
[  288751ms] [WARNING] %c%s%c 
Config warnings for "ashish-interiors":

  warning  sections.inquiryForm.accessKeyEnv
           names env var "WEB3FORMS_ASHISH", which is not set. The form would render and silently post nowhere — a lost enquiry looks exactly like no enquiry.
 background: #e6e6e6;background: light-dark(rgba(0,0,0,0.1), rgba(255,255,255,0.25));color: #000000;color: light-dark(#000000, #ffffff);border-radius: 2px  Server   @ about://React/Server/webpack-internal:///(rsc)/../backend/src/config/load.ts?2:72
[  290631ms] [WARNING] %c%s%c 
Config warnings for "ashish-interiors":

  warning  sections.inquiryForm.accessKeyEnv
           names env var "WEB3FORMS_ASHISH", which is not set. The form would render and silently post nowhere — a lost enquiry looks exactly like no enquiry.
 background: #e6e6e6;background: light-dark(rgba(0,0,0,0.1), rgba(255,255,255,0.25));color: #000000;color: light-dark(#000000, #ffffff);border-radius: 2px  Server   @ about://React/Server/webpack-internal:///(rsc)/../backend/src/config/load.ts?2:72
[  291878ms] [WARNING] The resource http://ashish.localhost:3002/_next/static/css/app/layout.css?v=1786547010570 was preloaded using link preload but not used within a few seconds from the window's load event. Please make sure it has an appropriate `as` value and it is preloaded intentionally. @ http://ashish.localhost:3002/:0
[  291878ms] [WARNING] The resource http://ashish.localhost:3002/_next/static/css/app/layout.css?v=1786547085486 was preloaded using link preload but not used within a few seconds from the window's load event. Please make sure it has an appropriate `as` value and it is preloaded intentionally. @ http://ashish.localhost:3002/:0
[  291878ms] [WARNING] The resource http://ashish.localhost:3002/_next/static/css/app/layout.css?v=1786547117002 was preloaded using link preload but not used within a few seconds from the window's load event. Please make sure it has an appropriate `as` value and it is preloaded intentionally. @ http://ashish.localhost:3002/:0
[  291878ms] [WARNING] The resource http://ashish.localhost:3002/_next/static/css/app/layout.css?v=1786546989566 was preloaded using link preload but not used within a few seconds from the window's load event. Please make sure it has an appropriate `as` value and it is preloaded intentionally. @ http://ashish.localhost:3002/:0
[  291878ms] [WARNING] The resource http://ashish.localhost:3002/_next/static/css/app/layout.css?v=1786547032561 was preloaded using link preload but not used within a few seconds from the window's load event. Please make sure it has an appropriate `as` value and it is preloaded intentionally. @ http://ashish.localhost:3002/:0
[  291878ms] [WARNING] The resource http://ashish.localhost:3002/_next/static/css/app/layout.css?v=1786546973614 was preloaded using link preload but not used within a few seconds from the window's load event. Please make sure it has an appropriate `as` value and it is preloaded intentionally. @ http://ashish.localhost:3002/:0
[  291878ms] [WARNING] The resource http://ashish.localhost:3002/_next/static/css/app/layout.css?v=1786547119986 was preloaded using link preload but not used within a few seconds from the window's load event. Please make sure it has an appropriate `as` value and it is preloaded intentionally. @ http://ashish.localhost:3002/:0
[  291878ms] [WARNING] The resource http://ashish.localhost:3002/_next/static/css/app/layout.css?v=1786547034685 was preloaded using link preload but not used within a few seconds from the window's load event. Please make sure it has an appropriate `as` value and it is preloaded intentionally. @ http://ashish.localhost:3002/:0
[  291878ms] [WARNING] The resource http://ashish.localhost:3002/_next/static/css/app/layout.css?v=1786547071043 was preloaded using link preload but not used within a few seconds from the window's load event. Please make sure it has an appropriate `as` value and it is preloaded intentionally. @ http://ashish.localhost:3002/:0
[  291878ms] [WARNING] The resource http://ashish.localhost:3002/_next/static/css/app/layout.css?v=1786546975374 was preloaded using link preload but not used within a few seconds from the window's load event. Please make sure it has an appropriate `as` value and it is preloaded intentionally. @ http://ashish.localhost:3002/:0
[  291878ms] [WARNING] The resource http://ashish.localhost:3002/_next/static/css/app/layout.css?v=1786546993434 was preloaded using link preload but not used within a few seconds from the window's load event. Please make sure it has an appropriate `as` value and it is preloaded intentionally. @ http://ashish.localhost:3002/:0
[  291878ms] [WARNING] The resource http://ashish.localhost:3002/_next/static/css/app/layout.css?v=1786547099179 was preloaded using link preload but not used within a few seconds from the window's load event. Please make sure it has an appropriate `as` value and it is preloaded intentionally. @ http://ashish.localhost:3002/:0
[  291878ms] [WARNING] The resource http://ashish.localhost:3002/_next/static/css/app/layout.css?v=1786547102618 was preloaded using link preload but not used within a few seconds from the window's load event. Please make sure it has an appropriate `as` value and it is preloaded intentionally. @ http://ashish.localhost:3002/:0
[  291878ms] [WARNING] The resource http://ashish.localhost:3002/_next/static/css/app/layout.css?v=1786547008314 was preloaded using link preload but not used within a few seconds from the window's load event. Please make sure it has an appropriate `as` value and it is preloaded intentionally. @ http://ashish.localhost:3002/:0
[  291878ms] [WARNING] The resource http://ashish.localhost:3002/_next/static/css/app/layout.css?v=1786547062180 was preloaded using link preload but not used within a few seconds from the window's load event. Please make sure it has an appropriate `as` value and it is preloaded intentionally. @ http://ashish.localhost:3002/:0
[  291878ms] [WARNING] The resource http://ashish.localhost:3002/_next/static/css/app/layout.css?v=1786547081893 was preloaded using link preload but not used within a few seconds from the window's load event. Please make sure it has an appropriate `as` value and it is preloaded intentionally. @ http://ashish.localhost:3002/:0
[  292065ms] [LOG] [Fast Refresh] rebuilding @ webpack-internal:///(app-pages-browser)/../node_modules/next/dist/client/dev/hot-reloader/app/hot-reloader-app.js:196
[  295736ms] [LOG] [Fast Refresh] rebuilding @ webpack-internal:///(app-pages-browser)/../node_modules/next/dist/client/dev/hot-reloader/app/hot-reloader-app.js:196
[  297136ms] [LOG] [Fast Refresh] done in 1400ms @ webpack-internal:///(app-pages-browser)/../node_modules/next/dist/client/dev/report-hmr-latency.js:13
[  298271ms] [LOG] [Fast Refresh] done in 2535ms @ webpack-internal:///(app-pages-browser)/../node_modules/next/dist/client/dev/report-hmr-latency.js:13
[  298303ms] [ERROR] Failed to load resource: the server responded with a status of 404 (Not Found) @ http://ashish.localhost:3002/fonts/archivo/archivo-latin-ext.woff2:0
[  298859ms] [WARNING] %c%s%c 
Config warnings for "ashish-interiors":

  warning  sections.inquiryForm.accessKeyEnv
           names env var "WEB3FORMS_ASHISH", which is not set. The form would render and silently post nowhere — a lost enquiry looks exactly like no enquiry.
 background: #e6e6e6;background: light-dark(rgba(0,0,0,0.1), rgba(255,255,255,0.25));color: #000000;color: light-dark(#000000, #ffffff);border-radius: 2px  Server   @ about://React/Server/webpack-internal:///(rsc)/../backend/src/config/load.ts?2:72
[  298859ms] [WARNING] %c%s%c 
Config warnings for "ashish-interiors":

  warning  sections.inquiryForm.accessKeyEnv
           names env var "WEB3FORMS_ASHISH", which is not set. The form would render and silently post nowhere — a lost enquiry looks exactly like no enquiry.
 background: #e6e6e6;background: light-dark(rgba(0,0,0,0.1), rgba(255,255,255,0.25));color: #000000;color: light-dark(#000000, #ffffff);border-radius: 2px  Server   @ about://React/Server/webpack-internal:///(rsc)/../backend/src/config/load.ts?2:72
[  301304ms] [WARNING] The resource http://ashish.localhost:3002/_next/static/css/app/layout.css?v=1786547010570 was preloaded using link preload but not used within a few seconds from the window's load event. Please make sure it has an appropriate `as` value and it is preloaded intentionally. @ http://ashish.localhost:3002/:0
[  301304ms] [WARNING] The resource http://ashish.localhost:3002/_next/static/css/app/layout.css?v=1786547085486 was preloaded using link preload but not used within a few seconds from the window's load event. Please make sure it has an appropriate `as` value and it is preloaded intentionally. @ http://ashish.localhost:3002/:0
[  301304ms] [WARNING] The resource http://ashish.localhost:3002/_next/static/css/app/layout.css?v=1786547117002 was preloaded using link preload but not used within a few seconds from the window's load event. Please make sure it has an appropriate `as` value and it is preloaded intentionally. @ http://ashish.localhost:3002/:0
[  301304ms] [WARNING] The resource http://ashish.localhost:3002/_next/static/css/app/layout.css?v=1786546989566 was preloaded using link preload but not used within a few seconds from the window's load event. Please make sure it has an appropriate `as` value and it is preloaded intentionally. @ http://ashish.localhost:3002/:0
[  301304ms] [WARNING] The resource http://ashish.localhost:3002/_next/static/css/app/layout.css?v=1786547032561 was preloaded using link preload but not used within a few seconds from the window's load event. Please make sure it has an appropriate `as` value and it is preloaded intentionally. @ http://ashish.localhost:3002/:0
[  301304ms] [WARNING] The resource http://ashish.localhost:3002/_next/static/css/app/layout.css?v=1786546973614 was preloaded using link preload but not used within a few seconds from the window's load event. Please make sure it has an appropriate `as` value and it is preloaded intentionally. @ http://ashish.localhost:3002/:0
[  301304ms] [WARNING] The resource http://ashish.localhost:3002/_next/static/css/app/layout.css?v=1786547119986 was preloaded using link preload but not used within a few seconds from the window's load event. Please make sure it has an appropriate `as` value and it is preloaded intentionally. @ http://ashish.localhost:3002/:0
[  301304ms] [WARNING] The resource http://ashish.localhost:3002/_next/static/css/app/layout.css?v=1786547034685 was preloaded using link preload but not used within a few seconds from the window's load event. Please make sure it has an appropriate `as` value and it is preloaded intentionally. @ http://ashish.localhost:3002/:0
[  301304ms] [WARNING] The resource http://ashish.localhost:3002/_next/static/css/app/layout.css?v=1786547143266 was preloaded using link preload but not used within a few seconds from the window's load event. Please make sure it has an appropriate `as` value and it is preloaded intentionally. @ http://ashish.localhost:3002/:0
[  301304ms] [WARNING] The resource http://ashish.localhost:3002/_next/static/css/app/layout.css?v=1786547071043 was preloaded using link preload but not used within a few seconds from the window's load event. Please make sure it has an appropriate `as` value and it is preloaded intentionally. @ http://ashish.localhost:3002/:0
[  301304ms] [WARNING] The resource http://ashish.localhost:3002/_next/static/css/app/layout.css?v=1786546975374 was preloaded using link preload but not used within a few seconds from the window's load event. Please make sure it has an appropriate `as` value and it is preloaded intentionally. @ http://ashish.localhost:3002/:0
[  301304ms] [WARNING] The resource http://ashish.localhost:3002/_next/static/css/app/layout.css?v=1786546993434 was preloaded using link preload but not used within a few seconds from the window's load event. Please make sure it has an appropriate `as` value and it is preloaded intentionally. @ http://ashish.localhost:3002/:0
[  301304ms] [WARNING] The resource http://ashish.localhost:3002/_next/static/css/app/layout.css?v=1786547099179 was preloaded using link preload but not used within a few seconds from the window's load event. Please make sure it has an appropriate `as` value and it is preloaded intentionally. @ http://ashish.localhost:3002/:0
[  301304ms] [WARNING] The resource http://ashish.localhost:3002/_next/static/css/app/layout.css?v=1786547102618 was preloaded using link preload but not used within a few seconds from the window's load event. Please make sure it has an appropriate `as` value and it is preloaded intentionally. @ http://ashish.localhost:3002/:0
[  301304ms] [WARNING] The resource http://ashish.localhost:3002/_next/static/css/app/layout.css?v=1786547008314 was preloaded using link preload but not used within a few seconds from the window's load event. Please make sure it has an appropriate `as` value and it is preloaded intentionally. @ http://ashish.localhost:3002/:0
[  301305ms] [WARNING] The resource http://ashish.localhost:3002/_next/static/css/app/layout.css?v=1786547062180 was preloaded using link preload but not used within a few seconds from the window's load event. Please make sure it has an appropriate `as` value and it is preloaded intentionally. @ http://ashish.localhost:3002/:0
[  301305ms] [WARNING] The resource http://ashish.localhost:3002/_next/static/css/app/layout.css?v=1786547081893 was preloaded using link preload but not used within a few seconds from the window's load event. Please make sure it has an appropriate `as` value and it is preloaded intentionally. @ http://ashish.localhost:3002/:0
[  301498ms] [WARNING] %c%s%c 
Config warnings for "ashish-interiors":

  warning  sections.inquiryForm.accessKeyEnv
           names env var "WEB3FORMS_ASHISH", which is not set. The form would render and silently post nowhere — a lost enquiry looks exactly like no enquiry.
 background: #e6e6e6;background: light-dark(rgba(0,0,0,0.1), rgba(255,255,255,0.25));color: #000000;color: light-dark(#000000, #ffffff);border-radius: 2px  Server   @ about://React/Server/webpack-internal:///(rsc)/../backend/src/config/load.ts?2:72
[  301498ms] [WARNING] %c%s%c 
Config warnings for "ashish-interiors":

  warning  sections.inquiryForm.accessKeyEnv
           names env var "WEB3FORMS_ASHISH", which is not set. The form would render and silently post nowhere — a lost enquiry looks exactly like no enquiry.
 background: #e6e6e6;background: light-dark(rgba(0,0,0,0.1), rgba(255,255,255,0.25));color: #000000;color: light-dark(#000000, #ffffff);border-radius: 2px  Server   @ about://React/Server/webpack-internal:///(rsc)/../backend/src/config/load.ts?2:72
[  301987ms] [ERROR] Failed to load resource: the server responded with a status of 404 (Not Found) @ http://ashish.localhost:3002/fonts/archivo/archivo-latin.woff2:0
[  302874ms] [WARNING] %c%s%c 
Config warnings for "ashish-interiors":

  warning  sections.inquiryForm.accessKeyEnv
           names env var "WEB3FORMS_ASHISH", which is not set. The form would render and silently post nowhere — a lost enquiry looks exactly like no enquiry.
 background: #e6e6e6;background: light-dark(rgba(0,0,0,0.1), rgba(255,255,255,0.25));color: #000000;color: light-dark(#000000, #ffffff);border-radius: 2px  Server   @ about://React/Server/webpack-internal:///(rsc)/../backend/src/config/load.ts?2:72
[  304184ms] [LOG] [Fast Refresh] rebuilding @ webpack-internal:///(app-pages-browser)/../node_modules/next/dist/client/dev/hot-reloader/app/hot-reloader-app.js:196
[  305985ms] [WARNING] The resource http://ashish.localhost:3002/_next/static/css/app/layout.css?v=1786547010570 was preloaded using link preload but not used within a few seconds from the window's load event. Please make sure it has an appropriate `as` value and it is preloaded intentionally. @ http://ashish.localhost:3002/:0
[  305985ms] [WARNING] The resource http://ashish.localhost:3002/_next/static/css/app/layout.css?v=1786547085486 was preloaded using link preload but not used within a few seconds from the window's load event. Please make sure it has an appropriate `as` value and it is preloaded intentionally. @ http://ashish.localhost:3002/:0
[  305986ms] [WARNING] The resource http://ashish.localhost:3002/_next/static/css/app/layout.css?v=1786547117002 was preloaded using link preload but not used within a few seconds from the window's load event. Please make sure it has an appropriate `as` value and it is preloaded intentionally. @ http://ashish.localhost:3002/:0
[  305986ms] [WARNING] The resource http://ashish.localhost:3002/_next/static/css/app/layout.css?v=1786546989566 was preloaded using link preload but not used within a few seconds from the window's load event. Please make sure it has an appropriate `as` value and it is preloaded intentionally. @ http://ashish.localhost:3002/:0
[  305986ms] [WARNING] The resource http://ashish.localhost:3002/_next/static/css/app/layout.css?v=1786547032561 was preloaded using link preload but not used within a few seconds from the window's load event. Please make sure it has an appropriate `as` value and it is preloaded intentionally. @ http://ashish.localhost:3002/:0
[  305986ms] [WARNING] The resource http://ashish.localhost:3002/_next/static/css/app/layout.css?v=1786546973614 was preloaded using link preload but not used within a few seconds from the window's load event. Please make sure it has an appropriate `as` value and it is preloaded intentionally. @ http://ashish.localhost:3002/:0
[  305986ms] [WARNING] The resource http://ashish.localhost:3002/_next/static/css/app/layout.css?v=1786547147346 was preloaded using link preload but not used within a few seconds from the window's load event. Please make sure it has an appropriate `as` value and it is preloaded intentionally. @ http://ashish.localhost:3002/:0
[  305986ms] [WARNING] The resource http://ashish.localhost:3002/_next/static/css/app/layout.css?v=1786547119986 was preloaded using link preload but not used within a few seconds from the window's load event. Please make sure it has an appropriate `as` value and it is preloaded intentionally. @ http://ashish.localhost:3002/:0
[  305986ms] [WARNING] The resource http://ashish.localhost:3002/_next/static/css/app/layout.css?v=1786547034685 was preloaded using link preload but not used within a few seconds from the window's load event. Please make sure it has an appropriate `as` value and it is preloaded intentionally. @ http://ashish.localhost:3002/:0
[  305986ms] [WARNING] The resource http://ashish.localhost:3002/_next/static/css/app/layout.css?v=1786547143266 was preloaded using link preload but not used within a few seconds from the window's load event. Please make sure it has an appropriate `as` value and it is preloaded intentionally. @ http://ashish.localhost:3002/:0
[  305986ms] [WARNING] The resource http://ashish.localhost:3002/_next/static/css/app/layout.css?v=1786547071043 was preloaded using link preload but not used within a few seconds from the window's load event. Please make sure it has an appropriate `as` value and it is preloaded intentionally. @ http://ashish.localhost:3002/:0
[  305986ms] [WARNING] The resource http://ashish.localhost:3002/_next/static/css/app/layout.css?v=1786546975374 was preloaded using link preload but not used within a few seconds from the window's load event. Please make sure it has an appropriate `as` value and it is preloaded intentionally. @ http://ashish.localhost:3002/:0
[  305986ms] [WARNING] The resource http://ashish.localhost:3002/_next/static/css/app/layout.css?v=1786546993434 was preloaded using link preload but not used within a few seconds from the window's load event. Please make sure it has an appropriate `as` value and it is preloaded intentionally. @ http://ashish.localhost:3002/:0
[  305986ms] [WARNING] The resource http://ashish.localhost:3002/_next/static/css/app/layout.css?v=1786547099179 was preloaded using link preload but not used within a few seconds from the window's load event. Please make sure it has an appropriate `as` value and it is preloaded intentionally. @ http://ashish.localhost:3002/:0
[  305986ms] [WARNING] The resource http://ashish.localhost:3002/_next/static/css/app/layout.css?v=1786547102618 was preloaded using link preload but not used within a few seconds from the window's load event. Please make sure it has an appropriate `as` value and it is preloaded intentionally. @ http://ashish.localhost:3002/:0
[  305986ms] [WARNING] The resource http://ashish.localhost:3002/_next/static/css/app/layout.css?v=1786547008314 was preloaded using link preload but not used within a few seconds from the window's load event. Please make sure it has an appropriate `as` value and it is preloaded intentionally. @ http://ashish.localhost:3002/:0
[  305986ms] [WARNING] The resource http://ashish.localhost:3002/_next/static/css/app/layout.css?v=1786547062180 was preloaded using link preload but not used within a few seconds from the window's load event. Please make sure it has an appropriate `as` value and it is preloaded intentionally. @ http://ashish.localhost:3002/:0
[  305986ms] [WARNING] The resource http://ashish.localhost:3002/_next/static/css/app/layout.css?v=1786547081893 was preloaded using link preload but not used within a few seconds from the window's load event. Please make sure it has an appropriate `as` value and it is preloaded intentionally. @ http://ashish.localhost:3002/:0
[  305986ms] [WARNING] The resource http://ashish.localhost:3002/_next/static/css/app/layout.css?v=1786547147717 was preloaded using link preload but not used within a few seconds from the window's load event. Please make sure it has an appropriate `as` value and it is preloaded intentionally. @ http://ashish.localhost:3002/:0
[  307085ms] [WARNING] %c%s%c 
Config warnings for "ashish-interiors":

  warning  sections.inquiryForm.accessKeyEnv
           names env var "WEB3FORMS_ASHISH", which is not set. The form would render and silently post nowhere — a lost enquiry looks exactly like no enquiry.
 background: #e6e6e6;background: light-dark(rgba(0,0,0,0.1), rgba(255,255,255,0.25));color: #000000;color: light-dark(#000000, #ffffff);border-radius: 2px  Server   @ about://React/Server/webpack-internal:///(rsc)/../backend/src/config/load.ts?2:72
[  307455ms] [LOG] [Fast Refresh] rebuilding @ webpack-internal:///(app-pages-browser)/../node_modules/next/dist/client/dev/hot-reloader/app/hot-reloader-app.js:196
[  308172ms] [LOG] [Fast Refresh] done in 717ms @ webpack-internal:///(app-pages-browser)/../node_modules/next/dist/client/dev/report-hmr-latency.js:13
[  310348ms] [LOG] [Fast Refresh] done in 2894ms @ webpack-internal:///(app-pages-browser)/../node_modules/next/dist/client/dev/report-hmr-latency.js:13
[  312829ms] [WARNING] %c%s%c 
Config warnings for "ashish-interiors":

  warning  sections.inquiryForm.accessKeyEnv
           names env var "WEB3FORMS_ASHISH", which is not set. The form would render and silently post nowhere — a lost enquiry looks exactly like no enquiry.
 background: #e6e6e6;background: light-dark(rgba(0,0,0,0.1), rgba(255,255,255,0.25));color: #000000;color: light-dark(#000000, #ffffff);border-radius: 2px  Server   @ about://React/Server/webpack-internal:///(rsc)/../backend/src/config/load.ts?2:72
[  312829ms] [WARNING] %c%s%c 
Config warnings for "ashish-interiors":

  warning  sections.inquiryForm.accessKeyEnv
           names env var "WEB3FORMS_ASHISH", which is not set. The form would render and silently post nowhere — a lost enquiry looks exactly like no enquiry.
 background: #e6e6e6;background: light-dark(rgba(0,0,0,0.1), rgba(255,255,255,0.25));color: #000000;color: light-dark(#000000, #ffffff);border-radius: 2px  Server   @ about://React/Server/webpack-internal:///(rsc)/../backend/src/config/load.ts?2:72
[  313628ms] [ERROR] Failed to load resource: the server responded with a status of 404 (Not Found) @ http://ashish.localhost:3002/fonts/archivo/archivo-latin-ext.woff2:0
[  314672ms] [WARNING] %c%s%c 
Config warnings for "ashish-interiors":

  warning  sections.inquiryForm.accessKeyEnv
           names env var "WEB3FORMS_ASHISH", which is not set. The form would render and silently post nowhere — a lost enquiry looks exactly like no enquiry.
 background: #e6e6e6;background: light-dark(rgba(0,0,0,0.1), rgba(255,255,255,0.25));color: #000000;color: light-dark(#000000, #ffffff);border-radius: 2px  Server   @ about://React/Server/webpack-internal:///(rsc)/../backend/src/config/load.ts?2:72
[  314672ms] [WARNING] %c%s%c 
Config warnings for "ashish-interiors":

  warning  sections.inquiryForm.accessKeyEnv
           names env var "WEB3FORMS_ASHISH", which is not set. The form would render and silently post nowhere — a lost enquiry looks exactly like no enquiry.
 background: #e6e6e6;background: light-dark(rgba(0,0,0,0.1), rgba(255,255,255,0.25));color: #000000;color: light-dark(#000000, #ffffff);border-radius: 2px  Server   @ about://React/Server/webpack-internal:///(rsc)/../backend/src/config/load.ts?2:72
[  316630ms] [WARNING] The resource http://ashish.localhost:3002/_next/static/css/app/layout.css?v=1786547010570 was preloaded using link preload but not used within a few seconds from the window's load event. Please make sure it has an appropriate `as` value and it is preloaded intentionally. @ http://ashish.localhost:3002/:0
[  316630ms] [WARNING] The resource http://ashish.localhost:3002/_next/static/css/app/layout.css?v=1786547085486 was preloaded using link preload but not used within a few seconds from the window's load event. Please make sure it has an appropriate `as` value and it is preloaded intentionally. @ http://ashish.localhost:3002/:0
[  316630ms] [WARNING] The resource http://ashish.localhost:3002/_next/static/css/app/layout.css?v=1786547117002 was preloaded using link preload but not used within a few seconds from the window's load event. Please make sure it has an appropriate `as` value and it is preloaded intentionally. @ http://ashish.localhost:3002/:0
[  316630ms] [WARNING] The resource http://ashish.localhost:3002/_next/static/css/app/layout.css?v=1786546989566 was preloaded using link preload but not used within a few seconds from the window's load event. Please make sure it has an appropriate `as` value and it is preloaded intentionally. @ http://ashish.localhost:3002/:0
[  316630ms] [WARNING] The resource http://ashish.localhost:3002/_next/static/css/app/layout.css?v=1786547032561 was preloaded using link preload but not used within a few seconds from the window's load event. Please make sure it has an appropriate `as` value and it is preloaded intentionally. @ http://ashish.localhost:3002/:0
[  316630ms] [WARNING] The resource http://ashish.localhost:3002/_next/static/css/app/layout.css?v=1786546973614 was preloaded using link preload but not used within a few seconds from the window's load event. Please make sure it has an appropriate `as` value and it is preloaded intentionally. @ http://ashish.localhost:3002/:0
[  316630ms] [WARNING] The resource http://ashish.localhost:3002/_next/static/css/app/layout.css?v=1786547147346 was preloaded using link preload but not used within a few seconds from the window's load event. Please make sure it has an appropriate `as` value and it is preloaded intentionally. @ http://ashish.localhost:3002/:0
[  316630ms] [WARNING] The resource http://ashish.localhost:3002/_next/static/css/app/layout.css?v=1786547119986 was preloaded using link preload but not used within a few seconds from the window's load event. Please make sure it has an appropriate `as` value and it is preloaded intentionally. @ http://ashish.localhost:3002/:0
[  316630ms] [WARNING] The resource http://ashish.localhost:3002/_next/static/css/app/layout.css?v=1786547158920 was preloaded using link preload but not used within a few seconds from the window's load event. Please make sure it has an appropriate `as` value and it is preloaded intentionally. @ http://ashish.localhost:3002/:0
[  316630ms] [WARNING] The resource http://ashish.localhost:3002/_next/static/css/app/layout.css?v=1786547034685 was preloaded using link preload but not used within a few seconds from the window's load event. Please make sure it has an appropriate `as` value and it is preloaded intentionally. @ http://ashish.localhost:3002/:0
[  316630ms] [WARNING] The resource http://ashish.localhost:3002/_next/static/css/app/layout.css?v=1786547143266 was preloaded using link preload but not used within a few seconds from the window's load event. Please make sure it has an appropriate `as` value and it is preloaded intentionally. @ http://ashish.localhost:3002/:0
[  316630ms] [WARNING] The resource http://ashish.localhost:3002/_next/static/css/app/layout.css?v=1786547071043 was preloaded using link preload but not used within a few seconds from the window's load event. Please make sure it has an appropriate `as` value and it is preloaded intentionally. @ http://ashish.localhost:3002/:0
[  316630ms] [WARNING] The resource http://ashish.localhost:3002/_next/static/css/app/layout.css?v=1786546975374 was preloaded using link preload but not used within a few seconds from the window's load event. Please make sure it has an appropriate `as` value and it is preloaded intentionally. @ http://ashish.localhost:3002/:0
[  316630ms] [WARNING] The resource http://ashish.localhost:3002/_next/static/css/app/layout.css?v=1786547162081 was preloaded using link preload but not used within a few seconds from the window's load event. Please make sure it has an appropriate `as` value and it is preloaded intentionally. @ http://ashish.localhost:3002/:0
[  316630ms] [WARNING] The resource http://ashish.localhost:3002/_next/static/css/app/layout.css?v=1786546993434 was preloaded using link preload but not used within a few seconds from the window's load event. Please make sure it has an appropriate `as` value and it is preloaded intentionally. @ http://ashish.localhost:3002/:0
[  316630ms] [WARNING] The resource http://ashish.localhost:3002/_next/static/css/app/layout.css?v=1786547099179 was preloaded using link preload but not used within a few seconds from the window's load event. Please make sure it has an appropriate `as` value and it is preloaded intentionally. @ http://ashish.localhost:3002/:0
[  316630ms] [WARNING] The resource http://ashish.localhost:3002/_next/static/css/app/layout.css?v=1786547102618 was preloaded using link preload but not used within a few seconds from the window's load event. Please make sure it has an appropriate `as` value and it is preloaded intentionally. @ http://ashish.localhost:3002/:0
[  316631ms] [WARNING] The resource http://ashish.localhost:3002/_next/static/css/app/layout.css?v=1786547008314 was preloaded using link preload but not used within a few seconds from the window's load event. Please make sure it has an appropriate `as` value and it is preloaded intentionally. @ http://ashish.localhost:3002/:0
[  316631ms] [WARNING] The resource http://ashish.localhost:3002/_next/static/css/app/layout.css?v=1786547062180 was preloaded using link preload but not used within a few seconds from the window's load event. Please make sure it has an appropriate `as` value and it is preloaded intentionally. @ http://ashish.localhost:3002/:0
[  316631ms] [WARNING] The resource http://ashish.localhost:3002/_next/static/css/app/layout.css?v=1786547081893 was preloaded using link preload but not used within a few seconds from the window's load event. Please make sure it has an appropriate `as` value and it is preloaded intentionally. @ http://ashish.localhost:3002/:0
[  317659ms] [LOG] [Fast Refresh] rebuilding @ webpack-internal:///(app-pages-browser)/../node_modules/next/dist/client/dev/hot-reloader/app/hot-reloader-app.js:196
[  320375ms] [ERROR] Failed to load resource: the server responded with a status of 404 (Not Found) @ http://ashish.localhost:3002/fonts/archivo/archivo-latin.woff2:0
[  320800ms] [WARNING] %c%s%c 
Config warnings for "ashish-interiors":

  warning  sections.inquiryForm.accessKeyEnv
           names env var "WEB3FORMS_ASHISH", which is not set. The form would render and silently post nowhere — a lost enquiry looks exactly like no enquiry.
 background: #e6e6e6;background: light-dark(rgba(0,0,0,0.1), rgba(255,255,255,0.25));color: #000000;color: light-dark(#000000, #ffffff);border-radius: 2px  Server   @ about://React/Server/webpack-internal:///(rsc)/../backend/src/config/load.ts?2:72
[  320914ms] [LOG] [Fast Refresh] rebuilding @ webpack-internal:///(app-pages-browser)/../node_modules/next/dist/client/dev/hot-reloader/app/hot-reloader-app.js:196
[  321538ms] [LOG] [Fast Refresh] done in 625ms @ webpack-internal:///(app-pages-browser)/../node_modules/next/dist/client/dev/report-hmr-latency.js:13
[  323757ms] [LOG] [Fast Refresh] rebuilding @ webpack-internal:///(app-pages-browser)/../node_modules/next/dist/client/dev/hot-reloader/app/hot-reloader-app.js:196
[  324264ms] [LOG] [Fast Refresh] done in 508ms @ webpack-internal:///(app-pages-browser)/../node_modules/next/dist/client/dev/report-hmr-latency.js:13
[  325085ms] [WARNING] %c%s%c 
Config warnings for "ashish-interiors":

  warning  sections.inquiryForm.accessKeyEnv
           names env var "WEB3FORMS_ASHISH", which is not set. The form would render and silently post nowhere — a lost enquiry looks exactly like no enquiry.
 background: #e6e6e6;background: light-dark(rgba(0,0,0,0.1), rgba(255,255,255,0.25));color: #000000;color: light-dark(#000000, #ffffff);border-radius: 2px  Server   @ about://React/Server/webpack-internal:///(rsc)/../backend/src/config/load.ts?2:72
[  327921ms] [LOG] [Fast Refresh] done in 4164ms @ webpack-internal:///(app-pages-browser)/../node_modules/next/dist/client/dev/report-hmr-latency.js:13
[  330923ms] [WARNING] The resource http://ashish.localhost:3002/_next/static/css/app/layout.css?v=1786547010570 was preloaded using link preload but not used within a few seconds from the window's load event. Please make sure it has an appropriate `as` value and it is preloaded intentionally. @ http://ashish.localhost:3002/:0
[  330923ms] [WARNING] The resource http://ashish.localhost:3002/_next/static/css/app/layout.css?v=1786547085486 was preloaded using link preload but not used within a few seconds from the window's load event. Please make sure it has an appropriate `as` value and it is preloaded intentionally. @ http://ashish.localhost:3002/:0
[  330923ms] [WARNING] The resource http://ashish.localhost:3002/_next/static/css/app/layout.css?v=1786547117002 was preloaded using link preload but not used within a few seconds from the window's load event. Please make sure it has an appropriate `as` value and it is preloaded intentionally. @ http://ashish.localhost:3002/:0
[  330923ms] [WARNING] The resource http://ashish.localhost:3002/_next/static/css/app/layout.css?v=1786546989566 was preloaded using link preload but not used within a few seconds from the window's load event. Please make sure it has an appropriate `as` value and it is preloaded intentionally. @ http://ashish.localhost:3002/:0
[  330923ms] [WARNING] The resource http://ashish.localhost:3002/_next/static/css/app/layout.css?v=1786547032561 was preloaded using link preload but not used within a few seconds from the window's load event. Please make sure it has an appropriate `as` value and it is preloaded intentionally. @ http://ashish.localhost:3002/:0
[  330923ms] [WARNING] The resource http://ashish.localhost:3002/_next/static/css/app/layout.css?v=1786546973614 was preloaded using link preload but not used within a few seconds from the window's load event. Please make sure it has an appropriate `as` value and it is preloaded intentionally. @ http://ashish.localhost:3002/:0
[  330923ms] [WARNING] The resource http://ashish.localhost:3002/_next/static/css/app/layout.css?v=1786547147346 was preloaded using link preload but not used within a few seconds from the window's load event. Please make sure it has an appropriate `as` value and it is preloaded intentionally. @ http://ashish.localhost:3002/:0
[  330924ms] [WARNING] The resource http://ashish.localhost:3002/_next/static/css/app/layout.css?v=1786547119986 was preloaded using link preload but not used within a few seconds from the window's load event. Please make sure it has an appropriate `as` value and it is preloaded intentionally. @ http://ashish.localhost:3002/:0
[  330924ms] [WARNING] The resource http://ashish.localhost:3002/_next/static/css/app/layout.css?v=1786547158920 was preloaded using link preload but not used within a few seconds from the window's load event. Please make sure it has an appropriate `as` value and it is preloaded intentionally. @ http://ashish.localhost:3002/:0
[  330924ms] [WARNING] The resource http://ashish.localhost:3002/_next/static/css/app/layout.css?v=1786547034685 was preloaded using link preload but not used within a few seconds from the window's load event. Please make sure it has an appropriate `as` value and it is preloaded intentionally. @ http://ashish.localhost:3002/:0
[  330924ms] [WARNING] The resource http://ashish.localhost:3002/_next/static/css/app/layout.css?v=1786547143266 was preloaded using link preload but not used within a few seconds from the window's load event. Please make sure it has an appropriate `as` value and it is preloaded intentionally. @ http://ashish.localhost:3002/:0
[  330924ms] [WARNING] The resource http://ashish.localhost:3002/_next/static/css/app/layout.css?v=1786547071043 was preloaded using link preload but not used within a few seconds from the window's load event. Please make sure it has an appropriate `as` value and it is preloaded intentionally. @ http://ashish.localhost:3002/:0
[  330924ms] [WARNING] The resource http://ashish.localhost:3002/_next/static/css/app/layout.css?v=1786546975374 was preloaded using link preload but not used within a few seconds from the window's load event. Please make sure it has an appropriate `as` value and it is preloaded intentionally. @ http://ashish.localhost:3002/:0
[  330924ms] [WARNING] The resource http://ashish.localhost:3002/_next/static/css/app/layout.css?v=1786547162081 was preloaded using link preload but not used within a few seconds from the window's load event. Please make sure it has an appropriate `as` value and it is preloaded intentionally. @ http://ashish.localhost:3002/:0
[  330924ms] [WARNING] The resource http://ashish.localhost:3002/_next/static/css/app/layout.css?v=1786546993434 was preloaded using link preload but not used within a few seconds from the window's load event. Please make sure it has an appropriate `as` value and it is preloaded intentionally. @ http://ashish.localhost:3002/:0
[  330924ms] [WARNING] The resource http://ashish.localhost:3002/_next/static/css/app/layout.css?v=1786547099179 was preloaded using link preload but not used within a few seconds from the window's load event. Please make sure it has an appropriate `as` value and it is preloaded intentionally. @ http://ashish.localhost:3002/:0
[  330924ms] [WARNING] The resource http://ashish.localhost:3002/_next/static/css/app/layout.css?v=1786547102618 was preloaded using link preload but not used within a few seconds from the window's load event. Please make sure it has an appropriate `as` value and it is preloaded intentionally. @ http://ashish.localhost:3002/:0
[  330924ms] [WARNING] The resource http://ashish.localhost:3002/_next/static/css/app/layout.css?v=1786547008314 was preloaded using link preload but not used within a few seconds from the window's load event. Please make sure it has an appropriate `as` value and it is preloaded intentionally. @ http://ashish.localhost:3002/:0
[  330924ms] [WARNING] The resource http://ashish.localhost:3002/_next/static/css/app/layout.css?v=1786547062180 was preloaded using link preload but not used within a few seconds from the window's load event. Please make sure it has an appropriate `as` value and it is preloaded intentionally. @ http://ashish.localhost:3002/:0
[  330924ms] [WARNING] The resource http://ashish.localhost:3002/_next/static/css/app/layout.css?v=1786547163702 was preloaded using link preload but not used within a few seconds from the window's load event. Please make sure it has an appropriate `as` value and it is preloaded intentionally. @ http://ashish.localhost:3002/:0
[  330924ms] [WARNING] The resource http://ashish.localhost:3002/_next/static/css/app/layout.css?v=1786547081893 was preloaded using link preload but not used within a few seconds from the window's load event. Please make sure it has an appropriate `as` value and it is preloaded intentionally. @ http://ashish.localhost:3002/:0
[  332244ms] [WARNING] %c%s%c 
Config warnings for "ashish-interiors":

  warning  sections.inquiryForm.accessKeyEnv
           names env var "WEB3FORMS_ASHISH", which is not set. The form would render and silently post nowhere — a lost enquiry looks exactly like no enquiry.
 background: #e6e6e6;background: light-dark(rgba(0,0,0,0.1), rgba(255,255,255,0.25));color: #000000;color: light-dark(#000000, #ffffff);border-radius: 2px  Server   @ about://React/Server/webpack-internal:///(rsc)/../backend/src/config/load.ts?2:72
[  332244ms] [WARNING] %c%s%c 
Config warnings for "ashish-interiors":

  warning  sections.inquiryForm.accessKeyEnv
           names env var "WEB3FORMS_ASHISH", which is not set. The form would render and silently post nowhere — a lost enquiry looks exactly like no enquiry.
 background: #e6e6e6;background: light-dark(rgba(0,0,0,0.1), rgba(255,255,255,0.25));color: #000000;color: light-dark(#000000, #ffffff);border-radius: 2px  Server   @ about://React/Server/webpack-internal:///(rsc)/../backend/src/config/load.ts?2:72
[  333858ms] [WARNING] %c%s%c 
Config warnings for "ashish-interiors":

  warning  sections.inquiryForm.accessKeyEnv
           names env var "WEB3FORMS_ASHISH", which is not set. The form would render and silently post nowhere — a lost enquiry looks exactly like no enquiry.
 background: #e6e6e6;background: light-dark(rgba(0,0,0,0.1), rgba(255,255,255,0.25));color: #000000;color: light-dark(#000000, #ffffff);border-radius: 2px  Server   @ about://React/Server/webpack-internal:///(rsc)/../backend/src/config/load.ts?2:72
[  333858ms] [WARNING] %c%s%c 
Config warnings for "ashish-interiors":

  warning  sections.inquiryForm.accessKeyEnv
           names env var "WEB3FORMS_ASHISH", which is not set. The form would render and silently post nowhere — a lost enquiry looks exactly like no enquiry.
 background: #e6e6e6;background: light-dark(rgba(0,0,0,0.1), rgba(255,255,255,0.25));color: #000000;color: light-dark(#000000, #ffffff);border-radius: 2px  Server   @ about://React/Server/webpack-internal:///(rsc)/../backend/src/config/load.ts?2:72
[  334635ms] [WARNING] %c%s%c 
Config warnings for "ashish-interiors":

  warning  sections.inquiryForm.accessKeyEnv
           names env var "WEB3FORMS_ASHISH", which is not set. The form would render and silently post nowhere — a lost enquiry looks exactly like no enquiry.
 background: #e6e6e6;background: light-dark(rgba(0,0,0,0.1), rgba(255,255,255,0.25));color: #000000;color: light-dark(#000000, #ffffff);border-radius: 2px  Server   @ about://React/Server/webpack-internal:///(rsc)/../backend/src/config/load.ts?2:72
[  335043ms] [WARNING] %c%s%c 
Config warnings for "ashish-interiors":

  warning  sections.inquiryForm.accessKeyEnv
           names env var "WEB3FORMS_ASHISH", which is not set. The form would render and silently post nowhere — a lost enquiry looks exactly like no enquiry.
 background: #e6e6e6;background: light-dark(rgba(0,0,0,0.1), rgba(255,255,255,0.25));color: #000000;color: light-dark(#000000, #ffffff);border-radius: 2px  Server   @ about://React/Server/webpack-internal:///(rsc)/../backend/src/config/load.ts?2:72
[  337642ms] [ERROR] Failed to load resource: the server responded with a status of 404 (Not Found) @ http://ashish.localhost:3002/fonts/archivo/archivo-latin-ext.woff2:0
[  340647ms] [WARNING] The resource http://ashish.localhost:3002/_next/static/css/app/layout.css?v=1786547010570 was preloaded using link preload but not used within a few seconds from the window's load event. Please make sure it has an appropriate `as` value and it is preloaded intentionally. @ http://ashish.localhost:3002/:0
[  340648ms] [WARNING] The resource http://ashish.localhost:3002/_next/static/css/app/layout.css?v=1786547085486 was preloaded using link preload but not used within a few seconds from the window's load event. Please make sure it has an appropriate `as` value and it is preloaded intentionally. @ http://ashish.localhost:3002/:0
[  340648ms] [WARNING] The resource http://ashish.localhost:3002/_next/static/css/app/layout.css?v=1786547117002 was preloaded using link preload but not used within a few seconds from the window's load event. Please make sure it has an appropriate `as` value and it is preloaded intentionally. @ http://ashish.localhost:3002/:0
[  340648ms] [WARNING] The resource http://ashish.localhost:3002/_next/static/css/app/layout.css?v=1786546989566 was preloaded using link preload but not used within a few seconds from the window's load event. Please make sure it has an appropriate `as` value and it is preloaded intentionally. @ http://ashish.localhost:3002/:0
[  340648ms] [WARNING] The resource http://ashish.localhost:3002/_next/static/css/app/layout.css?v=1786547032561 was preloaded using link preload but not used within a few seconds from the window's load event. Please make sure it has an appropriate `as` value and it is preloaded intentionally. @ http://ashish.localhost:3002/:0
[  340648ms] [WARNING] The resource http://ashish.localhost:3002/_next/static/css/app/layout.css?v=1786546973614 was preloaded using link preload but not used within a few seconds from the window's load event. Please make sure it has an appropriate `as` value and it is preloaded intentionally. @ http://ashish.localhost:3002/:0
[  340648ms] [WARNING] The resource http://ashish.localhost:3002/_next/static/css/app/layout.css?v=1786547147346 was preloaded using link preload but not used within a few seconds from the window's load event. Please make sure it has an appropriate `as` value and it is preloaded intentionally. @ http://ashish.localhost:3002/:0
[  340648ms] [WARNING] The resource http://ashish.localhost:3002/_next/static/css/app/layout.css?v=1786547119986 was preloaded using link preload but not used within a few seconds from the window's load event. Please make sure it has an appropriate `as` value and it is preloaded intentionally. @ http://ashish.localhost:3002/:0
[  340648ms] [WARNING] The resource http://ashish.localhost:3002/_next/static/css/app/layout.css?v=1786547158920 was preloaded using link preload but not used within a few seconds from the window's load event. Please make sure it has an appropriate `as` value and it is preloaded intentionally. @ http://ashish.localhost:3002/:0
[  340648ms] [WARNING] The resource http://ashish.localhost:3002/_next/static/css/app/layout.css?v=1786547034685 was preloaded using link preload but not used within a few seconds from the window's load event. Please make sure it has an appropriate `as` value and it is preloaded intentionally. @ http://ashish.localhost:3002/:0
[  340648ms] [WARNING] The resource http://ashish.localhost:3002/_next/static/css/app/layout.css?v=1786547143266 was preloaded using link preload but not used within a few seconds from the window's load event. Please make sure it has an appropriate `as` value and it is preloaded intentionally. @ http://ashish.localhost:3002/:0
[  340648ms] [WARNING] The resource http://ashish.localhost:3002/_next/static/css/app/layout.css?v=1786547071043 was preloaded using link preload but not used within a few seconds from the window's load event. Please make sure it has an appropriate `as` value and it is preloaded intentionally. @ http://ashish.localhost:3002/:0
[  340648ms] [WARNING] The resource http://ashish.localhost:3002/_next/static/css/app/layout.css?v=1786546975374 was preloaded using link preload but not used within a few seconds from the window's load event. Please make sure it has an appropriate `as` value and it is preloaded intentionally. @ http://ashish.localhost:3002/:0
[  340648ms] [WARNING] The resource http://ashish.localhost:3002/_next/static/css/app/layout.css?v=1786547162081 was preloaded using link preload but not used within a few seconds from the window's load event. Please make sure it has an appropriate `as` value and it is preloaded intentionally. @ http://ashish.localhost:3002/:0
[  340648ms] [WARNING] The resource http://ashish.localhost:3002/_next/static/css/app/layout.css?v=1786547183622 was preloaded using link preload but not used within a few seconds from the window's load event. Please make sure it has an appropriate `as` value and it is preloaded intentionally. @ http://ashish.localhost:3002/:0
[  340648ms] [WARNING] The resource http://ashish.localhost:3002/_next/static/css/app/layout.css?v=1786546993434 was preloaded using link preload but not used within a few seconds from the window's load event. Please make sure it has an appropriate `as` value and it is preloaded intentionally. @ http://ashish.localhost:3002/:0
[  340648ms] [WARNING] The resource http://ashish.localhost:3002/_next/static/css/app/layout.css?v=1786547099179 was preloaded using link preload but not used within a few seconds from the window's load event. Please make sure it has an appropriate `as` value and it is preloaded intentionally. @ http://ashish.localhost:3002/:0
[  340648ms] [WARNING] The resource http://ashish.localhost:3002/_next/static/css/app/layout.css?v=1786547102618 was preloaded using link preload but not used within a few seconds from the window's load event. Please make sure it has an appropriate `as` value and it is preloaded intentionally. @ http://ashish.localhost:3002/:0
[  340648ms] [WARNING] The resource http://ashish.localhost:3002/_next/static/css/app/layout.css?v=1786547008314 was preloaded using link preload but not used within a few seconds from the window's load event. Please make sure it has an appropriate `as` value and it is preloaded intentionally. @ http://ashish.localhost:3002/:0
[  340648ms] [WARNING] The resource http://ashish.localhost:3002/_next/static/css/app/layout.css?v=1786547062180 was preloaded using link preload but not used within a few seconds from the window's load event. Please make sure it has an appropriate `as` value and it is preloaded intentionally. @ http://ashish.localhost:3002/:0
[  340648ms] [WARNING] The resource http://ashish.localhost:3002/_next/static/css/app/layout.css?v=1786547163702 was preloaded using link preload but not used within a few seconds from the window's load event. Please make sure it has an appropriate `as` value and it is preloaded intentionally. @ http://ashish.localhost:3002/:0
[  340648ms] [WARNING] The resource http://ashish.localhost:3002/_next/static/css/app/layout.css?v=1786547081893 was preloaded using link preload but not used within a few seconds from the window's load event. Please make sure it has an appropriate `as` value and it is preloaded intentionally. @ http://ashish.localhost:3002/:0
[  341114ms] [ERROR] Failed to load resource: the server responded with a status of 404 (Not Found) @ http://ashish.localhost:3002/fonts/archivo/archivo-latin.woff2:0
[  344263ms] [WARNING] The resource http://ashish.localhost:3002/_next/static/css/app/layout.css?v=1786547010570 was preloaded using link preload but not used within a few seconds from the window's load event. Please make sure it has an appropriate `as` value and it is preloaded intentionally. @ http://ashish.localhost:3002/:0
[  344263ms] [WARNING] The resource http://ashish.localhost:3002/_next/static/css/app/layout.css?v=1786547085486 was preloaded using link preload but not used within a few seconds from the window's load event. Please make sure it has an appropriate `as` value and it is preloaded intentionally. @ http://ashish.localhost:3002/:0
[  344263ms] [WARNING] The resource http://ashish.localhost:3002/_next/static/css/app/layout.css?v=1786547117002 was preloaded using link preload but not used within a few seconds from the window's load event. Please make sure it has an appropriate `as` value and it is preloaded intentionally. @ http://ashish.localhost:3002/:0
[  344263ms] [WARNING] The resource http://ashish.localhost:3002/_next/static/css/app/layout.css?v=1786546989566 was preloaded using link preload but not used within a few seconds from the window's load event. Please make sure it has an appropriate `as` value and it is preloaded intentionally. @ http://ashish.localhost:3002/:0
[  344263ms] [WARNING] The resource http://ashish.localhost:3002/_next/static/css/app/layout.css?v=1786547032561 was preloaded using link preload but not used within a few seconds from the window's load event. Please make sure it has an appropriate `as` value and it is preloaded intentionally. @ http://ashish.localhost:3002/:0
[  344263ms] [WARNING] The resource http://ashish.localhost:3002/_next/static/css/app/layout.css?v=1786546973614 was preloaded using link preload but not used within a few seconds from the window's load event. Please make sure it has an appropriate `as` value and it is preloaded intentionally. @ http://ashish.localhost:3002/:0
[  344263ms] [WARNING] The resource http://ashish.localhost:3002/_next/static/css/app/layout.css?v=1786547147346 was preloaded using link preload but not used within a few seconds from the window's load event. Please make sure it has an appropriate `as` value and it is preloaded intentionally. @ http://ashish.localhost:3002/:0
[  344263ms] [WARNING] The resource http://ashish.localhost:3002/_next/static/css/app/layout.css?v=1786547119986 was preloaded using link preload but not used within a few seconds from the window's load event. Please make sure it has an appropriate `as` value and it is preloaded intentionally. @ http://ashish.localhost:3002/:0
[  344263ms] [WARNING] The resource http://ashish.localhost:3002/_next/static/css/app/layout.css?v=1786547187650 was preloaded using link preload but not used within a few seconds from the window's load event. Please make sure it has an appropriate `as` value and it is preloaded intentionally. @ http://ashish.localhost:3002/:0
[  344263ms] [WARNING] The resource http://ashish.localhost:3002/_next/static/css/app/layout.css?v=1786547158920 was preloaded using link preload but not used within a few seconds from the window's load event. Please make sure it has an appropriate `as` value and it is preloaded intentionally. @ http://ashish.localhost:3002/:0
[  344263ms] [WARNING] The resource http://ashish.localhost:3002/_next/static/css/app/layout.css?v=1786547034685 was preloaded using link preload but not used within a few seconds from the window's load event. Please make sure it has an appropriate `as` value and it is preloaded intentionally. @ http://ashish.localhost:3002/:0
[  344263ms] [WARNING] The resource http://ashish.localhost:3002/_next/static/css/app/layout.css?v=1786547143266 was preloaded using link preload but not used within a few seconds from the window's load event. Please make sure it has an appropriate `as` value and it is preloaded intentionally. @ http://ashish.localhost:3002/:0
[  344263ms] [WARNING] The resource http://ashish.localhost:3002/_next/static/css/app/layout.css?v=1786547071043 was preloaded using link preload but not used within a few seconds from the window's load event. Please make sure it has an appropriate `as` value and it is preloaded intentionally. @ http://ashish.localhost:3002/:0
[  344263ms] [WARNING] The resource http://ashish.localhost:3002/_next/static/css/app/layout.css?v=1786546975374 was preloaded using link preload but not used within a few seconds from the window's load event. Please make sure it has an appropriate `as` value and it is preloaded intentionally. @ http://ashish.localhost:3002/:0
[  344263ms] [WARNING] The resource http://ashish.localhost:3002/_next/static/css/app/layout.css?v=1786547162081 was preloaded using link preload but not used within a few seconds from the window's load event. Please make sure it has an appropriate `as` value and it is preloaded intentionally. @ http://ashish.localhost:3002/:0
[  344263ms] [WARNING] The resource http://ashish.localhost:3002/_next/static/css/app/layout.css?v=1786547183622 was preloaded using link preload but not used within a few seconds from the window's load event. Please make sure it has an appropriate `as` value and it is preloaded intentionally. @ http://ashish.localhost:3002/:0
[  344263ms] [WARNING] The resource http://ashish.localhost:3002/_next/static/css/app/layout.css?v=1786546993434 was preloaded using link preload but not used within a few seconds from the window's load event. Please make sure it has an appropriate `as` value and it is preloaded intentionally. @ http://ashish.localhost:3002/:0
[  344264ms] [WARNING] The resource http://ashish.localhost:3002/_next/static/css/app/layout.css?v=1786547099179 was preloaded using link preload but not used within a few seconds from the window's load event. Please make sure it has an appropriate `as` value and it is preloaded intentionally. @ http://ashish.localhost:3002/:0
[  344264ms] [WARNING] The resource http://ashish.localhost:3002/_next/static/css/app/layout.css?v=1786547102618 was preloaded using link preload but not used within a few seconds from the window's load event. Please make sure it has an appropriate `as` value and it is preloaded intentionally. @ http://ashish.localhost:3002/:0
[  344264ms] [WARNING] The resource http://ashish.localhost:3002/_next/static/css/app/layout.css?v=1786547008314 was preloaded using link preload but not used within a few seconds from the window's load event. Please make sure it has an appropriate `as` value and it is preloaded intentionally. @ http://ashish.localhost:3002/:0
[  344264ms] [WARNING] The resource http://ashish.localhost:3002/_next/static/css/app/layout.css?v=1786547062180 was preloaded using link preload but not used within a few seconds from the window's load event. Please make sure it has an appropriate `as` value and it is preloaded intentionally. @ http://ashish.localhost:3002/:0
[  344264ms] [WARNING] The resource http://ashish.localhost:3002/_next/static/css/app/layout.css?v=1786547163702 was preloaded using link preload but not used within a few seconds from the window's load event. Please make sure it has an appropriate `as` value and it is preloaded intentionally. @ http://ashish.localhost:3002/:0
[  344264ms] [WARNING] The resource http://ashish.localhost:3002/_next/static/css/app/layout.css?v=1786547081893 was preloaded using link preload but not used within a few seconds from the window's load event. Please make sure it has an appropriate `as` value and it is preloaded intentionally. @ http://ashish.localhost:3002/:0
[  350435ms] [LOG] [Fast Refresh] rebuilding @ webpack-internal:///(app-pages-browser)/../node_modules/next/dist/client/dev/hot-reloader/app/hot-reloader-app.js:196
[  355110ms] [LOG] [Fast Refresh] done in 4676ms @ webpack-internal:///(app-pages-browser)/../node_modules/next/dist/client/dev/report-hmr-latency.js:13
[  357109ms] [WARNING] %c%s%c 
Config warnings for "ashish-interiors":

  warning  sections.inquiryForm.accessKeyEnv
           names env var "WEB3FORMS_ASHISH", which is not set. The form would render and silently post nowhere — a lost enquiry looks exactly like no enquiry.
 background: #e6e6e6;background: light-dark(rgba(0,0,0,0.1), rgba(255,255,255,0.25));color: #000000;color: light-dark(#000000, #ffffff);border-radius: 2px  Server   @ about://React/Server/webpack-internal:///(rsc)/../backend/src/config/load.ts?2:72
[  357109ms] [WARNING] %c%s%c 
Config warnings for "ashish-interiors":

  warning  sections.inquiryForm.accessKeyEnv
           names env var "WEB3FORMS_ASHISH", which is not set. The form would render and silently post nowhere — a lost enquiry looks exactly like no enquiry.
 background: #e6e6e6;background: light-dark(rgba(0,0,0,0.1), rgba(255,255,255,0.25));color: #000000;color: light-dark(#000000, #ffffff);border-radius: 2px  Server   @ about://React/Server/webpack-internal:///(rsc)/../backend/src/config/load.ts?2:72
[  358597ms] [WARNING] %c%s%c 
Config warnings for "ashish-interiors":

  warning  sections.inquiryForm.accessKeyEnv
           names env var "WEB3FORMS_ASHISH", which is not set. The form would render and silently post nowhere — a lost enquiry looks exactly like no enquiry.
 background: #e6e6e6;background: light-dark(rgba(0,0,0,0.1), rgba(255,255,255,0.25));color: #000000;color: light-dark(#000000, #ffffff);border-radius: 2px  Server   @ about://React/Server/webpack-internal:///(rsc)/../backend/src/config/load.ts?2:72
[  359520ms] [LOG] [Fast Refresh] rebuilding @ webpack-internal:///(app-pages-browser)/../node_modules/next/dist/client/dev/hot-reloader/app/hot-reloader-app.js:196
[  360149ms] [WARNING] The resource http://ashish.localhost:3002/_next/static/css/app/layout.css?v=1786547010570 was preloaded using link preload but not used within a few seconds from the window's load event. Please make sure it has an appropriate `as` value and it is preloaded intentionally. @ http://ashish.localhost:3002/:0
[  360149ms] [WARNING] The resource http://ashish.localhost:3002/_next/static/css/app/layout.css?v=1786547085486 was preloaded using link preload but not used within a few seconds from the window's load event. Please make sure it has an appropriate `as` value and it is preloaded intentionally. @ http://ashish.localhost:3002/:0
[  360149ms] [WARNING] The resource http://ashish.localhost:3002/_next/static/css/app/layout.css?v=1786547117002 was preloaded using link preload but not used within a few seconds from the window's load event. Please make sure it has an appropriate `as` value and it is preloaded intentionally. @ http://ashish.localhost:3002/:0
[  360149ms] [WARNING] The resource http://ashish.localhost:3002/_next/static/css/app/layout.css?v=1786546989566 was preloaded using link preload but not used within a few seconds from the window's load event. Please make sure it has an appropriate `as` value and it is preloaded intentionally. @ http://ashish.localhost:3002/:0
[  360149ms] [WARNING] The resource http://ashish.localhost:3002/_next/static/css/app/layout.css?v=1786547032561 was preloaded using link preload but not used within a few seconds from the window's load event. Please make sure it has an appropriate `as` value and it is preloaded intentionally. @ http://ashish.localhost:3002/:0
[  360149ms] [WARNING] The resource http://ashish.localhost:3002/_next/static/css/app/layout.css?v=1786546973614 was preloaded using link preload but not used within a few seconds from the window's load event. Please make sure it has an appropriate `as` value and it is preloaded intentionally. @ http://ashish.localhost:3002/:0
[  360149ms] [WARNING] The resource http://ashish.localhost:3002/_next/static/css/app/layout.css?v=1786547147346 was preloaded using link preload but not used within a few seconds from the window's load event. Please make sure it has an appropriate `as` value and it is preloaded intentionally. @ http://ashish.localhost:3002/:0
[  360149ms] [WARNING] The resource http://ashish.localhost:3002/_next/static/css/app/layout.css?v=1786547119986 was preloaded using link preload but not used within a few seconds from the window's load event. Please make sure it has an appropriate `as` value and it is preloaded intentionally. @ http://ashish.localhost:3002/:0
[  360149ms] [WARNING] The resource http://ashish.localhost:3002/_next/static/css/app/layout.css?v=1786547187650 was preloaded using link preload but not used within a few seconds from the window's load event. Please make sure it has an appropriate `as` value and it is preloaded intentionally. @ http://ashish.localhost:3002/:0
[  360149ms] [WARNING] The resource http://ashish.localhost:3002/_next/static/css/app/layout.css?v=1786547158920 was preloaded using link preload but not used within a few seconds from the window's load event. Please make sure it has an appropriate `as` value and it is preloaded intentionally. @ http://ashish.localhost:3002/:0
[  360149ms] [WARNING] The resource http://ashish.localhost:3002/_next/static/css/app/layout.css?v=1786547034685 was preloaded using link preload but not used within a few seconds from the window's load event. Please make sure it has an appropriate `as` value and it is preloaded intentionally. @ http://ashish.localhost:3002/:0
[  360149ms] [WARNING] The resource http://ashish.localhost:3002/_next/static/css/app/layout.css?v=1786547143266 was preloaded using link preload but not used within a few seconds from the window's load event. Please make sure it has an appropriate `as` value and it is preloaded intentionally. @ http://ashish.localhost:3002/:0
[  360149ms] [WARNING] The resource http://ashish.localhost:3002/_next/static/css/app/layout.css?v=1786547071043 was preloaded using link preload but not used within a few seconds from the window's load event. Please make sure it has an appropriate `as` value and it is preloaded intentionally. @ http://ashish.localhost:3002/:0
[  360149ms] [WARNING] The resource http://ashish.localhost:3002/_next/static/css/app/layout.css?v=1786546975374 was preloaded using link preload but not used within a few seconds from the window's load event. Please make sure it has an appropriate `as` value and it is preloaded intentionally. @ http://ashish.localhost:3002/:0
[  360149ms] [WARNING] The resource http://ashish.localhost:3002/_next/static/css/app/layout.css?v=1786547162081 was preloaded using link preload but not used within a few seconds from the window's load event. Please make sure it has an appropriate `as` value and it is preloaded intentionally. @ http://ashish.localhost:3002/:0
[  360149ms] [WARNING] The resource http://ashish.localhost:3002/_next/static/css/app/layout.css?v=1786547183622 was preloaded using link preload but not used within a few seconds from the window's load event. Please make sure it has an appropriate `as` value and it is preloaded intentionally. @ http://ashish.localhost:3002/:0
[  360149ms] [WARNING] The resource http://ashish.localhost:3002/_next/static/css/app/layout.css?v=1786546993434 was preloaded using link preload but not used within a few seconds from the window's load event. Please make sure it has an appropriate `as` value and it is preloaded intentionally. @ http://ashish.localhost:3002/:0
[  360149ms] [WARNING] The resource http://ashish.localhost:3002/_next/static/css/app/layout.css?v=1786547099179 was preloaded using link preload but not used within a few seconds from the window's load event. Please make sure it has an appropriate `as` value and it is preloaded intentionally. @ http://ashish.localhost:3002/:0
[  360149ms] [WARNING] The resource http://ashish.localhost:3002/_next/static/css/app/layout.css?v=1786547102618 was preloaded using link preload but not used within a few seconds from the window's load event. Please make sure it has an appropriate `as` value and it is preloaded intentionally. @ http://ashish.localhost:3002/:0
[  360149ms] [WARNING] The resource http://ashish.localhost:3002/_next/static/css/app/layout.css?v=1786547008314 was preloaded using link preload but not used within a few seconds from the window's load event. Please make sure it has an appropriate `as` value and it is preloaded intentionally. @ http://ashish.localhost:3002/:0
[  360149ms] [WARNING] The resource http://ashish.localhost:3002/_next/static/css/app/layout.css?v=1786547062180 was preloaded using link preload but not used within a few seconds from the window's load event. Please make sure it has an appropriate `as` value and it is preloaded intentionally. @ http://ashish.localhost:3002/:0
[  360149ms] [WARNING] The resource http://ashish.localhost:3002/_next/static/css/app/layout.css?v=1786547163702 was preloaded using link preload but not used within a few seconds from the window's load event. Please make sure it has an appropriate `as` value and it is preloaded intentionally. @ http://ashish.localhost:3002/:0
[  360149ms] [WARNING] The resource http://ashish.localhost:3002/_next/static/css/app/layout.css?v=1786547081893 was preloaded using link preload but not used within a few seconds from the window's load event. Please make sure it has an appropriate `as` value and it is preloaded intentionally. @ http://ashish.localhost:3002/:0
[  361850ms] [LOG] [Fast Refresh] done in 2330ms @ webpack-internal:///(app-pages-browser)/../node_modules/next/dist/client/dev/report-hmr-latency.js:13
[  366257ms] [ERROR] Failed to load resource: the server responded with a status of 404 (Not Found) @ http://ashish.localhost:3002/fonts/archivo/archivo-latin-ext.woff2:0
[  368664ms] [WARNING] %c%s%c 
Config warnings for "ashish-interiors":

  warning  sections.inquiryForm.accessKeyEnv
           names env var "WEB3FORMS_ASHISH", which is not set. The form would render and silently post nowhere — a lost enquiry looks exactly like no enquiry.
 background: #e6e6e6;background: light-dark(rgba(0,0,0,0.1), rgba(255,255,255,0.25));color: #000000;color: light-dark(#000000, #ffffff);border-radius: 2px  Server   @ about://React/Server/webpack-internal:///(rsc)/../backend/src/config/load.ts?2:72
[  368665ms] [WARNING] %c%s%c 
Config warnings for "ashish-interiors":

  warning  sections.inquiryForm.accessKeyEnv
           names env var "WEB3FORMS_ASHISH", which is not set. The form would render and silently post nowhere — a lost enquiry looks exactly like no enquiry.
 background: #e6e6e6;background: light-dark(rgba(0,0,0,0.1), rgba(255,255,255,0.25));color: #000000;color: light-dark(#000000, #ffffff);border-radius: 2px  Server   @ about://React/Server/webpack-internal:///(rsc)/../backend/src/config/load.ts?2:72
[  369262ms] [WARNING] The resource http://ashish.localhost:3002/_next/static/css/app/layout.css?v=1786547010570 was preloaded using link preload but not used within a few seconds from the window's load event. Please make sure it has an appropriate `as` value and it is preloaded intentionally. @ http://ashish.localhost:3002/:0
[  369262ms] [WARNING] The resource http://ashish.localhost:3002/_next/static/css/app/layout.css?v=1786547085486 was preloaded using link preload but not used within a few seconds from the window's load event. Please make sure it has an appropriate `as` value and it is preloaded intentionally. @ http://ashish.localhost:3002/:0
[  369262ms] [WARNING] The resource http://ashish.localhost:3002/_next/static/css/app/layout.css?v=1786547117002 was preloaded using link preload but not used within a few seconds from the window's load event. Please make sure it has an appropriate `as` value and it is preloaded intentionally. @ http://ashish.localhost:3002/:0
[  369262ms] [WARNING] The resource http://ashish.localhost:3002/_next/static/css/app/layout.css?v=1786546989566 was preloaded using link preload but not used within a few seconds from the window's load event. Please make sure it has an appropriate `as` value and it is preloaded intentionally. @ http://ashish.localhost:3002/:0
[  369262ms] [WARNING] The resource http://ashish.localhost:3002/_next/static/css/app/layout.css?v=1786547032561 was preloaded using link preload but not used within a few seconds from the window's load event. Please make sure it has an appropriate `as` value and it is preloaded intentionally. @ http://ashish.localhost:3002/:0
[  369262ms] [WARNING] The resource http://ashish.localhost:3002/_next/static/css/app/layout.css?v=1786546973614 was preloaded using link preload but not used within a few seconds from the window's load event. Please make sure it has an appropriate `as` value and it is preloaded intentionally. @ http://ashish.localhost:3002/:0
[  369262ms] [WARNING] The resource http://ashish.localhost:3002/_next/static/css/app/layout.css?v=1786547147346 was preloaded using link preload but not used within a few seconds from the window's load event. Please make sure it has an appropriate `as` value and it is preloaded intentionally. @ http://ashish.localhost:3002/:0
[  369262ms] [WARNING] The resource http://ashish.localhost:3002/_next/static/css/app/layout.css?v=1786547119986 was preloaded using link preload but not used within a few seconds from the window's load event. Please make sure it has an appropriate `as` value and it is preloaded intentionally. @ http://ashish.localhost:3002/:0
[  369263ms] [WARNING] The resource http://ashish.localhost:3002/_next/static/css/app/layout.css?v=1786547187650 was preloaded using link preload but not used within a few seconds from the window's load event. Please make sure it has an appropriate `as` value and it is preloaded intentionally. @ http://ashish.localhost:3002/:0
[  369263ms] [WARNING] The resource http://ashish.localhost:3002/_next/static/css/app/layout.css?v=1786547214930 was preloaded using link preload but not used within a few seconds from the window's load event. Please make sure it has an appropriate `as` value and it is preloaded intentionally. @ http://ashish.localhost:3002/:0
[  369263ms] [WARNING] The resource http://ashish.localhost:3002/_next/static/css/app/layout.css?v=1786547158920 was preloaded using link preload but not used within a few seconds from the window's load event. Please make sure it has an appropriate `as` value and it is preloaded intentionally. @ http://ashish.localhost:3002/:0
[  369263ms] [WARNING] The resource http://ashish.localhost:3002/_next/static/css/app/layout.css?v=1786547034685 was preloaded using link preload but not used within a few seconds from the window's load event. Please make sure it has an appropriate `as` value and it is preloaded intentionally. @ http://ashish.localhost:3002/:0
[  369263ms] [WARNING] The resource http://ashish.localhost:3002/_next/static/css/app/layout.css?v=1786547143266 was preloaded using link preload but not used within a few seconds from the window's load event. Please make sure it has an appropriate `as` value and it is preloaded intentionally. @ http://ashish.localhost:3002/:0
[  369263ms] [WARNING] The resource http://ashish.localhost:3002/_next/static/css/app/layout.css?v=1786547071043 was preloaded using link preload but not used within a few seconds from the window's load event. Please make sure it has an appropriate `as` value and it is preloaded intentionally. @ http://ashish.localhost:3002/:0
[  369263ms] [WARNING] The resource http://ashish.localhost:3002/_next/static/css/app/layout.css?v=1786546975374 was preloaded using link preload but not used within a few seconds from the window's load event. Please make sure it has an appropriate `as` value and it is preloaded intentionally. @ http://ashish.localhost:3002/:0
[  369263ms] [WARNING] The resource http://ashish.localhost:3002/_next/static/css/app/layout.css?v=1786547162081 was preloaded using link preload but not used within a few seconds from the window's load event. Please make sure it has an appropriate `as` value and it is preloaded intentionally. @ http://ashish.localhost:3002/:0
[  369263ms] [WARNING] The resource http://ashish.localhost:3002/_next/static/css/app/layout.css?v=1786547183622 was preloaded using link preload but not used within a few seconds from the window's load event. Please make sure it has an appropriate `as` value and it is preloaded intentionally. @ http://ashish.localhost:3002/:0
[  369263ms] [WARNING] The resource http://ashish.localhost:3002/_next/static/css/app/layout.css?v=1786546993434 was preloaded using link preload but not used within a few seconds from the window's load event. Please make sure it has an appropriate `as` value and it is preloaded intentionally. @ http://ashish.localhost:3002/:0
[  369263ms] [WARNING] The resource http://ashish.localhost:3002/_next/static/css/app/layout.css?v=1786547099179 was preloaded using link preload but not used within a few seconds from the window's load event. Please make sure it has an appropriate `as` value and it is preloaded intentionally. @ http://ashish.localhost:3002/:0
[  369263ms] [WARNING] The resource http://ashish.localhost:3002/_next/static/css/app/layout.css?v=1786547102618 was preloaded using link preload but not used within a few seconds from the window's load event. Please make sure it has an appropriate `as` value and it is preloaded intentionally. @ http://ashish.localhost:3002/:0
[  369263ms] [WARNING] The resource http://ashish.localhost:3002/_next/static/css/app/layout.css?v=1786547008314 was preloaded using link preload but not used within a few seconds from the window's load event. Please make sure it has an appropriate `as` value and it is preloaded intentionally. @ http://ashish.localhost:3002/:0
[  369263ms] [WARNING] The resource http://ashish.localhost:3002/_next/static/css/app/layout.css?v=1786547062180 was preloaded using link preload but not used within a few seconds from the window's load event. Please make sure it has an appropriate `as` value and it is preloaded intentionally. @ http://ashish.localhost:3002/:0
[  369263ms] [WARNING] The resource http://ashish.localhost:3002/_next/static/css/app/layout.css?v=1786547163702 was preloaded using link preload but not used within a few seconds from the window's load event. Please make sure it has an appropriate `as` value and it is preloaded intentionally. @ http://ashish.localhost:3002/:0
[  369263ms] [WARNING] The resource http://ashish.localhost:3002/_next/static/css/app/layout.css?v=1786547081893 was preloaded using link preload but not used within a few seconds from the window's load event. Please make sure it has an appropriate `as` value and it is preloaded intentionally. @ http://ashish.localhost:3002/:0
[  371358ms] [ERROR] Failed to load resource: the server responded with a status of 404 (Not Found) @ http://ashish.localhost:3002/fonts/archivo/archivo-latin.woff2:0
[  373261ms] [WARNING] %c%s%c 
Config warnings for "ashish-interiors":

  warning  sections.inquiryForm.accessKeyEnv
           names env var "WEB3FORMS_ASHISH", which is not set. The form would render and silently post nowhere — a lost enquiry looks exactly like no enquiry.
 background: #e6e6e6;background: light-dark(rgba(0,0,0,0.1), rgba(255,255,255,0.25));color: #000000;color: light-dark(#000000, #ffffff);border-radius: 2px  Server   @ about://React/Server/webpack-internal:///(rsc)/../backend/src/config/load.ts?2:72
[  376380ms] [WARNING] The resource http://ashish.localhost:3002/_next/static/css/app/layout.css?v=1786547010570 was preloaded using link preload but not used within a few seconds from the window's load event. Please make sure it has an appropriate `as` value and it is preloaded intentionally. @ http://ashish.localhost:3002/:0
[  376380ms] [WARNING] The resource http://ashish.localhost:3002/_next/static/css/app/layout.css?v=1786547085486 was preloaded using link preload but not used within a few seconds from the window's load event. Please make sure it has an appropriate `as` value and it is preloaded intentionally. @ http://ashish.localhost:3002/:0
[  376380ms] [WARNING] The resource http://ashish.localhost:3002/_next/static/css/app/layout.css?v=1786547117002 was preloaded using link preload but not used within a few seconds from the window's load event. Please make sure it has an appropriate `as` value and it is preloaded intentionally. @ http://ashish.localhost:3002/:0
[  376380ms] [WARNING] The resource http://ashish.localhost:3002/_next/static/css/app/layout.css?v=1786546989566 was preloaded using link preload but not used within a few seconds from the window's load event. Please make sure it has an appropriate `as` value and it is preloaded intentionally. @ http://ashish.localhost:3002/:0
[  376381ms] [WARNING] The resource http://ashish.localhost:3002/_next/static/css/app/layout.css?v=1786547032561 was preloaded using link preload but not used within a few seconds from the window's load event. Please make sure it has an appropriate `as` value and it is preloaded intentionally. @ http://ashish.localhost:3002/:0
[  376381ms] [WARNING] The resource http://ashish.localhost:3002/_next/static/css/app/layout.css?v=1786546973614 was preloaded using link preload but not used within a few seconds from the window's load event. Please make sure it has an appropriate `as` value and it is preloaded intentionally. @ http://ashish.localhost:3002/:0
[  376381ms] [WARNING] The resource http://ashish.localhost:3002/_next/static/css/app/layout.css?v=1786547147346 was preloaded using link preload but not used within a few seconds from the window's load event. Please make sure it has an appropriate `as` value and it is preloaded intentionally. @ http://ashish.localhost:3002/:0
[  376381ms] [WARNING] The resource http://ashish.localhost:3002/_next/static/css/app/layout.css?v=1786547119986 was preloaded using link preload but not used within a few seconds from the window's load event. Please make sure it has an appropriate `as` value and it is preloaded intentionally. @ http://ashish.localhost:3002/:0
[  376381ms] [WARNING] The resource http://ashish.localhost:3002/_next/static/css/app/layout.css?v=1786547187650 was preloaded using link preload but not used within a few seconds from the window's load event. Please make sure it has an appropriate `as` value and it is preloaded intentionally. @ http://ashish.localhost:3002/:0
[  376381ms] [WARNING] The resource http://ashish.localhost:3002/_next/static/css/app/layout.css?v=1786547158920 was preloaded using link preload but not used within a few seconds from the window's load event. Please make sure it has an appropriate `as` value and it is preloaded intentionally. @ http://ashish.localhost:3002/:0
[  376381ms] [WARNING] The resource http://ashish.localhost:3002/_next/static/css/app/layout.css?v=1786547034685 was preloaded using link preload but not used within a few seconds from the window's load event. Please make sure it has an appropriate `as` value and it is preloaded intentionally. @ http://ashish.localhost:3002/:0
[  376381ms] [WARNING] The resource http://ashish.localhost:3002/_next/static/css/app/layout.css?v=1786547143266 was preloaded using link preload but not used within a few seconds from the window's load event. Please make sure it has an appropriate `as` value and it is preloaded intentionally. @ http://ashish.localhost:3002/:0
[  376381ms] [WARNING] The resource http://ashish.localhost:3002/_next/static/css/app/layout.css?v=1786547071043 was preloaded using link preload but not used within a few seconds from the window's load event. Please make sure it has an appropriate `as` value and it is preloaded intentionally. @ http://ashish.localhost:3002/:0
[  376381ms] [WARNING] The resource http://ashish.localhost:3002/_next/static/css/app/layout.css?v=1786547217176 was preloaded using link preload but not used within a few seconds from the window's load event. Please make sure it has an appropriate `as` value and it is preloaded intentionally. @ http://ashish.localhost:3002/:0
[  376381ms] [WARNING] The resource http://ashish.localhost:3002/_next/static/css/app/layout.css?v=1786546975374 was preloaded using link preload but not used within a few seconds from the window's load event. Please make sure it has an appropriate `as` value and it is preloaded intentionally. @ http://ashish.localhost:3002/:0
[  376381ms] [WARNING] The resource http://ashish.localhost:3002/_next/static/css/app/layout.css?v=1786547162081 was preloaded using link preload but not used within a few seconds from the window's load event. Please make sure it has an appropriate `as` value and it is preloaded intentionally. @ http://ashish.localhost:3002/:0
[  376381ms] [WARNING] The resource http://ashish.localhost:3002/_next/static/css/app/layout.css?v=1786547183622 was preloaded using link preload but not used within a few seconds from the window's load event. Please make sure it has an appropriate `as` value and it is preloaded intentionally. @ http://ashish.localhost:3002/:0
[  376381ms] [WARNING] The resource http://ashish.localhost:3002/_next/static/css/app/layout.css?v=1786546993434 was preloaded using link preload but not used within a few seconds from the window's load event. Please make sure it has an appropriate `as` value and it is preloaded intentionally. @ http://ashish.localhost:3002/:0
[  376381ms] [WARNING] The resource http://ashish.localhost:3002/_next/static/css/app/layout.css?v=1786547099179 was preloaded using link preload but not used within a few seconds from the window's load event. Please make sure it has an appropriate `as` value and it is preloaded intentionally. @ http://ashish.localhost:3002/:0
[  376381ms] [WARNING] The resource http://ashish.localhost:3002/_next/static/css/app/layout.css?v=1786547102618 was preloaded using link preload but not used within a few seconds from the window's load event. Please make sure it has an appropriate `as` value and it is preloaded intentionally. @ http://ashish.localhost:3002/:0
[  376381ms] [WARNING] The resource http://ashish.localhost:3002/_next/static/css/app/layout.css?v=1786547008314 was preloaded using link preload but not used within a few seconds from the window's load event. Please make sure it has an appropriate `as` value and it is preloaded intentionally. @ http://ashish.localhost:3002/:0
[  376381ms] [WARNING] The resource http://ashish.localhost:3002/_next/static/css/app/layout.css?v=1786547062180 was preloaded using link preload but not used within a few seconds from the window's load event. Please make sure it has an appropriate `as` value and it is preloaded intentionally. @ http://ashish.localhost:3002/:0
[  376381ms] [WARNING] The resource http://ashish.localhost:3002/_next/static/css/app/layout.css?v=1786547163702 was preloaded using link preload but not used within a few seconds from the window's load event. Please make sure it has an appropriate `as` value and it is preloaded intentionally. @ http://ashish.localhost:3002/:0
[  376381ms] [WARNING] The resource http://ashish.localhost:3002/_next/static/css/app/layout.css?v=1786547081893 was preloaded using link preload but not used within a few seconds from the window's load event. Please make sure it has an appropriate `as` value and it is preloaded intentionally. @ http://ashish.localhost:3002/:0
[  377681ms] [ERROR] Failed to load resource: the server responded with a status of 404 (Not Found) @ http://ashish.localhost:3002/fonts/archivo/archivo-latin-ext.woff2:0
[  379543ms] [ERROR] Failed to load resource: the server responded with a status of 404 (Not Found) @ http://ashish.localhost:3002/fonts/archivo/archivo-latin.woff2:0
[  382747ms] [WARNING] The resource http://ashish.localhost:3002/_next/static/css/app/layout.css?v=1786547010570 was preloaded using link preload but not used within a few seconds from the window's load event. Please make sure it has an appropriate `as` value and it is preloaded intentionally. @ http://ashish.localhost:3002/:0
[  382747ms] [WARNING] The resource http://ashish.localhost:3002/_next/static/css/app/layout.css?v=1786547085486 was preloaded using link preload but not used within a few seconds from the window's load event. Please make sure it has an appropriate `as` value and it is preloaded intentionally. @ http://ashish.localhost:3002/:0
[  382747ms] [WARNING] The resource http://ashish.localhost:3002/_next/static/css/app/layout.css?v=1786547117002 was preloaded using link preload but not used within a few seconds from the window's load event. Please make sure it has an appropriate `as` value and it is preloaded intentionally. @ http://ashish.localhost:3002/:0
[  382747ms] [WARNING] The resource http://ashish.localhost:3002/_next/static/css/app/layout.css?v=1786546989566 was preloaded using link preload but not used within a few seconds from the window's load event. Please make sure it has an appropriate `as` value and it is preloaded intentionally. @ http://ashish.localhost:3002/:0
[  382747ms] [WARNING] The resource http://ashish.localhost:3002/_next/static/css/app/layout.css?v=1786547032561 was preloaded using link preload but not used within a few seconds from the window's load event. Please make sure it has an appropriate `as` value and it is preloaded intentionally. @ http://ashish.localhost:3002/:0
[  382747ms] [WARNING] The resource http://ashish.localhost:3002/_next/static/css/app/layout.css?v=1786546973614 was preloaded using link preload but not used within a few seconds from the window's load event. Please make sure it has an appropriate `as` value and it is preloaded intentionally. @ http://ashish.localhost:3002/:0
[  382747ms] [WARNING] The resource http://ashish.localhost:3002/_next/static/css/app/layout.css?v=1786547147346 was preloaded using link preload but not used within a few seconds from the window's load event. Please make sure it has an appropriate `as` value and it is preloaded intentionally. @ http://ashish.localhost:3002/:0
[  382747ms] [WARNING] The resource http://ashish.localhost:3002/_next/static/css/app/layout.css?v=1786547119986 was preloaded using link preload but not used within a few seconds from the window's load event. Please make sure it has an appropriate `as` value and it is preloaded intentionally. @ http://ashish.localhost:3002/:0
[  382747ms] [WARNING] The resource http://ashish.localhost:3002/_next/static/css/app/layout.css?v=1786547187650 was preloaded using link preload but not used within a few seconds from the window's load event. Please make sure it has an appropriate `as` value and it is preloaded intentionally. @ http://ashish.localhost:3002/:0
[  382747ms] [WARNING] The resource http://ashish.localhost:3002/_next/static/css/app/layout.css?v=1786547223674 was preloaded using link preload but not used within a few seconds from the window's load event. Please make sure it has an appropriate `as` value and it is preloaded intentionally. @ http://ashish.localhost:3002/:0
[  382747ms] [WARNING] The resource http://ashish.localhost:3002/_next/static/css/app/layout.css?v=1786547158920 was preloaded using link preload but not used within a few seconds from the window's load event. Please make sure it has an appropriate `as` value and it is preloaded intentionally. @ http://ashish.localhost:3002/:0
[  382747ms] [WARNING] The resource http://ashish.localhost:3002/_next/static/css/app/layout.css?v=1786547034685 was preloaded using link preload but not used within a few seconds from the window's load event. Please make sure it has an appropriate `as` value and it is preloaded intentionally. @ http://ashish.localhost:3002/:0
[  382747ms] [WARNING] The resource http://ashish.localhost:3002/_next/static/css/app/layout.css?v=1786547143266 was preloaded using link preload but not used within a few seconds from the window's load event. Please make sure it has an appropriate `as` value and it is preloaded intentionally. @ http://ashish.localhost:3002/:0
[  382747ms] [WARNING] The resource http://ashish.localhost:3002/_next/static/css/app/layout.css?v=1786547071043 was preloaded using link preload but not used within a few seconds from the window's load event. Please make sure it has an appropriate `as` value and it is preloaded intentionally. @ http://ashish.localhost:3002/:0
[  382747ms] [WARNING] The resource http://ashish.localhost:3002/_next/static/css/app/layout.css?v=1786547217176 was preloaded using link preload but not used within a few seconds from the window's load event. Please make sure it has an appropriate `as` value and it is preloaded intentionally. @ http://ashish.localhost:3002/:0
[  382747ms] [WARNING] The resource http://ashish.localhost:3002/_next/static/css/app/layout.css?v=1786547226440 was preloaded using link preload but not used within a few seconds from the window's load event. Please make sure it has an appropriate `as` value and it is preloaded intentionally. @ http://ashish.localhost:3002/:0
[  382747ms] [WARNING] The resource http://ashish.localhost:3002/_next/static/css/app/layout.css?v=1786546975374 was preloaded using link preload but not used within a few seconds from the window's load event. Please make sure it has an appropriate `as` value and it is preloaded intentionally. @ http://ashish.localhost:3002/:0
[  382747ms] [WARNING] The resource http://ashish.localhost:3002/_next/static/css/app/layout.css?v=1786547162081 was preloaded using link preload but not used within a few seconds from the window's load event. Please make sure it has an appropriate `as` value and it is preloaded intentionally. @ http://ashish.localhost:3002/:0
[  382747ms] [WARNING] The resource http://ashish.localhost:3002/_next/static/css/app/layout.css?v=1786547183622 was preloaded using link preload but not used within a few seconds from the window's load event. Please make sure it has an appropriate `as` value and it is preloaded intentionally. @ http://ashish.localhost:3002/:0
[  382747ms] [WARNING] The resource http://ashish.localhost:3002/_next/static/css/app/layout.css?v=1786546993434 was preloaded using link preload but not used within a few seconds from the window's load event. Please make sure it has an appropriate `as` value and it is preloaded intentionally. @ http://ashish.localhost:3002/:0
[  382747ms] [WARNING] The resource http://ashish.localhost:3002/_next/static/css/app/layout.css?v=1786547099179 was preloaded using link preload but not used within a few seconds from the window's load event. Please make sure it has an appropriate `as` value and it is preloaded intentionally. @ http://ashish.localhost:3002/:0
[  382747ms] [WARNING] The resource http://ashish.localhost:3002/_next/static/css/app/layout.css?v=1786547102618 was preloaded using link preload but not used within a few seconds from the window's load event. Please make sure it has an appropriate `as` value and it is preloaded intentionally. @ http://ashish.localhost:3002/:0
[  382747ms] [WARNING] The resource http://ashish.localhost:3002/_next/static/css/app/layout.css?v=1786547008314 was preloaded using link preload but not used within a few seconds from the window's load event. Please make sure it has an appropriate `as` value and it is preloaded intentionally. @ http://ashish.localhost:3002/:0
[  382748ms] [WARNING] The resource http://ashish.localhost:3002/_next/static/css/app/layout.css?v=1786547062180 was preloaded using link preload but not used within a few seconds from the window's load event. Please make sure it has an appropriate `as` value and it is preloaded intentionally. @ http://ashish.localhost:3002/:0
[  382748ms] [WARNING] The resource http://ashish.localhost:3002/_next/static/css/app/layout.css?v=1786547163702 was preloaded using link preload but not used within a few seconds from the window's load event. Please make sure it has an appropriate `as` value and it is preloaded intentionally. @ http://ashish.localhost:3002/:0
[  382748ms] [WARNING] The resource http://ashish.localhost:3002/_next/static/css/app/layout.css?v=1786547081893 was preloaded using link preload but not used within a few seconds from the window's load event. Please make sure it has an appropriate `as` value and it is preloaded intentionally. @ http://ashish.localhost:3002/:0
[  426230ms] [LOG] [Fast Refresh] rebuilding @ webpack-internal:///(app-pages-browser)/../node_modules/next/dist/client/dev/hot-reloader/app/hot-reloader-app.js:196
[  446666ms] [LOG] [Fast Refresh] done in 20436ms @ webpack-internal:///(app-pages-browser)/../node_modules/next/dist/client/dev/report-hmr-latency.js:13
[  449671ms] [WARNING] The resource http://ashish.localhost:3002/_next/static/css/app/layout.css?v=1786547010570 was preloaded using link preload but not used within a few seconds from the window's load event. Please make sure it has an appropriate `as` value and it is preloaded intentionally. @ http://ashish.localhost:3002/:0
[  449671ms] [WARNING] The resource http://ashish.localhost:3002/_next/static/css/app/layout.css?v=1786547085486 was preloaded using link preload but not used within a few seconds from the window's load event. Please make sure it has an appropriate `as` value and it is preloaded intentionally. @ http://ashish.localhost:3002/:0
[  449671ms] [WARNING] The resource http://ashish.localhost:3002/_next/static/css/app/layout.css?v=1786547117002 was preloaded using link preload but not used within a few seconds from the window's load event. Please make sure it has an appropriate `as` value and it is preloaded intentionally. @ http://ashish.localhost:3002/:0
[  449671ms] [WARNING] The resource http://ashish.localhost:3002/_next/static/css/app/layout.css?v=1786546989566 was preloaded using link preload but not used within a few seconds from the window's load event. Please make sure it has an appropriate `as` value and it is preloaded intentionally. @ http://ashish.localhost:3002/:0
[  449671ms] [WARNING] The resource http://ashish.localhost:3002/_next/static/css/app/layout.css?v=1786547032561 was preloaded using link preload but not used within a few seconds from the window's load event. Please make sure it has an appropriate `as` value and it is preloaded intentionally. @ http://ashish.localhost:3002/:0
[  449672ms] [WARNING] The resource http://ashish.localhost:3002/_next/static/css/app/layout.css?v=1786546973614 was preloaded using link preload but not used within a few seconds from the window's load event. Please make sure it has an appropriate `as` value and it is preloaded intentionally. @ http://ashish.localhost:3002/:0
[  449672ms] [WARNING] The resource http://ashish.localhost:3002/_next/static/css/app/layout.css?v=1786547147346 was preloaded using link preload but not used within a few seconds from the window's load event. Please make sure it has an appropriate `as` value and it is preloaded intentionally. @ http://ashish.localhost:3002/:0
[  449672ms] [WARNING] The resource http://ashish.localhost:3002/_next/static/css/app/layout.css?v=1786547119986 was preloaded using link preload but not used within a few seconds from the window's load event. Please make sure it has an appropriate `as` value and it is preloaded intentionally. @ http://ashish.localhost:3002/:0
[  449672ms] [WARNING] The resource http://ashish.localhost:3002/_next/static/css/app/layout.css?v=1786547187650 was preloaded using link preload but not used within a few seconds from the window's load event. Please make sure it has an appropriate `as` value and it is preloaded intentionally. @ http://ashish.localhost:3002/:0
[  449672ms] [WARNING] The resource http://ashish.localhost:3002/_next/static/css/app/layout.css?v=1786547223674 was preloaded using link preload but not used within a few seconds from the window's load event. Please make sure it has an appropriate `as` value and it is preloaded intentionally. @ http://ashish.localhost:3002/:0
[  449672ms] [WARNING] The resource http://ashish.localhost:3002/_next/static/css/app/layout.css?v=1786547158920 was preloaded using link preload but not used within a few seconds from the window's load event. Please make sure it has an appropriate `as` value and it is preloaded intentionally. @ http://ashish.localhost:3002/:0
[  449672ms] [WARNING] The resource http://ashish.localhost:3002/_next/static/css/app/layout.css?v=1786547034685 was preloaded using link preload but not used within a few seconds from the window's load event. Please make sure it has an appropriate `as` value and it is preloaded intentionally. @ http://ashish.localhost:3002/:0
[  449672ms] [WARNING] The resource http://ashish.localhost:3002/_next/static/css/app/layout.css?v=1786547143266 was preloaded using link preload but not used within a few seconds from the window's load event. Please make sure it has an appropriate `as` value and it is preloaded intentionally. @ http://ashish.localhost:3002/:0
[  449672ms] [WARNING] The resource http://ashish.localhost:3002/_next/static/css/app/layout.css?v=1786547071043 was preloaded using link preload but not used within a few seconds from the window's load event. Please make sure it has an appropriate `as` value and it is preloaded intentionally. @ http://ashish.localhost:3002/:0
[  449672ms] [WARNING] The resource http://ashish.localhost:3002/_next/static/css/app/layout.css?v=1786547217176 was preloaded using link preload but not used within a few seconds from the window's load event. Please make sure it has an appropriate `as` value and it is preloaded intentionally. @ http://ashish.localhost:3002/:0
[  449672ms] [WARNING] The resource http://ashish.localhost:3002/_next/static/css/app/layout.css?v=1786547226440 was preloaded using link preload but not used within a few seconds from the window's load event. Please make sure it has an appropriate `as` value and it is preloaded intentionally. @ http://ashish.localhost:3002/:0
[  449672ms] [WARNING] The resource http://ashish.localhost:3002/_next/static/css/app/layout.css?v=1786546975374 was preloaded using link preload but not used within a few seconds from the window's load event. Please make sure it has an appropriate `as` value and it is preloaded intentionally. @ http://ashish.localhost:3002/:0
[  449672ms] [WARNING] The resource http://ashish.localhost:3002/_next/static/css/app/layout.css?v=1786547162081 was preloaded using link preload but not used within a few seconds from the window's load event. Please make sure it has an appropriate `as` value and it is preloaded intentionally. @ http://ashish.localhost:3002/:0
[  449672ms] [WARNING] The resource http://ashish.localhost:3002/_next/static/css/app/layout.css?v=1786547183622 was preloaded using link preload but not used within a few seconds from the window's load event. Please make sure it has an appropriate `as` value and it is preloaded intentionally. @ http://ashish.localhost:3002/:0
[  449672ms] [WARNING] The resource http://ashish.localhost:3002/_next/static/css/app/layout.css?v=1786546993434 was preloaded using link preload but not used within a few seconds from the window's load event. Please make sure it has an appropriate `as` value and it is preloaded intentionally. @ http://ashish.localhost:3002/:0
[  449672ms] [WARNING] The resource http://ashish.localhost:3002/_next/static/css/app/layout.css?v=1786547099179 was preloaded using link preload but not used within a few seconds from the window's load event. Please make sure it has an appropriate `as` value and it is preloaded intentionally. @ http://ashish.localhost:3002/:0
[  449672ms] [WARNING] The resource http://ashish.localhost:3002/_next/static/css/app/layout.css?v=1786547102618 was preloaded using link preload but not used within a few seconds from the window's load event. Please make sure it has an appropriate `as` value and it is preloaded intentionally. @ http://ashish.localhost:3002/:0
[  449672ms] [WARNING] The resource http://ashish.localhost:3002/_next/static/css/app/layout.css?v=1786547008314 was preloaded using link preload but not used within a few seconds from the window's load event. Please make sure it has an appropriate `as` value and it is preloaded intentionally. @ http://ashish.localhost:3002/:0
[  449672ms] [WARNING] The resource http://ashish.localhost:3002/_next/static/css/app/layout.css?v=1786547062180 was preloaded using link preload but not used within a few seconds from the window's load event. Please make sure it has an appropriate `as` value and it is preloaded intentionally. @ http://ashish.localhost:3002/:0
[  449672ms] [WARNING] The resource http://ashish.localhost:3002/_next/static/css/app/layout.css?v=1786547163702 was preloaded using link preload but not used within a few seconds from the window's load event. Please make sure it has an appropriate `as` value and it is preloaded intentionally. @ http://ashish.localhost:3002/:0
[  449672ms] [WARNING] The resource http://ashish.localhost:3002/_next/static/css/app/layout.css?v=1786547081893 was preloaded using link preload but not used within a few seconds from the window's load event. Please make sure it has an appropriate `as` value and it is preloaded intentionally. @ http://ashish.localhost:3002/:0
[  453446ms] [WARNING] %c%s%c 
Config warnings for "ashish-interiors":

  warning  sections.inquiryForm.accessKeyEnv
           names env var "WEB3FORMS_ASHISH", which is not set. The form would render and silently post nowhere — a lost enquiry looks exactly like no enquiry.
 background: #e6e6e6;background: light-dark(rgba(0,0,0,0.1), rgba(255,255,255,0.25));color: #000000;color: light-dark(#000000, #ffffff);border-radius: 2px  Server   @ about://React/Server/webpack-internal:///(rsc)/../backend/src/config/load.ts?2:72
[  453446ms] [WARNING] %c%s%c 
Config warnings for "ashish-interiors":

  warning  sections.inquiryForm.accessKeyEnv
           names env var "WEB3FORMS_ASHISH", which is not set. The form would render and silently post nowhere — a lost enquiry looks exactly like no enquiry.
 background: #e6e6e6;background: light-dark(rgba(0,0,0,0.1), rgba(255,255,255,0.25));color: #000000;color: light-dark(#000000, #ffffff);border-radius: 2px  Server   @ about://React/Server/webpack-internal:///(rsc)/../backend/src/config/load.ts?2:72
[  454516ms] [WARNING] %c%s%c 
Config warnings for "ashish-interiors":

  warning  sections.inquiryForm.accessKeyEnv
           names env var "WEB3FORMS_ASHISH", which is not set. The form would render and silently post nowhere — a lost enquiry looks exactly like no enquiry.
 background: #e6e6e6;background: light-dark(rgba(0,0,0,0.1), rgba(255,255,255,0.25));color: #000000;color: light-dark(#000000, #ffffff);border-radius: 2px  Server   @ about://React/Server/webpack-internal:///(rsc)/../backend/src/config/load.ts?2:72
[  457561ms] [WARNING] The resource http://ashish.localhost:3002/_next/static/css/app/layout.css?v=1786547010570 was preloaded using link preload but not used within a few seconds from the window's load event. Please make sure it has an appropriate `as` value and it is preloaded intentionally. @ http://ashish.localhost:3002/:0
[  457561ms] [WARNING] The resource http://ashish.localhost:3002/_next/static/css/app/layout.css?v=1786547085486 was preloaded using link preload but not used within a few seconds from the window's load event. Please make sure it has an appropriate `as` value and it is preloaded intentionally. @ http://ashish.localhost:3002/:0
[  457561ms] [WARNING] The resource http://ashish.localhost:3002/_next/static/css/app/layout.css?v=1786547117002 was preloaded using link preload but not used within a few seconds from the window's load event. Please make sure it has an appropriate `as` value and it is preloaded intentionally. @ http://ashish.localhost:3002/:0
[  457561ms] [WARNING] The resource http://ashish.localhost:3002/_next/static/css/app/layout.css?v=1786546989566 was preloaded using link preload but not used within a few seconds from the window's load event. Please make sure it has an appropriate `as` value and it is preloaded intentionally. @ http://ashish.localhost:3002/:0
[  457561ms] [WARNING] The resource http://ashish.localhost:3002/_next/static/css/app/layout.css?v=1786547032561 was preloaded using link preload but not used within a few seconds from the window's load event. Please make sure it has an appropriate `as` value and it is preloaded intentionally. @ http://ashish.localhost:3002/:0
[  457561ms] [WARNING] The resource http://ashish.localhost:3002/_next/static/css/app/layout.css?v=1786546973614 was preloaded using link preload but not used within a few seconds from the window's load event. Please make sure it has an appropriate `as` value and it is preloaded intentionally. @ http://ashish.localhost:3002/:0
[  457561ms] [WARNING] The resource http://ashish.localhost:3002/_next/static/css/app/layout.css?v=1786547147346 was preloaded using link preload but not used within a few seconds from the window's load event. Please make sure it has an appropriate `as` value and it is preloaded intentionally. @ http://ashish.localhost:3002/:0
[  457561ms] [WARNING] The resource http://ashish.localhost:3002/_next/static/css/app/layout.css?v=1786547119986 was preloaded using link preload but not used within a few seconds from the window's load event. Please make sure it has an appropriate `as` value and it is preloaded intentionally. @ http://ashish.localhost:3002/:0
[  457561ms] [WARNING] The resource http://ashish.localhost:3002/_next/static/css/app/layout.css?v=1786547187650 was preloaded using link preload but not used within a few seconds from the window's load event. Please make sure it has an appropriate `as` value and it is preloaded intentionally. @ http://ashish.localhost:3002/:0
[  457561ms] [WARNING] The resource http://ashish.localhost:3002/_next/static/css/app/layout.css?v=1786547223674 was preloaded using link preload but not used within a few seconds from the window's load event. Please make sure it has an appropriate `as` value and it is preloaded intentionally. @ http://ashish.localhost:3002/:0
[  457561ms] [WARNING] The resource http://ashish.localhost:3002/_next/static/css/app/layout.css?v=1786547158920 was preloaded using link preload but not used within a few seconds from the window's load event. Please make sure it has an appropriate `as` value and it is preloaded intentionally. @ http://ashish.localhost:3002/:0
[  457561ms] [WARNING] The resource http://ashish.localhost:3002/_next/static/css/app/layout.css?v=1786547034685 was preloaded using link preload but not used within a few seconds from the window's load event. Please make sure it has an appropriate `as` value and it is preloaded intentionally. @ http://ashish.localhost:3002/:0
[  457561ms] [WARNING] The resource http://ashish.localhost:3002/_next/static/css/app/layout.css?v=1786547143266 was preloaded using link preload but not used within a few seconds from the window's load event. Please make sure it has an appropriate `as` value and it is preloaded intentionally. @ http://ashish.localhost:3002/:0
[  457561ms] [WARNING] The resource http://ashish.localhost:3002/_next/static/css/app/layout.css?v=1786547071043 was preloaded using link preload but not used within a few seconds from the window's load event. Please make sure it has an appropriate `as` value and it is preloaded intentionally. @ http://ashish.localhost:3002/:0
[  457561ms] [WARNING] The resource http://ashish.localhost:3002/_next/static/css/app/layout.css?v=1786547217176 was preloaded using link preload but not used within a few seconds from the window's load event. Please make sure it has an appropriate `as` value and it is preloaded intentionally. @ http://ashish.localhost:3002/:0
[  457562ms] [WARNING] The resource http://ashish.localhost:3002/_next/static/css/app/layout.css?v=1786547226440 was preloaded using link preload but not used within a few seconds from the window's load event. Please make sure it has an appropriate `as` value and it is preloaded intentionally. @ http://ashish.localhost:3002/:0
[  457562ms] [WARNING] The resource http://ashish.localhost:3002/_next/static/css/app/layout.css?v=1786546975374 was preloaded using link preload but not used within a few seconds from the window's load event. Please make sure it has an appropriate `as` value and it is preloaded intentionally. @ http://ashish.localhost:3002/:0
[  457562ms] [WARNING] The resource http://ashish.localhost:3002/_next/static/css/app/layout.css?v=1786547162081 was preloaded using link preload but not used within a few seconds from the window's load event. Please make sure it has an appropriate `as` value and it is preloaded intentionally. @ http://ashish.localhost:3002/:0
[  457562ms] [WARNING] The resource http://ashish.localhost:3002/_next/static/css/app/layout.css?v=1786547183622 was preloaded using link preload but not used within a few seconds from the window's load event. Please make sure it has an appropriate `as` value and it is preloaded intentionally. @ http://ashish.localhost:3002/:0
[  457562ms] [WARNING] The resource http://ashish.localhost:3002/_next/static/css/app/layout.css?v=1786546993434 was preloaded using link preload but not used within a few seconds from the window's load event. Please make sure it has an appropriate `as` value and it is preloaded intentionally. @ http://ashish.localhost:3002/:0
[  457562ms] [WARNING] The resource http://ashish.localhost:3002/_next/static/css/app/layout.css?v=1786547099179 was preloaded using link preload but not used within a few seconds from the window's load event. Please make sure it has an appropriate `as` value and it is preloaded intentionally. @ http://ashish.localhost:3002/:0
[  457562ms] [WARNING] The resource http://ashish.localhost:3002/_next/static/css/app/layout.css?v=1786547102618 was preloaded using link preload but not used within a few seconds from the window's load event. Please make sure it has an appropriate `as` value and it is preloaded intentionally. @ http://ashish.localhost:3002/:0
[  457562ms] [WARNING] The resource http://ashish.localhost:3002/_next/static/css/app/layout.css?v=1786547008314 was preloaded using link preload but not used within a few seconds from the window's load event. Please make sure it has an appropriate `as` value and it is preloaded intentionally. @ http://ashish.localhost:3002/:0
[  457562ms] [WARNING] The resource http://ashish.localhost:3002/_next/static/css/app/layout.css?v=1786547062180 was preloaded using link preload but not used within a few seconds from the window's load event. Please make sure it has an appropriate `as` value and it is preloaded intentionally. @ http://ashish.localhost:3002/:0
[  457562ms] [WARNING] The resource http://ashish.localhost:3002/_next/static/css/app/layout.css?v=1786547163702 was preloaded using link preload but not used within a few seconds from the window's load event. Please make sure it has an appropriate `as` value and it is preloaded intentionally. @ http://ashish.localhost:3002/:0
[  457562ms] [WARNING] The resource http://ashish.localhost:3002/_next/static/css/app/layout.css?v=1786547081893 was preloaded using link preload but not used within a few seconds from the window's load event. Please make sure it has an appropriate `as` value and it is preloaded intentionally. @ http://ashish.localhost:3002/:0
[  459097ms] [ERROR] Failed to load resource: the server responded with a status of 404 (Not Found) @ http://ashish.localhost:3002/fonts/archivo/archivo-latin-ext.woff2:0
[  460586ms] [ERROR] Failed to load resource: the server responded with a status of 404 (Not Found) @ http://ashish.localhost:3002/fonts/archivo/archivo-latin.woff2:0
[  463731ms] [WARNING] The resource http://ashish.localhost:3002/_next/static/css/app/layout.css?v=1786547010570 was preloaded using link preload but not used within a few seconds from the window's load event. Please make sure it has an appropriate `as` value and it is preloaded intentionally. @ http://ashish.localhost:3002/:0
[  463732ms] [WARNING] The resource http://ashish.localhost:3002/_next/static/css/app/layout.css?v=1786547085486 was preloaded using link preload but not used within a few seconds from the window's load event. Please make sure it has an appropriate `as` value and it is preloaded intentionally. @ http://ashish.localhost:3002/:0
[  463732ms] [WARNING] The resource http://ashish.localhost:3002/_next/static/css/app/layout.css?v=1786547117002 was preloaded using link preload but not used within a few seconds from the window's load event. Please make sure it has an appropriate `as` value and it is preloaded intentionally. @ http://ashish.localhost:3002/:0
[  463732ms] [WARNING] The resource http://ashish.localhost:3002/_next/static/css/app/layout.css?v=1786547187650 was preloaded using link preload but not used within a few seconds from the window's load event. Please make sure it has an appropriate `as` value and it is preloaded intentionally. @ http://ashish.localhost:3002/:0
[  463732ms] [WARNING] The resource http://ashish.localhost:3002/_next/static/css/app/layout.css?v=1786547147346 was preloaded using link preload but not used within a few seconds from the window's load event. Please make sure it has an appropriate `as` value and it is preloaded intentionally. @ http://ashish.localhost:3002/:0
[  463732ms] [WARNING] The resource http://ashish.localhost:3002/_next/static/css/app/layout.css?v=1786547034685 was preloaded using link preload but not used within a few seconds from the window's load event. Please make sure it has an appropriate `as` value and it is preloaded intentionally. @ http://ashish.localhost:3002/:0
[  463732ms] [WARNING] The resource http://ashish.localhost:3002/_next/static/css/app/layout.css?v=1786547143266 was preloaded using link preload but not used within a few seconds from the window's load event. Please make sure it has an appropriate `as` value and it is preloaded intentionally. @ http://ashish.localhost:3002/:0
[  463732ms] [WARNING] The resource http://ashish.localhost:3002/_next/static/css/app/layout.css?v=1786547071043 was preloaded using link preload but not used within a few seconds from the window's load event. Please make sure it has an appropriate `as` value and it is preloaded intentionally. @ http://ashish.localhost:3002/:0
[  463732ms] [WARNING] The resource http://ashish.localhost:3002/_next/static/css/app/layout.css?v=1786547217176 was preloaded using link preload but not used within a few seconds from the window's load event. Please make sure it has an appropriate `as` value and it is preloaded intentionally. @ http://ashish.localhost:3002/:0
[  463732ms] [WARNING] The resource http://ashish.localhost:3002/_next/static/css/app/layout.css?v=1786547226440 was preloaded using link preload but not used within a few seconds from the window's load event. Please make sure it has an appropriate `as` value and it is preloaded intentionally. @ http://ashish.localhost:3002/:0
[  463732ms] [WARNING] The resource http://ashish.localhost:3002/_next/static/css/app/layout.css?v=1786547162081 was preloaded using link preload but not used within a few seconds from the window's load event. Please make sure it has an appropriate `as` value and it is preloaded intentionally. @ http://ashish.localhost:3002/:0
[  463732ms] [WARNING] The resource http://ashish.localhost:3002/_next/static/css/app/layout.css?v=1786547102618 was preloaded using link preload but not used within a few seconds from the window's load event. Please make sure it has an appropriate `as` value and it is preloaded intentionally. @ http://ashish.localhost:3002/:0
[  463732ms] [WARNING] The resource http://ashish.localhost:3002/_next/static/css/app/layout.css?v=1786547062180 was preloaded using link preload but not used within a few seconds from the window's load event. Please make sure it has an appropriate `as` value and it is preloaded intentionally. @ http://ashish.localhost:3002/:0
[  463732ms] [WARNING] The resource http://ashish.localhost:3002/_next/static/css/app/layout.css?v=1786547163702 was preloaded using link preload but not used within a few seconds from the window's load event. Please make sure it has an appropriate `as` value and it is preloaded intentionally. @ http://ashish.localhost:3002/:0
[  463732ms] [WARNING] The resource http://ashish.localhost:3002/_next/static/css/app/layout.css?v=1786547304266 was preloaded using link preload but not used within a few seconds from the window's load event. Please make sure it has an appropriate `as` value and it is preloaded intentionally. @ http://ashish.localhost:3002/:0
[  463732ms] [WARNING] The resource http://ashish.localhost:3002/_next/static/css/app/layout.css?v=1786547081893 was preloaded using link preload but not used within a few seconds from the window's load event. Please make sure it has an appropriate `as` value and it is preloaded intentionally. @ http://ashish.localhost:3002/:0
[  463732ms] [WARNING] The resource http://ashish.localhost:3002/_next/static/css/app/layout.css?v=1786547307551 was preloaded using link preload but not used within a few seconds from the window's load event. Please make sure it has an appropriate `as` value and it is preloaded intentionally. @ http://ashish.localhost:3002/:0
[  463732ms] [WARNING] The resource http://ashish.localhost:3002/_next/static/css/app/layout.css?v=1786546989566 was preloaded using link preload but not used within a few seconds from the window's load event. Please make sure it has an appropriate `as` value and it is preloaded intentionally. @ http://ashish.localhost:3002/:0
[  463732ms] [WARNING] The resource http://ashish.localhost:3002/_next/static/css/app/layout.css?v=1786547032561 was preloaded using link preload but not used within a few seconds from the window's load event. Please make sure it has an appropriate `as` value and it is preloaded intentionally. @ http://ashish.localhost:3002/:0
[  463732ms] [WARNING] The resource http://ashish.localhost:3002/_next/static/css/app/layout.css?v=1786546973614 was preloaded using link preload but not used within a few seconds from the window's load event. Please make sure it has an appropriate `as` value and it is preloaded intentionally. @ http://ashish.localhost:3002/:0
[  463732ms] [WARNING] The resource http://ashish.localhost:3002/_next/static/css/app/layout.css?v=1786547119986 was preloaded using link preload but not used within a few seconds from the window's load event. Please make sure it has an appropriate `as` value and it is preloaded intentionally. @ http://ashish.localhost:3002/:0
[  463732ms] [WARNING] The resource http://ashish.localhost:3002/_next/static/css/app/layout.css?v=1786547223674 was preloaded using link preload but not used within a few seconds from the window's load event. Please make sure it has an appropriate `as` value and it is preloaded intentionally. @ http://ashish.localhost:3002/:0
[  463732ms] [WARNING] The resource http://ashish.localhost:3002/_next/static/css/app/layout.css?v=1786547158920 was preloaded using link preload but not used within a few seconds from the window's load event. Please make sure it has an appropriate `as` value and it is preloaded intentionally. @ http://ashish.localhost:3002/:0
[  463732ms] [WARNING] The resource http://ashish.localhost:3002/_next/static/css/app/layout.css?v=1786546975374 was preloaded using link preload but not used within a few seconds from the window's load event. Please make sure it has an appropriate `as` value and it is preloaded intentionally. @ http://ashish.localhost:3002/:0
[  463732ms] [WARNING] The resource http://ashish.localhost:3002/_next/static/css/app/layout.css?v=1786547183622 was preloaded using link preload but not used within a few seconds from the window's load event. Please make sure it has an appropriate `as` value and it is preloaded intentionally. @ http://ashish.localhost:3002/:0
[  463732ms] [WARNING] The resource http://ashish.localhost:3002/_next/static/css/app/layout.css?v=1786546993434 was preloaded using link preload but not used within a few seconds from the window's load event. Please make sure it has an appropriate `as` value and it is preloaded intentionally. @ http://ashish.localhost:3002/:0
[  463732ms] [WARNING] The resource http://ashish.localhost:3002/_next/static/css/app/layout.css?v=1786547099179 was preloaded using link preload but not used within a few seconds from the window's load event. Please make sure it has an appropriate `as` value and it is preloaded intentionally. @ http://ashish.localhost:3002/:0
[  463732ms] [WARNING] The resource http://ashish.localhost:3002/_next/static/css/app/layout.css?v=1786547008314 was preloaded using link preload but not used within a few seconds from the window's load event. Please make sure it has an appropriate `as` value and it is preloaded intentionally. @ http://ashish.localhost:3002/:0
[  545115ms] [WARNING] The resource http://ashish.localhost:3002/_next/static/css/app/layout.css?v=1786547010570 was preloaded using link preload but not used within a few seconds from the window's load event. Please make sure it has an appropriate `as` value and it is preloaded intentionally. @ http://ashish.localhost:3002/:0
[  545115ms] [WARNING] The resource http://ashish.localhost:3002/_next/static/css/app/layout.css?v=1786547085486 was preloaded using link preload but not used within a few seconds from the window's load event. Please make sure it has an appropriate `as` value and it is preloaded intentionally. @ http://ashish.localhost:3002/:0
[  545115ms] [WARNING] The resource http://ashish.localhost:3002/_next/static/css/app/layout.css?v=1786547117002 was preloaded using link preload but not used within a few seconds from the window's load event. Please make sure it has an appropriate `as` value and it is preloaded intentionally. @ http://ashish.localhost:3002/:0
[  545116ms] [WARNING] The resource http://ashish.localhost:3002/_next/static/css/app/layout.css?v=1786547187650 was preloaded using link preload but not used within a few seconds from the window's load event. Please make sure it has an appropriate `as` value and it is preloaded intentionally. @ http://ashish.localhost:3002/:0
[  545116ms] [WARNING] The resource http://ashish.localhost:3002/_next/static/css/app/layout.css?v=1786547147346 was preloaded using link preload but not used within a few seconds from the window's load event. Please make sure it has an appropriate `as` value and it is preloaded intentionally. @ http://ashish.localhost:3002/:0
[  545116ms] [WARNING] The resource http://ashish.localhost:3002/_next/static/css/app/layout.css?v=1786547034685 was preloaded using link preload but not used within a few seconds from the window's load event. Please make sure it has an appropriate `as` value and it is preloaded intentionally. @ http://ashish.localhost:3002/:0
[  545116ms] [WARNING] The resource http://ashish.localhost:3002/_next/static/css/app/layout.css?v=1786547143266 was preloaded using link preload but not used within a few seconds from the window's load event. Please make sure it has an appropriate `as` value and it is preloaded intentionally. @ http://ashish.localhost:3002/:0
[  545117ms] [WARNING] The resource http://ashish.localhost:3002/_next/static/css/app/layout.css?v=1786547071043 was preloaded using link preload but not used within a few seconds from the window's load event. Please make sure it has an appropriate `as` value and it is preloaded intentionally. @ http://ashish.localhost:3002/:0
[  545117ms] [WARNING] The resource http://ashish.localhost:3002/_next/static/css/app/layout.css?v=1786547217176 was preloaded using link preload but not used within a few seconds from the window's load event. Please make sure it has an appropriate `as` value and it is preloaded intentionally. @ http://ashish.localhost:3002/:0
[  545117ms] [WARNING] The resource http://ashish.localhost:3002/_next/static/css/app/layout.css?v=1786547226440 was preloaded using link preload but not used within a few seconds from the window's load event. Please make sure it has an appropriate `as` value and it is preloaded intentionally. @ http://ashish.localhost:3002/:0
[  545117ms] [WARNING] The resource http://ashish.localhost:3002/_next/static/css/app/layout.css?v=1786547162081 was preloaded using link preload but not used within a few seconds from the window's load event. Please make sure it has an appropriate `as` value and it is preloaded intentionally. @ http://ashish.localhost:3002/:0
[  545117ms] [WARNING] The resource http://ashish.localhost:3002/_next/static/css/app/layout.css?v=1786547102618 was preloaded using link preload but not used within a few seconds from the window's load event. Please make sure it has an appropriate `as` value and it is preloaded intentionally. @ http://ashish.localhost:3002/:0
[  545117ms] [WARNING] The resource http://ashish.localhost:3002/_next/static/css/app/layout.css?v=1786547062180 was preloaded using link preload but not used within a few seconds from the window's load event. Please make sure it has an appropriate `as` value and it is preloaded intentionally. @ http://ashish.localhost:3002/:0
[  545117ms] [WARNING] The resource http://ashish.localhost:3002/_next/static/css/app/layout.css?v=1786547163702 was preloaded using link preload but not used within a few seconds from the window's load event. Please make sure it has an appropriate `as` value and it is preloaded intentionally. @ http://ashish.localhost:3002/:0
[  545117ms] [WARNING] The resource http://ashish.localhost:3002/_next/static/css/app/layout.css?v=1786547304266 was preloaded using link preload but not used within a few seconds from the window's load event. Please make sure it has an appropriate `as` value and it is preloaded intentionally. @ http://ashish.localhost:3002/:0
[  545117ms] [WARNING] The resource http://ashish.localhost:3002/_next/static/css/app/layout.css?v=1786547081893 was preloaded using link preload but not used within a few seconds from the window's load event. Please make sure it has an appropriate `as` value and it is preloaded intentionally. @ http://ashish.localhost:3002/:0
[  545117ms] [WARNING] The resource http://ashish.localhost:3002/_next/static/css/app/layout.css?v=1786547307551 was preloaded using link preload but not used within a few seconds from the window's load event. Please make sure it has an appropriate `as` value and it is preloaded intentionally. @ http://ashish.localhost:3002/:0
[  545117ms] [WARNING] The resource http://ashish.localhost:3002/_next/static/css/app/layout.css?v=1786546989566 was preloaded using link preload but not used within a few seconds from the window's load event. Please make sure it has an appropriate `as` value and it is preloaded intentionally. @ http://ashish.localhost:3002/:0
[  545117ms] [WARNING] The resource http://ashish.localhost:3002/_next/static/css/app/layout.css?v=1786547032561 was preloaded using link preload but not used within a few seconds from the window's load event. Please make sure it has an appropriate `as` value and it is preloaded intentionally. @ http://ashish.localhost:3002/:0
[  545118ms] [WARNING] The resource http://ashish.localhost:3002/_next/static/css/app/layout.css?v=1786546973614 was preloaded using link preload but not used within a few seconds from the window's load event. Please make sure it has an appropriate `as` value and it is preloaded intentionally. @ http://ashish.localhost:3002/:0
[  545118ms] [WARNING] The resource http://ashish.localhost:3002/_next/static/css/app/layout.css?v=1786547119986 was preloaded using link preload but not used within a few seconds from the window's load event. Please make sure it has an appropriate `as` value and it is preloaded intentionally. @ http://ashish.localhost:3002/:0
[  545118ms] [WARNING] The resource http://ashish.localhost:3002/_next/static/css/app/layout.css?v=1786547223674 was preloaded using link preload but not used within a few seconds from the window's load event. Please make sure it has an appropriate `as` value and it is preloaded intentionally. @ http://ashish.localhost:3002/:0
[  545118ms] [WARNING] The resource http://ashish.localhost:3002/_next/static/css/app/layout.css?v=1786547158920 was preloaded using link preload but not used within a few seconds from the window's load event. Please make sure it has an appropriate `as` value and it is preloaded intentionally. @ http://ashish.localhost:3002/:0
[  545118ms] [WARNING] The resource http://ashish.localhost:3002/_next/static/css/app/layout.css?v=1786546975374 was preloaded using link preload but not used within a few seconds from the window's load event. Please make sure it has an appropriate `as` value and it is preloaded intentionally. @ http://ashish.localhost:3002/:0
[  545118ms] [WARNING] The resource http://ashish.localhost:3002/_next/static/css/app/layout.css?v=1786547183622 was preloaded using link preload but not used within a few seconds from the window's load event. Please make sure it has an appropriate `as` value and it is preloaded intentionally. @ http://ashish.localhost:3002/:0
[  545118ms] [WARNING] The resource http://ashish.localhost:3002/_next/static/css/app/layout.css?v=1786546993434 was preloaded using link preload but not used within a few seconds from the window's load event. Please make sure it has an appropriate `as` value and it is preloaded intentionally. @ http://ashish.localhost:3002/:0
[  545118ms] [WARNING] The resource http://ashish.localhost:3002/_next/static/css/app/layout.css?v=1786547099179 was preloaded using link preload but not used within a few seconds from the window's load event. Please make sure it has an appropriate `as` value and it is preloaded intentionally. @ http://ashish.localhost:3002/:0
[  545118ms] [WARNING] The resource http://ashish.localhost:3002/_next/static/css/app/layout.css?v=1786547008314 was preloaded using link preload but not used within a few seconds from the window's load event. Please make sure it has an appropriate `as` value and it is preloaded intentionally. @ http://ashish.localhost:3002/:0
[  734539ms] [WARNING] The resource http://ashish.localhost:3002/_next/static/css/app/layout.css?v=1786547010570 was preloaded using link preload but not used within a few seconds from the window's load event. Please make sure it has an appropriate `as` value and it is preloaded intentionally. @ http://ashish.localhost:3002/:0
[  734539ms] [WARNING] The resource http://ashish.localhost:3002/_next/static/css/app/layout.css?v=1786547085486 was preloaded using link preload but not used within a few seconds from the window's load event. Please make sure it has an appropriate `as` value and it is preloaded intentionally. @ http://ashish.localhost:3002/:0
[  734539ms] [WARNING] The resource http://ashish.localhost:3002/_next/static/css/app/layout.css?v=1786547117002 was preloaded using link preload but not used within a few seconds from the window's load event. Please make sure it has an appropriate `as` value and it is preloaded intentionally. @ http://ashish.localhost:3002/:0
[  734539ms] [WARNING] The resource http://ashish.localhost:3002/_next/static/css/app/layout.css?v=1786547187650 was preloaded using link preload but not used within a few seconds from the window's load event. Please make sure it has an appropriate `as` value and it is preloaded intentionally. @ http://ashish.localhost:3002/:0
[  734539ms] [WARNING] The resource http://ashish.localhost:3002/_next/static/css/app/layout.css?v=1786547147346 was preloaded using link preload but not used within a few seconds from the window's load event. Please make sure it has an appropriate `as` value and it is preloaded intentionally. @ http://ashish.localhost:3002/:0
[  734539ms] [WARNING] The resource http://ashish.localhost:3002/_next/static/css/app/layout.css?v=1786547034685 was preloaded using link preload but not used within a few seconds from the window's load event. Please make sure it has an appropriate `as` value and it is preloaded intentionally. @ http://ashish.localhost:3002/:0
[  734539ms] [WARNING] The resource http://ashish.localhost:3002/_next/static/css/app/layout.css?v=1786547143266 was preloaded using link preload but not used within a few seconds from the window's load event. Please make sure it has an appropriate `as` value and it is preloaded intentionally. @ http://ashish.localhost:3002/:0
[  734539ms] [WARNING] The resource http://ashish.localhost:3002/_next/static/css/app/layout.css?v=1786547071043 was preloaded using link preload but not used within a few seconds from the window's load event. Please make sure it has an appropriate `as` value and it is preloaded intentionally. @ http://ashish.localhost:3002/:0
[  734539ms] [WARNING] The resource http://ashish.localhost:3002/_next/static/css/app/layout.css?v=1786547217176 was preloaded using link preload but not used within a few seconds from the window's load event. Please make sure it has an appropriate `as` value and it is preloaded intentionally. @ http://ashish.localhost:3002/:0
[  734539ms] [WARNING] The resource http://ashish.localhost:3002/_next/static/css/app/layout.css?v=1786547226440 was preloaded using link preload but not used within a few seconds from the window's load event. Please make sure it has an appropriate `as` value and it is preloaded intentionally. @ http://ashish.localhost:3002/:0
[  734539ms] [WARNING] The resource http://ashish.localhost:3002/_next/static/css/app/layout.css?v=1786547162081 was preloaded using link preload but not used within a few seconds from the window's load event. Please make sure it has an appropriate `as` value and it is preloaded intentionally. @ http://ashish.localhost:3002/:0
[  734539ms] [WARNING] The resource http://ashish.localhost:3002/_next/static/css/app/layout.css?v=1786547102618 was preloaded using link preload but not used within a few seconds from the window's load event. Please make sure it has an appropriate `as` value and it is preloaded intentionally. @ http://ashish.localhost:3002/:0
[  734539ms] [WARNING] The resource http://ashish.localhost:3002/_next/static/css/app/layout.css?v=1786547062180 was preloaded using link preload but not used within a few seconds from the window's load event. Please make sure it has an appropriate `as` value and it is preloaded intentionally. @ http://ashish.localhost:3002/:0
[  734539ms] [WARNING] The resource http://ashish.localhost:3002/_next/static/css/app/layout.css?v=1786547163702 was preloaded using link preload but not used within a few seconds from the window's load event. Please make sure it has an appropriate `as` value and it is preloaded intentionally. @ http://ashish.localhost:3002/:0
[  734539ms] [WARNING] The resource http://ashish.localhost:3002/_next/static/css/app/layout.css?v=1786547304266 was preloaded using link preload but not used within a few seconds from the window's load event. Please make sure it has an appropriate `as` value and it is preloaded intentionally. @ http://ashish.localhost:3002/:0
[  734539ms] [WARNING] The resource http://ashish.localhost:3002/_next/static/css/app/layout.css?v=1786547081893 was preloaded using link preload but not used within a few seconds from the window's load event. Please make sure it has an appropriate `as` value and it is preloaded intentionally. @ http://ashish.localhost:3002/:0
[  734539ms] [WARNING] The resource http://ashish.localhost:3002/_next/static/css/app/layout.css?v=1786547307551 was preloaded using link preload but not used within a few seconds from the window's load event. Please make sure it has an appropriate `as` value and it is preloaded intentionally. @ http://ashish.localhost:3002/:0
[  734539ms] [WARNING] The resource http://ashish.localhost:3002/_next/static/css/app/layout.css?v=1786546989566 was preloaded using link preload but not used within a few seconds from the window's load event. Please make sure it has an appropriate `as` value and it is preloaded intentionally. @ http://ashish.localhost:3002/:0
[  734539ms] [WARNING] The resource http://ashish.localhost:3002/_next/static/css/app/layout.css?v=1786547032561 was preloaded using link preload but not used within a few seconds from the window's load event. Please make sure it has an appropriate `as` value and it is preloaded intentionally. @ http://ashish.localhost:3002/:0
[  734539ms] [WARNING] The resource http://ashish.localhost:3002/_next/static/css/app/layout.css?v=1786546973614 was preloaded using link preload but not used within a few seconds from the window's load event. Please make sure it has an appropriate `as` value and it is preloaded intentionally. @ http://ashish.localhost:3002/:0
[  734539ms] [WARNING] The resource http://ashish.localhost:3002/_next/static/css/app/layout.css?v=1786547119986 was preloaded using link preload but not used within a few seconds from the window's load event. Please make sure it has an appropriate `as` value and it is preloaded intentionally. @ http://ashish.localhost:3002/:0
[  734539ms] [WARNING] The resource http://ashish.localhost:3002/_next/static/css/app/layout.css?v=1786547223674 was preloaded using link preload but not used within a few seconds from the window's load event. Please make sure it has an appropriate `as` value and it is preloaded intentionally. @ http://ashish.localhost:3002/:0
[  734539ms] [WARNING] The resource http://ashish.localhost:3002/_next/static/css/app/layout.css?v=1786547158920 was preloaded using link preload but not used within a few seconds from the window's load event. Please make sure it has an appropriate `as` value and it is preloaded intentionally. @ http://ashish.localhost:3002/:0
[  734539ms] [WARNING] The resource http://ashish.localhost:3002/_next/static/css/app/layout.css?v=1786546975374 was preloaded using link preload but not used within a few seconds from the window's load event. Please make sure it has an appropriate `as` value and it is preloaded intentionally. @ http://ashish.localhost:3002/:0
[  734539ms] [WARNING] The resource http://ashish.localhost:3002/_next/static/css/app/layout.css?v=1786547183622 was preloaded using link preload but not used within a few seconds from the window's load event. Please make sure it has an appropriate `as` value and it is preloaded intentionally. @ http://ashish.localhost:3002/:0
[  734539ms] [WARNING] The resource http://ashish.localhost:3002/_next/static/css/app/layout.css?v=1786546993434 was preloaded using link preload but not used within a few seconds from the window's load event. Please make sure it has an appropriate `as` value and it is preloaded intentionally. @ http://ashish.localhost:3002/:0
[  734539ms] [WARNING] The resource http://ashish.localhost:3002/_next/static/css/app/layout.css?v=1786547099179 was preloaded using link preload but not used within a few seconds from the window's load event. Please make sure it has an appropriate `as` value and it is preloaded intentionally. @ http://ashish.localhost:3002/:0
[  734539ms] [WARNING] The resource http://ashish.localhost:3002/_next/static/css/app/layout.css?v=1786547008314 was preloaded using link preload but not used within a few seconds from the window's load event. Please make sure it has an appropriate `as` value and it is preloaded intentionally. @ http://ashish.localhost:3002/:0
[  776589ms] [LOG] [Fast Refresh] rebuilding @ webpack-internal:///(app-pages-browser)/../node_modules/next/dist/client/dev/hot-reloader/app/hot-reloader-app.js:196
[  777409ms] [LOG] [Fast Refresh] done in 820ms @ webpack-internal:///(app-pages-browser)/../node_modules/next/dist/client/dev/report-hmr-latency.js:13
[  778769ms] [WARNING] %c%s%c 
Config warnings for "ashish-interiors":

  warning  sections.inquiryForm.accessKeyEnv
           names env var "WEB3FORMS_ASHISH", which is not set. The form would render and silently post nowhere — a lost enquiry looks exactly like no enquiry.
 background: #e6e6e6;background: light-dark(rgba(0,0,0,0.1), rgba(255,255,255,0.25));color: #000000;color: light-dark(#000000, #ffffff);border-radius: 2px  Server   @ about://React/Server/webpack-internal:///(rsc)/../backend/src/config/load.ts?2:72
[  778770ms] [WARNING] %c%s%c 
Config warnings for "ashish-interiors":

  warning  sections.inquiryForm.accessKeyEnv
           names env var "WEB3FORMS_ASHISH", which is not set. The form would render and silently post nowhere — a lost enquiry looks exactly like no enquiry.
 background: #e6e6e6;background: light-dark(rgba(0,0,0,0.1), rgba(255,255,255,0.25));color: #000000;color: light-dark(#000000, #ffffff);border-radius: 2px  Server   @ about://React/Server/webpack-internal:///(rsc)/../backend/src/config/load.ts?2:72
[  779275ms] [WARNING] %c%s%c 
Config warnings for "ashish-interiors":

  warning  sections.inquiryForm.accessKeyEnv
           names env var "WEB3FORMS_ASHISH", which is not set. The form would render and silently post nowhere — a lost enquiry looks exactly like no enquiry.
 background: #e6e6e6;background: light-dark(rgba(0,0,0,0.1), rgba(255,255,255,0.25));color: #000000;color: light-dark(#000000, #ffffff);border-radius: 2px  Server   @ about://React/Server/webpack-internal:///(rsc)/../backend/src/config/load.ts?2:72
[  782304ms] [WARNING] The resource http://ashish.localhost:3002/_next/static/css/app/layout.css?v=1786547010570 was preloaded using link preload but not used within a few seconds from the window's load event. Please make sure it has an appropriate `as` value and it is preloaded intentionally. @ http://ashish.localhost:3002/:0
[  782304ms] [WARNING] The resource http://ashish.localhost:3002/_next/static/css/app/layout.css?v=1786547085486 was preloaded using link preload but not used within a few seconds from the window's load event. Please make sure it has an appropriate `as` value and it is preloaded intentionally. @ http://ashish.localhost:3002/:0
[  782304ms] [WARNING] The resource http://ashish.localhost:3002/_next/static/css/app/layout.css?v=1786547117002 was preloaded using link preload but not used within a few seconds from the window's load event. Please make sure it has an appropriate `as` value and it is preloaded intentionally. @ http://ashish.localhost:3002/:0
[  782304ms] [WARNING] The resource http://ashish.localhost:3002/_next/static/css/app/layout.css?v=1786547187650 was preloaded using link preload but not used within a few seconds from the window's load event. Please make sure it has an appropriate `as` value and it is preloaded intentionally. @ http://ashish.localhost:3002/:0
[  782304ms] [WARNING] The resource http://ashish.localhost:3002/_next/static/css/app/layout.css?v=1786547147346 was preloaded using link preload but not used within a few seconds from the window's load event. Please make sure it has an appropriate `as` value and it is preloaded intentionally. @ http://ashish.localhost:3002/:0
[  782304ms] [WARNING] The resource http://ashish.localhost:3002/_next/static/css/app/layout.css?v=1786547034685 was preloaded using link preload but not used within a few seconds from the window's load event. Please make sure it has an appropriate `as` value and it is preloaded intentionally. @ http://ashish.localhost:3002/:0
[  782304ms] [WARNING] The resource http://ashish.localhost:3002/_next/static/css/app/layout.css?v=1786547143266 was preloaded using link preload but not used within a few seconds from the window's load event. Please make sure it has an appropriate `as` value and it is preloaded intentionally. @ http://ashish.localhost:3002/:0
[  782304ms] [WARNING] The resource http://ashish.localhost:3002/_next/static/css/app/layout.css?v=1786547071043 was preloaded using link preload but not used within a few seconds from the window's load event. Please make sure it has an appropriate `as` value and it is preloaded intentionally. @ http://ashish.localhost:3002/:0
[  782304ms] [WARNING] The resource http://ashish.localhost:3002/_next/static/css/app/layout.css?v=1786547217176 was preloaded using link preload but not used within a few seconds from the window's load event. Please make sure it has an appropriate `as` value and it is preloaded intentionally. @ http://ashish.localhost:3002/:0
[  782304ms] [WARNING] The resource http://ashish.localhost:3002/_next/static/css/app/layout.css?v=1786547226440 was preloaded using link preload but not used within a few seconds from the window's load event. Please make sure it has an appropriate `as` value and it is preloaded intentionally. @ http://ashish.localhost:3002/:0
[  782304ms] [WARNING] The resource http://ashish.localhost:3002/_next/static/css/app/layout.css?v=1786547162081 was preloaded using link preload but not used within a few seconds from the window's load event. Please make sure it has an appropriate `as` value and it is preloaded intentionally. @ http://ashish.localhost:3002/:0
[  782304ms] [WARNING] The resource http://ashish.localhost:3002/_next/static/css/app/layout.css?v=1786547102618 was preloaded using link preload but not used within a few seconds from the window's load event. Please make sure it has an appropriate `as` value and it is preloaded intentionally. @ http://ashish.localhost:3002/:0
[  782304ms] [WARNING] The resource http://ashish.localhost:3002/_next/static/css/app/layout.css?v=1786547062180 was preloaded using link preload but not used within a few seconds from the window's load event. Please make sure it has an appropriate `as` value and it is preloaded intentionally. @ http://ashish.localhost:3002/:0
[  782304ms] [WARNING] The resource http://ashish.localhost:3002/_next/static/css/app/layout.css?v=1786547163702 was preloaded using link preload but not used within a few seconds from the window's load event. Please make sure it has an appropriate `as` value and it is preloaded intentionally. @ http://ashish.localhost:3002/:0
[  782304ms] [WARNING] The resource http://ashish.localhost:3002/_next/static/css/app/layout.css?v=1786547304266 was preloaded using link preload but not used within a few seconds from the window's load event. Please make sure it has an appropriate `as` value and it is preloaded intentionally. @ http://ashish.localhost:3002/:0
[  782304ms] [WARNING] The resource http://ashish.localhost:3002/_next/static/css/app/layout.css?v=1786547081893 was preloaded using link preload but not used within a few seconds from the window's load event. Please make sure it has an appropriate `as` value and it is preloaded intentionally. @ http://ashish.localhost:3002/:0
[  782304ms] [WARNING] The resource http://ashish.localhost:3002/_next/static/css/app/layout.css?v=1786547307551 was preloaded using link preload but not used within a few seconds from the window's load event. Please make sure it has an appropriate `as` value and it is preloaded intentionally. @ http://ashish.localhost:3002/:0
[  782304ms] [WARNING] The resource http://ashish.localhost:3002/_next/static/css/app/layout.css?v=1786546989566 was preloaded using link preload but not used within a few seconds from the window's load event. Please make sure it has an appropriate `as` value and it is preloaded intentionally. @ http://ashish.localhost:3002/:0
[  782304ms] [WARNING] The resource http://ashish.localhost:3002/_next/static/css/app/layout.css?v=1786547032561 was preloaded using link preload but not used within a few seconds from the window's load event. Please make sure it has an appropriate `as` value and it is preloaded intentionally. @ http://ashish.localhost:3002/:0
[  782304ms] [WARNING] The resource http://ashish.localhost:3002/_next/static/css/app/layout.css?v=1786546973614 was preloaded using link preload but not used within a few seconds from the window's load event. Please make sure it has an appropriate `as` value and it is preloaded intentionally. @ http://ashish.localhost:3002/:0
[  782304ms] [WARNING] The resource http://ashish.localhost:3002/_next/static/css/app/layout.css?v=1786547119986 was preloaded using link preload but not used within a few seconds from the window's load event. Please make sure it has an appropriate `as` value and it is preloaded intentionally. @ http://ashish.localhost:3002/:0
[  782304ms] [WARNING] The resource http://ashish.localhost:3002/_next/static/css/app/layout.css?v=1786547223674 was preloaded using link preload but not used within a few seconds from the window's load event. Please make sure it has an appropriate `as` value and it is preloaded intentionally. @ http://ashish.localhost:3002/:0
[  782304ms] [WARNING] The resource http://ashish.localhost:3002/_next/static/css/app/layout.css?v=1786547158920 was preloaded using link preload but not used within a few seconds from the window's load event. Please make sure it has an appropriate `as` value and it is preloaded intentionally. @ http://ashish.localhost:3002/:0
[  782304ms] [WARNING] The resource http://ashish.localhost:3002/_next/static/css/app/layout.css?v=1786546975374 was preloaded using link preload but not used within a few seconds from the window's load event. Please make sure it has an appropriate `as` value and it is preloaded intentionally. @ http://ashish.localhost:3002/:0
[  782304ms] [WARNING] The resource http://ashish.localhost:3002/_next/static/css/app/layout.css?v=1786547183622 was preloaded using link preload but not used within a few seconds from the window's load event. Please make sure it has an appropriate `as` value and it is preloaded intentionally. @ http://ashish.localhost:3002/:0
[  782304ms] [WARNING] The resource http://ashish.localhost:3002/_next/static/css/app/layout.css?v=1786546993434 was preloaded using link preload but not used within a few seconds from the window's load event. Please make sure it has an appropriate `as` value and it is preloaded intentionally. @ http://ashish.localhost:3002/:0
[  782305ms] [WARNING] The resource http://ashish.localhost:3002/_next/static/css/app/layout.css?v=1786547099179 was preloaded using link preload but not used within a few seconds from the window's load event. Please make sure it has an appropriate `as` value and it is preloaded intentionally. @ http://ashish.localhost:3002/:0
[  782305ms] [WARNING] The resource http://ashish.localhost:3002/_next/static/css/app/layout.css?v=1786547008314 was preloaded using link preload but not used within a few seconds from the window's load event. Please make sure it has an appropriate `as` value and it is preloaded intentionally. @ http://ashish.localhost:3002/:0
[  783117ms] [ERROR] Failed to load resource: the server responded with a status of 404 (Not Found) @ http://ashish.localhost:3002/fonts/archivo/archivo-latin-ext.woff2:0
[  786130ms] [WARNING] The resource http://ashish.localhost:3002/_next/static/css/app/layout.css?v=1786547010570 was preloaded using link preload but not used within a few seconds from the window's load event. Please make sure it has an appropriate `as` value and it is preloaded intentionally. @ http://ashish.localhost:3002/:0
[  786130ms] [WARNING] The resource http://ashish.localhost:3002/_next/static/css/app/layout.css?v=1786547085486 was preloaded using link preload but not used within a few seconds from the window's load event. Please make sure it has an appropriate `as` value and it is preloaded intentionally. @ http://ashish.localhost:3002/:0
[  786130ms] [WARNING] The resource http://ashish.localhost:3002/_next/static/css/app/layout.css?v=1786547117002 was preloaded using link preload but not used within a few seconds from the window's load event. Please make sure it has an appropriate `as` value and it is preloaded intentionally. @ http://ashish.localhost:3002/:0
[  786130ms] [WARNING] The resource http://ashish.localhost:3002/_next/static/css/app/layout.css?v=1786547187650 was preloaded using link preload but not used within a few seconds from the window's load event. Please make sure it has an appropriate `as` value and it is preloaded intentionally. @ http://ashish.localhost:3002/:0
[  786130ms] [WARNING] The resource http://ashish.localhost:3002/_next/static/css/app/layout.css?v=1786547147346 was preloaded using link preload but not used within a few seconds from the window's load event. Please make sure it has an appropriate `as` value and it is preloaded intentionally. @ http://ashish.localhost:3002/:0
[  786131ms] [WARNING] The resource http://ashish.localhost:3002/_next/static/css/app/layout.css?v=1786547034685 was preloaded using link preload but not used within a few seconds from the window's load event. Please make sure it has an appropriate `as` value and it is preloaded intentionally. @ http://ashish.localhost:3002/:0
[  786131ms] [WARNING] The resource http://ashish.localhost:3002/_next/static/css/app/layout.css?v=1786547143266 was preloaded using link preload but not used within a few seconds from the window's load event. Please make sure it has an appropriate `as` value and it is preloaded intentionally. @ http://ashish.localhost:3002/:0
[  786131ms] [WARNING] The resource http://ashish.localhost:3002/_next/static/css/app/layout.css?v=1786547071043 was preloaded using link preload but not used within a few seconds from the window's load event. Please make sure it has an appropriate `as` value and it is preloaded intentionally. @ http://ashish.localhost:3002/:0
[  786131ms] [WARNING] The resource http://ashish.localhost:3002/_next/static/css/app/layout.css?v=1786547217176 was preloaded using link preload but not used within a few seconds from the window's load event. Please make sure it has an appropriate `as` value and it is preloaded intentionally. @ http://ashish.localhost:3002/:0
[  786131ms] [WARNING] The resource http://ashish.localhost:3002/_next/static/css/app/layout.css?v=1786547226440 was preloaded using link preload but not used within a few seconds from the window's load event. Please make sure it has an appropriate `as` value and it is preloaded intentionally. @ http://ashish.localhost:3002/:0
[  786131ms] [WARNING] The resource http://ashish.localhost:3002/_next/static/css/app/layout.css?v=1786547162081 was preloaded using link preload but not used within a few seconds from the window's load event. Please make sure it has an appropriate `as` value and it is preloaded intentionally. @ http://ashish.localhost:3002/:0
[  786131ms] [WARNING] The resource http://ashish.localhost:3002/_next/static/css/app/layout.css?v=1786547102618 was preloaded using link preload but not used within a few seconds from the window's load event. Please make sure it has an appropriate `as` value and it is preloaded intentionally. @ http://ashish.localhost:3002/:0
[  786131ms] [WARNING] The resource http://ashish.localhost:3002/_next/static/css/app/layout.css?v=1786547062180 was preloaded using link preload but not used within a few seconds from the window's load event. Please make sure it has an appropriate `as` value and it is preloaded intentionally. @ http://ashish.localhost:3002/:0
[  786131ms] [WARNING] The resource http://ashish.localhost:3002/_next/static/css/app/layout.css?v=1786547163702 was preloaded using link preload but not used within a few seconds from the window's load event. Please make sure it has an appropriate `as` value and it is preloaded intentionally. @ http://ashish.localhost:3002/:0
[  786131ms] [WARNING] The resource http://ashish.localhost:3002/_next/static/css/app/layout.css?v=1786547304266 was preloaded using link preload but not used within a few seconds from the window's load event. Please make sure it has an appropriate `as` value and it is preloaded intentionally. @ http://ashish.localhost:3002/:0
[  786131ms] [WARNING] The resource http://ashish.localhost:3002/_next/static/css/app/layout.css?v=1786547081893 was preloaded using link preload but not used within a few seconds from the window's load event. Please make sure it has an appropriate `as` value and it is preloaded intentionally. @ http://ashish.localhost:3002/:0
[  786131ms] [WARNING] The resource http://ashish.localhost:3002/_next/static/css/app/layout.css?v=1786547307551 was preloaded using link preload but not used within a few seconds from the window's load event. Please make sure it has an appropriate `as` value and it is preloaded intentionally. @ http://ashish.localhost:3002/:0
[  786131ms] [WARNING] The resource http://ashish.localhost:3002/_next/static/css/app/layout.css?v=1786546989566 was preloaded using link preload but not used within a few seconds from the window's load event. Please make sure it has an appropriate `as` value and it is preloaded intentionally. @ http://ashish.localhost:3002/:0
[  786131ms] [WARNING] The resource http://ashish.localhost:3002/_next/static/css/app/layout.css?v=1786547032561 was preloaded using link preload but not used within a few seconds from the window's load event. Please make sure it has an appropriate `as` value and it is preloaded intentionally. @ http://ashish.localhost:3002/:0
[  786131ms] [WARNING] The resource http://ashish.localhost:3002/_next/static/css/app/layout.css?v=1786546973614 was preloaded using link preload but not used within a few seconds from the window's load event. Please make sure it has an appropriate `as` value and it is preloaded intentionally. @ http://ashish.localhost:3002/:0
[  786131ms] [WARNING] The resource http://ashish.localhost:3002/_next/static/css/app/layout.css?v=1786547119986 was preloaded using link preload but not used within a few seconds from the window's load event. Please make sure it has an appropriate `as` value and it is preloaded intentionally. @ http://ashish.localhost:3002/:0
[  786131ms] [WARNING] The resource http://ashish.localhost:3002/_next/static/css/app/layout.css?v=1786547223674 was preloaded using link preload but not used within a few seconds from the window's load event. Please make sure it has an appropriate `as` value and it is preloaded intentionally. @ http://ashish.localhost:3002/:0
[  786131ms] [WARNING] The resource http://ashish.localhost:3002/_next/static/css/app/layout.css?v=1786547158920 was preloaded using link preload but not used within a few seconds from the window's load event. Please make sure it has an appropriate `as` value and it is preloaded intentionally. @ http://ashish.localhost:3002/:0
[  786131ms] [WARNING] The resource http://ashish.localhost:3002/_next/static/css/app/layout.css?v=1786546975374 was preloaded using link preload but not used within a few seconds from the window's load event. Please make sure it has an appropriate `as` value and it is preloaded intentionally. @ http://ashish.localhost:3002/:0
[  786131ms] [WARNING] The resource http://ashish.localhost:3002/_next/static/css/app/layout.css?v=1786547183622 was preloaded using link preload but not used within a few seconds from the window's load event. Please make sure it has an appropriate `as` value and it is preloaded intentionally. @ http://ashish.localhost:3002/:0
[  786131ms] [WARNING] The resource http://ashish.localhost:3002/_next/static/css/app/layout.css?v=1786546993434 was preloaded using link preload but not used within a few seconds from the window's load event. Please make sure it has an appropriate `as` value and it is preloaded intentionally. @ http://ashish.localhost:3002/:0
[  786131ms] [WARNING] The resource http://ashish.localhost:3002/_next/static/css/app/layout.css?v=1786547099179 was preloaded using link preload but not used within a few seconds from the window's load event. Please make sure it has an appropriate `as` value and it is preloaded intentionally. @ http://ashish.localhost:3002/:0
[  786131ms] [WARNING] The resource http://ashish.localhost:3002/_next/static/css/app/layout.css?v=1786547008314 was preloaded using link preload but not used within a few seconds from the window's load event. Please make sure it has an appropriate `as` value and it is preloaded intentionally. @ http://ashish.localhost:3002/:0
[  786131ms] [WARNING] The resource http://ashish.localhost:3002/_next/static/css/app/layout.css?v=1786547628654 was preloaded using link preload but not used within a few seconds from the window's load event. Please make sure it has an appropriate `as` value and it is preloaded intentionally. @ http://ashish.localhost:3002/:0
[  786283ms] [ERROR] Failed to load resource: the server responded with a status of 404 (Not Found) @ http://ashish.localhost:3002/fonts/archivo/archivo-latin.woff2:0
[  789379ms] [WARNING] The resource http://ashish.localhost:3002/_next/static/css/app/layout.css?v=1786547010570 was preloaded using link preload but not used within a few seconds from the window's load event. Please make sure it has an appropriate `as` value and it is preloaded intentionally. @ http://ashish.localhost:3002/:0
[  789379ms] [WARNING] The resource http://ashish.localhost:3002/_next/static/css/app/layout.css?v=1786547085486 was preloaded using link preload but not used within a few seconds from the window's load event. Please make sure it has an appropriate `as` value and it is preloaded intentionally. @ http://ashish.localhost:3002/:0
[  789379ms] [WARNING] The resource http://ashish.localhost:3002/_next/static/css/app/layout.css?v=1786547117002 was preloaded using link preload but not used within a few seconds from the window's load event. Please make sure it has an appropriate `as` value and it is preloaded intentionally. @ http://ashish.localhost:3002/:0
[  789379ms] [WARNING] The resource http://ashish.localhost:3002/_next/static/css/app/layout.css?v=1786547187650 was preloaded using link preload but not used within a few seconds from the window's load event. Please make sure it has an appropriate `as` value and it is preloaded intentionally. @ http://ashish.localhost:3002/:0
[  789380ms] [WARNING] The resource http://ashish.localhost:3002/_next/static/css/app/layout.css?v=1786547147346 was preloaded using link preload but not used within a few seconds from the window's load event. Please make sure it has an appropriate `as` value and it is preloaded intentionally. @ http://ashish.localhost:3002/:0
[  789380ms] [WARNING] The resource http://ashish.localhost:3002/_next/static/css/app/layout.css?v=1786547034685 was preloaded using link preload but not used within a few seconds from the window's load event. Please make sure it has an appropriate `as` value and it is preloaded intentionally. @ http://ashish.localhost:3002/:0
[  789380ms] [WARNING] The resource http://ashish.localhost:3002/_next/static/css/app/layout.css?v=1786547143266 was preloaded using link preload but not used within a few seconds from the window's load event. Please make sure it has an appropriate `as` value and it is preloaded intentionally. @ http://ashish.localhost:3002/:0
[  789380ms] [WARNING] The resource http://ashish.localhost:3002/_next/static/css/app/layout.css?v=1786547071043 was preloaded using link preload but not used within a few seconds from the window's load event. Please make sure it has an appropriate `as` value and it is preloaded intentionally. @ http://ashish.localhost:3002/:0
[  789380ms] [WARNING] The resource http://ashish.localhost:3002/_next/static/css/app/layout.css?v=1786547217176 was preloaded using link preload but not used within a few seconds from the window's load event. Please make sure it has an appropriate `as` value and it is preloaded intentionally. @ http://ashish.localhost:3002/:0
[  789380ms] [WARNING] The resource http://ashish.localhost:3002/_next/static/css/app/layout.css?v=1786547226440 was preloaded using link preload but not used within a few seconds from the window's load event. Please make sure it has an appropriate `as` value and it is preloaded intentionally. @ http://ashish.localhost:3002/:0
[  789380ms] [WARNING] The resource http://ashish.localhost:3002/_next/static/css/app/layout.css?v=1786547632796 was preloaded using link preload but not used within a few seconds from the window's load event. Please make sure it has an appropriate `as` value and it is preloaded intentionally. @ http://ashish.localhost:3002/:0
[  789380ms] [WARNING] The resource http://ashish.localhost:3002/_next/static/css/app/layout.css?v=1786547162081 was preloaded using link preload but not used within a few seconds from the window's load event. Please make sure it has an appropriate `as` value and it is preloaded intentionally. @ http://ashish.localhost:3002/:0
[  789380ms] [WARNING] The resource http://ashish.localhost:3002/_next/static/css/app/layout.css?v=1786547102618 was preloaded using link preload but not used within a few seconds from the window's load event. Please make sure it has an appropriate `as` value and it is preloaded intentionally. @ http://ashish.localhost:3002/:0
[  789380ms] [WARNING] The resource http://ashish.localhost:3002/_next/static/css/app/layout.css?v=1786547062180 was preloaded using link preload but not used within a few seconds from the window's load event. Please make sure it has an appropriate `as` value and it is preloaded intentionally. @ http://ashish.localhost:3002/:0
[  789380ms] [WARNING] The resource http://ashish.localhost:3002/_next/static/css/app/layout.css?v=1786547163702 was preloaded using link preload but not used within a few seconds from the window's load event. Please make sure it has an appropriate `as` value and it is preloaded intentionally. @ http://ashish.localhost:3002/:0
[  789380ms] [WARNING] The resource http://ashish.localhost:3002/_next/static/css/app/layout.css?v=1786547304266 was preloaded using link preload but not used within a few seconds from the window's load event. Please make sure it has an appropriate `as` value and it is preloaded intentionally. @ http://ashish.localhost:3002/:0
[  789380ms] [WARNING] The resource http://ashish.localhost:3002/_next/static/css/app/layout.css?v=1786547081893 was preloaded using link preload but not used within a few seconds from the window's load event. Please make sure it has an appropriate `as` value and it is preloaded intentionally. @ http://ashish.localhost:3002/:0
[  789381ms] [WARNING] The resource http://ashish.localhost:3002/_next/static/css/app/layout.css?v=1786547307551 was preloaded using link preload but not used within a few seconds from the window's load event. Please make sure it has an appropriate `as` value and it is preloaded intentionally. @ http://ashish.localhost:3002/:0
[  789381ms] [WARNING] The resource http://ashish.localhost:3002/_next/static/css/app/layout.css?v=1786546989566 was preloaded using link preload but not used within a few seconds from the window's load event. Please make sure it has an appropriate `as` value and it is preloaded intentionally. @ http://ashish.localhost:3002/:0
[  789381ms] [WARNING] The resource http://ashish.localhost:3002/_next/static/css/app/layout.css?v=1786547032561 was preloaded using link preload but not used within a few seconds from the window's load event. Please make sure it has an appropriate `as` value and it is preloaded intentionally. @ http://ashish.localhost:3002/:0
[  789381ms] [WARNING] The resource http://ashish.localhost:3002/_next/static/css/app/layout.css?v=1786546973614 was preloaded using link preload but not used within a few seconds from the window's load event. Please make sure it has an appropriate `as` value and it is preloaded intentionally. @ http://ashish.localhost:3002/:0
[  789381ms] [WARNING] The resource http://ashish.localhost:3002/_next/static/css/app/layout.css?v=1786547119986 was preloaded using link preload but not used within a few seconds from the window's load event. Please make sure it has an appropriate `as` value and it is preloaded intentionally. @ http://ashish.localhost:3002/:0
[  789381ms] [WARNING] The resource http://ashish.localhost:3002/_next/static/css/app/layout.css?v=1786547223674 was preloaded using link preload but not used within a few seconds from the window's load event. Please make sure it has an appropriate `as` value and it is preloaded intentionally. @ http://ashish.localhost:3002/:0
[  789381ms] [WARNING] The resource http://ashish.localhost:3002/_next/static/css/app/layout.css?v=1786547158920 was preloaded using link preload but not used within a few seconds from the window's load event. Please make sure it has an appropriate `as` value and it is preloaded intentionally. @ http://ashish.localhost:3002/:0
[  789381ms] [WARNING] The resource http://ashish.localhost:3002/_next/static/css/app/layout.css?v=1786546975374 was preloaded using link preload but not used within a few seconds from the window's load event. Please make sure it has an appropriate `as` value and it is preloaded intentionally. @ http://ashish.localhost:3002/:0
[  789381ms] [WARNING] The resource http://ashish.localhost:3002/_next/static/css/app/layout.css?v=1786547183622 was preloaded using link preload but not used within a few seconds from the window's load event. Please make sure it has an appropriate `as` value and it is preloaded intentionally. @ http://ashish.localhost:3002/:0
[  789381ms] [WARNING] The resource http://ashish.localhost:3002/_next/static/css/app/layout.css?v=1786546993434 was preloaded using link preload but not used within a few seconds from the window's load event. Please make sure it has an appropriate `as` value and it is preloaded intentionally. @ http://ashish.localhost:3002/:0
[  789381ms] [WARNING] The resource http://ashish.localhost:3002/_next/static/css/app/layout.css?v=1786547099179 was preloaded using link preload but not used within a few seconds from the window's load event. Please make sure it has an appropriate `as` value and it is preloaded intentionally. @ http://ashish.localhost:3002/:0
[  789381ms] [WARNING] The resource http://ashish.localhost:3002/_next/static/css/app/layout.css?v=1786547008314 was preloaded using link preload but not used within a few seconds from the window's load event. Please make sure it has an appropriate `as` value and it is preloaded intentionally. @ http://ashish.localhost:3002/:0
[  789381ms] [WARNING] The resource http://ashish.localhost:3002/_next/static/css/app/layout.css?v=1786547628654 was preloaded using link preload but not used within a few seconds from the window's load event. Please make sure it has an appropriate `as` value and it is preloaded intentionally. @ http://ashish.localhost:3002/:0
[  790757ms] [LOG] [Fast Refresh] rebuilding @ webpack-internal:///(app-pages-browser)/../node_modules/next/dist/client/dev/hot-reloader/app/hot-reloader-app.js:196
[  793398ms] [LOG] [Fast Refresh] rebuilding @ webpack-internal:///(app-pages-browser)/../node_modules/next/dist/client/dev/hot-reloader/app/hot-reloader-app.js:196
[  793819ms] [LOG] [Fast Refresh] done in 420ms @ webpack-internal:///(app-pages-browser)/../node_modules/next/dist/client/dev/report-hmr-latency.js:13
[  794914ms] [LOG] [Fast Refresh] done in 1516ms @ webpack-internal:///(app-pages-browser)/../node_modules/next/dist/client/dev/report-hmr-latency.js:13
[  797443ms] [WARNING] %c%s%c 
Config warnings for "ashish-interiors":

  warning  sections.inquiryForm.accessKeyEnv
           names env var "WEB3FORMS_ASHISH", which is not set. The form would render and silently post nowhere — a lost enquiry looks exactly like no enquiry.
 background: #e6e6e6;background: light-dark(rgba(0,0,0,0.1), rgba(255,255,255,0.25));color: #000000;color: light-dark(#000000, #ffffff);border-radius: 2px  Server   @ about://React/Server/webpack-internal:///(rsc)/../backend/src/config/load.ts?2:72
[  797443ms] [WARNING] %c%s%c 
Config warnings for "ashish-interiors":

  warning  sections.inquiryForm.accessKeyEnv
           names env var "WEB3FORMS_ASHISH", which is not set. The form would render and silently post nowhere — a lost enquiry looks exactly like no enquiry.
 background: #e6e6e6;background: light-dark(rgba(0,0,0,0.1), rgba(255,255,255,0.25));color: #000000;color: light-dark(#000000, #ffffff);border-radius: 2px  Server   @ about://React/Server/webpack-internal:///(rsc)/../backend/src/config/load.ts?2:72
[  797921ms] [WARNING] The resource http://ashish.localhost:3002/_next/static/css/app/layout.css?v=1786547010570 was preloaded using link preload but not used within a few seconds from the window's load event. Please make sure it has an appropriate `as` value and it is preloaded intentionally. @ http://ashish.localhost:3002/:0
[  797921ms] [WARNING] The resource http://ashish.localhost:3002/_next/static/css/app/layout.css?v=1786547085486 was preloaded using link preload but not used within a few seconds from the window's load event. Please make sure it has an appropriate `as` value and it is preloaded intentionally. @ http://ashish.localhost:3002/:0
[  797921ms] [WARNING] The resource http://ashish.localhost:3002/_next/static/css/app/layout.css?v=1786547117002 was preloaded using link preload but not used within a few seconds from the window's load event. Please make sure it has an appropriate `as` value and it is preloaded intentionally. @ http://ashish.localhost:3002/:0
[  797922ms] [WARNING] The resource http://ashish.localhost:3002/_next/static/css/app/layout.css?v=1786547187650 was preloaded using link preload but not used within a few seconds from the window's load event. Please make sure it has an appropriate `as` value and it is preloaded intentionally. @ http://ashish.localhost:3002/:0
[  797922ms] [WARNING] The resource http://ashish.localhost:3002/_next/static/css/app/layout.css?v=1786547147346 was preloaded using link preload but not used within a few seconds from the window's load event. Please make sure it has an appropriate `as` value and it is preloaded intentionally. @ http://ashish.localhost:3002/:0
[  797922ms] [WARNING] The resource http://ashish.localhost:3002/_next/static/css/app/layout.css?v=1786547034685 was preloaded using link preload but not used within a few seconds from the window's load event. Please make sure it has an appropriate `as` value and it is preloaded intentionally. @ http://ashish.localhost:3002/:0
[  797922ms] [WARNING] The resource http://ashish.localhost:3002/_next/static/css/app/layout.css?v=1786547143266 was preloaded using link preload but not used within a few seconds from the window's load event. Please make sure it has an appropriate `as` value and it is preloaded intentionally. @ http://ashish.localhost:3002/:0
[  797922ms] [WARNING] The resource http://ashish.localhost:3002/_next/static/css/app/layout.css?v=1786547071043 was preloaded using link preload but not used within a few seconds from the window's load event. Please make sure it has an appropriate `as` value and it is preloaded intentionally. @ http://ashish.localhost:3002/:0
[  797922ms] [WARNING] The resource http://ashish.localhost:3002/_next/static/css/app/layout.css?v=1786547217176 was preloaded using link preload but not used within a few seconds from the window's load event. Please make sure it has an appropriate `as` value and it is preloaded intentionally. @ http://ashish.localhost:3002/:0
[  797922ms] [WARNING] The resource http://ashish.localhost:3002/_next/static/css/app/layout.css?v=1786547226440 was preloaded using link preload but not used within a few seconds from the window's load event. Please make sure it has an appropriate `as` value and it is preloaded intentionally. @ http://ashish.localhost:3002/:0
[  797922ms] [WARNING] The resource http://ashish.localhost:3002/_next/static/css/app/layout.css?v=1786547632796 was preloaded using link preload but not used within a few seconds from the window's load event. Please make sure it has an appropriate `as` value and it is preloaded intentionally. @ http://ashish.localhost:3002/:0
[  797922ms] [WARNING] The resource http://ashish.localhost:3002/_next/static/css/app/layout.css?v=1786547162081 was preloaded using link preload but not used within a few seconds from the window's load event. Please make sure it has an appropriate `as` value and it is preloaded intentionally. @ http://ashish.localhost:3002/:0
[  797922ms] [WARNING] The resource http://ashish.localhost:3002/_next/static/css/app/layout.css?v=1786547102618 was preloaded using link preload but not used within a few seconds from the window's load event. Please make sure it has an appropriate `as` value and it is preloaded intentionally. @ http://ashish.localhost:3002/:0
[  797922ms] [WARNING] The resource http://ashish.localhost:3002/_next/static/css/app/layout.css?v=1786547062180 was preloaded using link preload but not used within a few seconds from the window's load event. Please make sure it has an appropriate `as` value and it is preloaded intentionally. @ http://ashish.localhost:3002/:0
[  797922ms] [WARNING] The resource http://ashish.localhost:3002/_next/static/css/app/layout.css?v=1786547163702 was preloaded using link preload but not used within a few seconds from the window's load event. Please make sure it has an appropriate `as` value and it is preloaded intentionally. @ http://ashish.localhost:3002/:0
[  797922ms] [WARNING] The resource http://ashish.localhost:3002/_next/static/css/app/layout.css?v=1786547304266 was preloaded using link preload but not used within a few seconds from the window's load event. Please make sure it has an appropriate `as` value and it is preloaded intentionally. @ http://ashish.localhost:3002/:0
[  797922ms] [WARNING] The resource http://ashish.localhost:3002/_next/static/css/app/layout.css?v=1786547081893 was preloaded using link preload but not used within a few seconds from the window's load event. Please make sure it has an appropriate `as` value and it is preloaded intentionally. @ http://ashish.localhost:3002/:0
[  797922ms] [WARNING] The resource http://ashish.localhost:3002/_next/static/css/app/layout.css?v=1786547307551 was preloaded using link preload but not used within a few seconds from the window's load event. Please make sure it has an appropriate `as` value and it is preloaded intentionally. @ http://ashish.localhost:3002/:0
[  797922ms] [WARNING] The resource http://ashish.localhost:3002/_next/static/css/app/layout.css?v=1786546989566 was preloaded using link preload but not used within a few seconds from the window's load event. Please make sure it has an appropriate `as` value and it is preloaded intentionally. @ http://ashish.localhost:3002/:0
[  797922ms] [WARNING] The resource http://ashish.localhost:3002/_next/static/css/app/layout.css?v=1786547032561 was preloaded using link preload but not used within a few seconds from the window's load event. Please make sure it has an appropriate `as` value and it is preloaded intentionally. @ http://ashish.localhost:3002/:0
[  797922ms] [WARNING] The resource http://ashish.localhost:3002/_next/static/css/app/layout.css?v=1786546973614 was preloaded using link preload but not used within a few seconds from the window's load event. Please make sure it has an appropriate `as` value and it is preloaded intentionally. @ http://ashish.localhost:3002/:0
[  797922ms] [WARNING] The resource http://ashish.localhost:3002/_next/static/css/app/layout.css?v=1786547119986 was preloaded using link preload but not used within a few seconds from the window's load event. Please make sure it has an appropriate `as` value and it is preloaded intentionally. @ http://ashish.localhost:3002/:0
[  797922ms] [WARNING] The resource http://ashish.localhost:3002/_next/static/css/app/layout.css?v=1786547223674 was preloaded using link preload but not used within a few seconds from the window's load event. Please make sure it has an appropriate `as` value and it is preloaded intentionally. @ http://ashish.localhost:3002/:0
[  797922ms] [WARNING] The resource http://ashish.localhost:3002/_next/static/css/app/layout.css?v=1786547158920 was preloaded using link preload but not used within a few seconds from the window's load event. Please make sure it has an appropriate `as` value and it is preloaded intentionally. @ http://ashish.localhost:3002/:0
[  797922ms] [WARNING] The resource http://ashish.localhost:3002/_next/static/css/app/layout.css?v=1786546975374 was preloaded using link preload but not used within a few seconds from the window's load event. Please make sure it has an appropriate `as` value and it is preloaded intentionally. @ http://ashish.localhost:3002/:0
[  797922ms] [WARNING] The resource http://ashish.localhost:3002/_next/static/css/app/layout.css?v=1786547183622 was preloaded using link preload but not used within a few seconds from the window's load event. Please make sure it has an appropriate `as` value and it is preloaded intentionally. @ http://ashish.localhost:3002/:0
[  797922ms] [WARNING] The resource http://ashish.localhost:3002/_next/static/css/app/layout.css?v=1786546993434 was preloaded using link preload but not used within a few seconds from the window's load event. Please make sure it has an appropriate `as` value and it is preloaded intentionally. @ http://ashish.localhost:3002/:0
[  797922ms] [WARNING] The resource http://ashish.localhost:3002/_next/static/css/app/layout.css?v=1786547099179 was preloaded using link preload but not used within a few seconds from the window's load event. Please make sure it has an appropriate `as` value and it is preloaded intentionally. @ http://ashish.localhost:3002/:0
[  797922ms] [WARNING] The resource http://ashish.localhost:3002/_next/static/css/app/layout.css?v=1786547008314 was preloaded using link preload but not used within a few seconds from the window's load event. Please make sure it has an appropriate `as` value and it is preloaded intentionally. @ http://ashish.localhost:3002/:0
[  797922ms] [WARNING] The resource http://ashish.localhost:3002/_next/static/css/app/layout.css?v=1786547628654 was preloaded using link preload but not used within a few seconds from the window's load event. Please make sure it has an appropriate `as` value and it is preloaded intentionally. @ http://ashish.localhost:3002/:0
[  803675ms] [WARNING] %c%s%c 
Config warnings for "ashish-interiors":

  warning  sections.inquiryForm.accessKeyEnv
           names env var "WEB3FORMS_ASHISH", which is not set. The form would render and silently post nowhere — a lost enquiry looks exactly like no enquiry.
 background: #e6e6e6;background: light-dark(rgba(0,0,0,0.1), rgba(255,255,255,0.25));color: #000000;color: light-dark(#000000, #ffffff);border-radius: 2px  Server   @ about://React/Server/webpack-internal:///(rsc)/../backend/src/config/load.ts?2:72
[  803675ms] [WARNING] %c%s%c 
Config warnings for "ashish-interiors":

  warning  sections.inquiryForm.accessKeyEnv
           names env var "WEB3FORMS_ASHISH", which is not set. The form would render and silently post nowhere — a lost enquiry looks exactly like no enquiry.
 background: #e6e6e6;background: light-dark(rgba(0,0,0,0.1), rgba(255,255,255,0.25));color: #000000;color: light-dark(#000000, #ffffff);border-radius: 2px  Server   @ about://React/Server/webpack-internal:///(rsc)/../backend/src/config/load.ts?2:72
[  804598ms] [WARNING] %c%s%c 
Config warnings for "ashish-interiors":

  warning  sections.inquiryForm.accessKeyEnv
           names env var "WEB3FORMS_ASHISH", which is not set. The form would render and silently post nowhere — a lost enquiry looks exactly like no enquiry.
 background: #e6e6e6;background: light-dark(rgba(0,0,0,0.1), rgba(255,255,255,0.25));color: #000000;color: light-dark(#000000, #ffffff);border-radius: 2px  Server   @ about://React/Server/webpack-internal:///(rsc)/../backend/src/config/load.ts?2:72
[  804815ms] [WARNING] %c%s%c 
Config warnings for "ashish-interiors":

  warning  sections.inquiryForm.accessKeyEnv
           names env var "WEB3FORMS_ASHISH", which is not set. The form would render and silently post nowhere — a lost enquiry looks exactly like no enquiry.
 background: #e6e6e6;background: light-dark(rgba(0,0,0,0.1), rgba(255,255,255,0.25));color: #000000;color: light-dark(#000000, #ffffff);border-radius: 2px  Server   @ about://React/Server/webpack-internal:///(rsc)/../backend/src/config/load.ts?2:72
[  807726ms] [ERROR] Failed to load resource: the server responded with a status of 404 (Not Found) @ http://ashish.localhost:3002/fonts/archivo/archivo-latin-ext.woff2:0
[  809759ms] [ERROR] Failed to load resource: the server responded with a status of 404 (Not Found) @ http://ashish.localhost:3002/fonts/archivo/archivo-latin.woff2:0
[  812823ms] [WARNING] The resource http://ashish.localhost:3002/_next/static/css/app/layout.css?v=1786547010570 was preloaded using link preload but not used within a few seconds from the window's load event. Please make sure it has an appropriate `as` value and it is preloaded intentionally. @ http://ashish.localhost:3002/:0
[  812823ms] [WARNING] The resource http://ashish.localhost:3002/_next/static/css/app/layout.css?v=1786547085486 was preloaded using link preload but not used within a few seconds from the window's load event. Please make sure it has an appropriate `as` value and it is preloaded intentionally. @ http://ashish.localhost:3002/:0
[  812823ms] [WARNING] The resource http://ashish.localhost:3002/_next/static/css/app/layout.css?v=1786547117002 was preloaded using link preload but not used within a few seconds from the window's load event. Please make sure it has an appropriate `as` value and it is preloaded intentionally. @ http://ashish.localhost:3002/:0
[  812823ms] [WARNING] The resource http://ashish.localhost:3002/_next/static/css/app/layout.css?v=1786547187650 was preloaded using link preload but not used within a few seconds from the window's load event. Please make sure it has an appropriate `as` value and it is preloaded intentionally. @ http://ashish.localhost:3002/:0
[  812823ms] [WARNING] The resource http://ashish.localhost:3002/_next/static/css/app/layout.css?v=1786547147346 was preloaded using link preload but not used within a few seconds from the window's load event. Please make sure it has an appropriate `as` value and it is preloaded intentionally. @ http://ashish.localhost:3002/:0
[  812823ms] [WARNING] The resource http://ashish.localhost:3002/_next/static/css/app/layout.css?v=1786547034685 was preloaded using link preload but not used within a few seconds from the window's load event. Please make sure it has an appropriate `as` value and it is preloaded intentionally. @ http://ashish.localhost:3002/:0
[  812823ms] [WARNING] The resource http://ashish.localhost:3002/_next/static/css/app/layout.css?v=1786547143266 was preloaded using link preload but not used within a few seconds from the window's load event. Please make sure it has an appropriate `as` value and it is preloaded intentionally. @ http://ashish.localhost:3002/:0
[  812823ms] [WARNING] The resource http://ashish.localhost:3002/_next/static/css/app/layout.css?v=1786547071043 was preloaded using link preload but not used within a few seconds from the window's load event. Please make sure it has an appropriate `as` value and it is preloaded intentionally. @ http://ashish.localhost:3002/:0
[  812823ms] [WARNING] The resource http://ashish.localhost:3002/_next/static/css/app/layout.css?v=1786547217176 was preloaded using link preload but not used within a few seconds from the window's load event. Please make sure it has an appropriate `as` value and it is preloaded intentionally. @ http://ashish.localhost:3002/:0
[  812823ms] [WARNING] The resource http://ashish.localhost:3002/_next/static/css/app/layout.css?v=1786547226440 was preloaded using link preload but not used within a few seconds from the window's load event. Please make sure it has an appropriate `as` value and it is preloaded intentionally. @ http://ashish.localhost:3002/:0
[  812823ms] [WARNING] The resource http://ashish.localhost:3002/_next/static/css/app/layout.css?v=1786547632796 was preloaded using link preload but not used within a few seconds from the window's load event. Please make sure it has an appropriate `as` value and it is preloaded intentionally. @ http://ashish.localhost:3002/:0
[  812823ms] [WARNING] The resource http://ashish.localhost:3002/_next/static/css/app/layout.css?v=1786547656996 was preloaded using link preload but not used within a few seconds from the window's load event. Please make sure it has an appropriate `as` value and it is preloaded intentionally. @ http://ashish.localhost:3002/:0
[  812823ms] [WARNING] The resource http://ashish.localhost:3002/_next/static/css/app/layout.css?v=1786547162081 was preloaded using link preload but not used within a few seconds from the window's load event. Please make sure it has an appropriate `as` value and it is preloaded intentionally. @ http://ashish.localhost:3002/:0
[  812823ms] [WARNING] The resource http://ashish.localhost:3002/_next/static/css/app/layout.css?v=1786547653284 was preloaded using link preload but not used within a few seconds from the window's load event. Please make sure it has an appropriate `as` value and it is preloaded intentionally. @ http://ashish.localhost:3002/:0
[  812823ms] [WARNING] The resource http://ashish.localhost:3002/_next/static/css/app/layout.css?v=1786547102618 was preloaded using link preload but not used within a few seconds from the window's load event. Please make sure it has an appropriate `as` value and it is preloaded intentionally. @ http://ashish.localhost:3002/:0
[  812823ms] [WARNING] The resource http://ashish.localhost:3002/_next/static/css/app/layout.css?v=1786547062180 was preloaded using link preload but not used within a few seconds from the window's load event. Please make sure it has an appropriate `as` value and it is preloaded intentionally. @ http://ashish.localhost:3002/:0
[  812823ms] [WARNING] The resource http://ashish.localhost:3002/_next/static/css/app/layout.css?v=1786547163702 was preloaded using link preload but not used within a few seconds from the window's load event. Please make sure it has an appropriate `as` value and it is preloaded intentionally. @ http://ashish.localhost:3002/:0
[  812823ms] [WARNING] The resource http://ashish.localhost:3002/_next/static/css/app/layout.css?v=1786547304266 was preloaded using link preload but not used within a few seconds from the window's load event. Please make sure it has an appropriate `as` value and it is preloaded intentionally. @ http://ashish.localhost:3002/:0
[  812823ms] [WARNING] The resource http://ashish.localhost:3002/_next/static/css/app/layout.css?v=1786547081893 was preloaded using link preload but not used within a few seconds from the window's load event. Please make sure it has an appropriate `as` value and it is preloaded intentionally. @ http://ashish.localhost:3002/:0
[  812823ms] [WARNING] The resource http://ashish.localhost:3002/_next/static/css/app/layout.css?v=1786547307551 was preloaded using link preload but not used within a few seconds from the window's load event. Please make sure it has an appropriate `as` value and it is preloaded intentionally. @ http://ashish.localhost:3002/:0
[  812823ms] [WARNING] The resource http://ashish.localhost:3002/_next/static/css/app/layout.css?v=1786546989566 was preloaded using link preload but not used within a few seconds from the window's load event. Please make sure it has an appropriate `as` value and it is preloaded intentionally. @ http://ashish.localhost:3002/:0
[  812823ms] [WARNING] The resource http://ashish.localhost:3002/_next/static/css/app/layout.css?v=1786547032561 was preloaded using link preload but not used within a few seconds from the window's load event. Please make sure it has an appropriate `as` value and it is preloaded intentionally. @ http://ashish.localhost:3002/:0
[  812823ms] [WARNING] The resource http://ashish.localhost:3002/_next/static/css/app/layout.css?v=1786546973614 was preloaded using link preload but not used within a few seconds from the window's load event. Please make sure it has an appropriate `as` value and it is preloaded intentionally. @ http://ashish.localhost:3002/:0
[  812823ms] [WARNING] The resource http://ashish.localhost:3002/_next/static/css/app/layout.css?v=1786547119986 was preloaded using link preload but not used within a few seconds from the window's load event. Please make sure it has an appropriate `as` value and it is preloaded intentionally. @ http://ashish.localhost:3002/:0
[  812823ms] [WARNING] The resource http://ashish.localhost:3002/_next/static/css/app/layout.css?v=1786547223674 was preloaded using link preload but not used within a few seconds from the window's load event. Please make sure it has an appropriate `as` value and it is preloaded intentionally. @ http://ashish.localhost:3002/:0
[  812823ms] [WARNING] The resource http://ashish.localhost:3002/_next/static/css/app/layout.css?v=1786547158920 was preloaded using link preload but not used within a few seconds from the window's load event. Please make sure it has an appropriate `as` value and it is preloaded intentionally. @ http://ashish.localhost:3002/:0
[  812823ms] [WARNING] The resource http://ashish.localhost:3002/_next/static/css/app/layout.css?v=1786546975374 was preloaded using link preload but not used within a few seconds from the window's load event. Please make sure it has an appropriate `as` value and it is preloaded intentionally. @ http://ashish.localhost:3002/:0
[  812823ms] [WARNING] The resource http://ashish.localhost:3002/_next/static/css/app/layout.css?v=1786547183622 was preloaded using link preload but not used within a few seconds from the window's load event. Please make sure it has an appropriate `as` value and it is preloaded intentionally. @ http://ashish.localhost:3002/:0
[  812823ms] [WARNING] The resource http://ashish.localhost:3002/_next/static/css/app/layout.css?v=1786546993434 was preloaded using link preload but not used within a few seconds from the window's load event. Please make sure it has an appropriate `as` value and it is preloaded intentionally. @ http://ashish.localhost:3002/:0
[  812823ms] [WARNING] The resource http://ashish.localhost:3002/_next/static/css/app/layout.css?v=1786547099179 was preloaded using link preload but not used within a few seconds from the window's load event. Please make sure it has an appropriate `as` value and it is preloaded intentionally. @ http://ashish.localhost:3002/:0
[  812823ms] [WARNING] The resource http://ashish.localhost:3002/_next/static/css/app/layout.css?v=1786547008314 was preloaded using link preload but not used within a few seconds from the window's load event. Please make sure it has an appropriate `as` value and it is preloaded intentionally. @ http://ashish.localhost:3002/:0
[  812823ms] [WARNING] The resource http://ashish.localhost:3002/_next/static/css/app/layout.css?v=1786547628654 was preloaded using link preload but not used within a few seconds from the window's load event. Please make sure it has an appropriate `as` value and it is preloaded intentionally. @ http://ashish.localhost:3002/:0
[  907020ms] [LOG] [Fast Refresh] rebuilding @ webpack-internal:///(app-pages-browser)/../node_modules/next/dist/client/dev/hot-reloader/app/hot-reloader-app.js:196
[  915581ms] [LOG] [Fast Refresh] done in 8561ms @ webpack-internal:///(app-pages-browser)/../node_modules/next/dist/client/dev/report-hmr-latency.js:13
[  918582ms] [WARNING] The resource http://ashish.localhost:3002/_next/static/css/app/layout.css?v=1786547010570 was preloaded using link preload but not used within a few seconds from the window's load event. Please make sure it has an appropriate `as` value and it is preloaded intentionally. @ http://ashish.localhost:3002/:0
[  918582ms] [WARNING] The resource http://ashish.localhost:3002/_next/static/css/app/layout.css?v=1786547085486 was preloaded using link preload but not used within a few seconds from the window's load event. Please make sure it has an appropriate `as` value and it is preloaded intentionally. @ http://ashish.localhost:3002/:0
[  918582ms] [WARNING] The resource http://ashish.localhost:3002/_next/static/css/app/layout.css?v=1786547117002 was preloaded using link preload but not used within a few seconds from the window's load event. Please make sure it has an appropriate `as` value and it is preloaded intentionally. @ http://ashish.localhost:3002/:0
[  918582ms] [WARNING] The resource http://ashish.localhost:3002/_next/static/css/app/layout.css?v=1786547187650 was preloaded using link preload but not used within a few seconds from the window's load event. Please make sure it has an appropriate `as` value and it is preloaded intentionally. @ http://ashish.localhost:3002/:0
[  918582ms] [WARNING] The resource http://ashish.localhost:3002/_next/static/css/app/layout.css?v=1786547147346 was preloaded using link preload but not used within a few seconds from the window's load event. Please make sure it has an appropriate `as` value and it is preloaded intentionally. @ http://ashish.localhost:3002/:0
[  918582ms] [WARNING] The resource http://ashish.localhost:3002/_next/static/css/app/layout.css?v=1786547034685 was preloaded using link preload but not used within a few seconds from the window's load event. Please make sure it has an appropriate `as` value and it is preloaded intentionally. @ http://ashish.localhost:3002/:0
[  918582ms] [WARNING] The resource http://ashish.localhost:3002/_next/static/css/app/layout.css?v=1786547143266 was preloaded using link preload but not used within a few seconds from the window's load event. Please make sure it has an appropriate `as` value and it is preloaded intentionally. @ http://ashish.localhost:3002/:0
[  918582ms] [WARNING] The resource http://ashish.localhost:3002/_next/static/css/app/layout.css?v=1786547071043 was preloaded using link preload but not used within a few seconds from the window's load event. Please make sure it has an appropriate `as` value and it is preloaded intentionally. @ http://ashish.localhost:3002/:0
[  918583ms] [WARNING] The resource http://ashish.localhost:3002/_next/static/css/app/layout.css?v=1786547217176 was preloaded using link preload but not used within a few seconds from the window's load event. Please make sure it has an appropriate `as` value and it is preloaded intentionally. @ http://ashish.localhost:3002/:0
[  918583ms] [WARNING] The resource http://ashish.localhost:3002/_next/static/css/app/layout.css?v=1786547226440 was preloaded using link preload but not used within a few seconds from the window's load event. Please make sure it has an appropriate `as` value and it is preloaded intentionally. @ http://ashish.localhost:3002/:0
[  918583ms] [WARNING] The resource http://ashish.localhost:3002/_next/static/css/app/layout.css?v=1786547632796 was preloaded using link preload but not used within a few seconds from the window's load event. Please make sure it has an appropriate `as` value and it is preloaded intentionally. @ http://ashish.localhost:3002/:0
[  918583ms] [WARNING] The resource http://ashish.localhost:3002/_next/static/css/app/layout.css?v=1786547656996 was preloaded using link preload but not used within a few seconds from the window's load event. Please make sure it has an appropriate `as` value and it is preloaded intentionally. @ http://ashish.localhost:3002/:0
[  918583ms] [WARNING] The resource http://ashish.localhost:3002/_next/static/css/app/layout.css?v=1786547162081 was preloaded using link preload but not used within a few seconds from the window's load event. Please make sure it has an appropriate `as` value and it is preloaded intentionally. @ http://ashish.localhost:3002/:0
[  918583ms] [WARNING] The resource http://ashish.localhost:3002/_next/static/css/app/layout.css?v=1786547653284 was preloaded using link preload but not used within a few seconds from the window's load event. Please make sure it has an appropriate `as` value and it is preloaded intentionally. @ http://ashish.localhost:3002/:0
[  918583ms] [WARNING] The resource http://ashish.localhost:3002/_next/static/css/app/layout.css?v=1786547102618 was preloaded using link preload but not used within a few seconds from the window's load event. Please make sure it has an appropriate `as` value and it is preloaded intentionally. @ http://ashish.localhost:3002/:0
[  918583ms] [WARNING] The resource http://ashish.localhost:3002/_next/static/css/app/layout.css?v=1786547062180 was preloaded using link preload but not used within a few seconds from the window's load event. Please make sure it has an appropriate `as` value and it is preloaded intentionally. @ http://ashish.localhost:3002/:0
[  918583ms] [WARNING] The resource http://ashish.localhost:3002/_next/static/css/app/layout.css?v=1786547163702 was preloaded using link preload but not used within a few seconds from the window's load event. Please make sure it has an appropriate `as` value and it is preloaded intentionally. @ http://ashish.localhost:3002/:0
[  918583ms] [WARNING] The resource http://ashish.localhost:3002/_next/static/css/app/layout.css?v=1786547304266 was preloaded using link preload but not used within a few seconds from the window's load event. Please make sure it has an appropriate `as` value and it is preloaded intentionally. @ http://ashish.localhost:3002/:0
[  918583ms] [WARNING] The resource http://ashish.localhost:3002/_next/static/css/app/layout.css?v=1786547081893 was preloaded using link preload but not used within a few seconds from the window's load event. Please make sure it has an appropriate `as` value and it is preloaded intentionally. @ http://ashish.localhost:3002/:0
[  918583ms] [WARNING] The resource http://ashish.localhost:3002/_next/static/css/app/layout.css?v=1786547307551 was preloaded using link preload but not used within a few seconds from the window's load event. Please make sure it has an appropriate `as` value and it is preloaded intentionally. @ http://ashish.localhost:3002/:0
[  918583ms] [WARNING] The resource http://ashish.localhost:3002/_next/static/css/app/layout.css?v=1786546989566 was preloaded using link preload but not used within a few seconds from the window's load event. Please make sure it has an appropriate `as` value and it is preloaded intentionally. @ http://ashish.localhost:3002/:0
[  918583ms] [WARNING] The resource http://ashish.localhost:3002/_next/static/css/app/layout.css?v=1786547032561 was preloaded using link preload but not used within a few seconds from the window's load event. Please make sure it has an appropriate `as` value and it is preloaded intentionally. @ http://ashish.localhost:3002/:0
[  918586ms] [WARNING] The resource http://ashish.localhost:3002/_next/static/css/app/layout.css?v=1786546973614 was preloaded using link preload but not used within a few seconds from the window's load event. Please make sure it has an appropriate `as` value and it is preloaded intentionally. @ http://ashish.localhost:3002/:0
[  918586ms] [WARNING] The resource http://ashish.localhost:3002/_next/static/css/app/layout.css?v=1786547119986 was preloaded using link preload but not used within a few seconds from the window's load event. Please make sure it has an appropriate `as` value and it is preloaded intentionally. @ http://ashish.localhost:3002/:0
[  918586ms] [WARNING] The resource http://ashish.localhost:3002/_next/static/css/app/layout.css?v=1786547223674 was preloaded using link preload but not used within a few seconds from the window's load event. Please make sure it has an appropriate `as` value and it is preloaded intentionally. @ http://ashish.localhost:3002/:0
[  918586ms] [WARNING] The resource http://ashish.localhost:3002/_next/static/css/app/layout.css?v=1786547158920 was preloaded using link preload but not used within a few seconds from the window's load event. Please make sure it has an appropriate `as` value and it is preloaded intentionally. @ http://ashish.localhost:3002/:0
[  918586ms] [WARNING] The resource http://ashish.localhost:3002/_next/static/css/app/layout.css?v=1786546975374 was preloaded using link preload but not used within a few seconds from the window's load event. Please make sure it has an appropriate `as` value and it is preloaded intentionally. @ http://ashish.localhost:3002/:0
[  918586ms] [WARNING] The resource http://ashish.localhost:3002/_next/static/css/app/layout.css?v=1786547183622 was preloaded using link preload but not used within a few seconds from the window's load event. Please make sure it has an appropriate `as` value and it is preloaded intentionally. @ http://ashish.localhost:3002/:0
[  918586ms] [WARNING] The resource http://ashish.localhost:3002/_next/static/css/app/layout.css?v=1786546993434 was preloaded using link preload but not used within a few seconds from the window's load event. Please make sure it has an appropriate `as` value and it is preloaded intentionally. @ http://ashish.localhost:3002/:0
[  918586ms] [WARNING] The resource http://ashish.localhost:3002/_next/static/css/app/layout.css?v=1786547099179 was preloaded using link preload but not used within a few seconds from the window's load event. Please make sure it has an appropriate `as` value and it is preloaded intentionally. @ http://ashish.localhost:3002/:0
[  918586ms] [WARNING] The resource http://ashish.localhost:3002/_next/static/css/app/layout.css?v=1786547008314 was preloaded using link preload but not used within a few seconds from the window's load event. Please make sure it has an appropriate `as` value and it is preloaded intentionally. @ http://ashish.localhost:3002/:0
[  918586ms] [WARNING] The resource http://ashish.localhost:3002/_next/static/css/app/layout.css?v=1786547628654 was preloaded using link preload but not used within a few seconds from the window's load event. Please make sure it has an appropriate `as` value and it is preloaded intentionally. @ http://ashish.localhost:3002/:0
[  919847ms] [WARNING] %c%s%c 
Config warnings for "ashish-interiors":

  warning  sections.inquiryForm.accessKeyEnv
           names env var "WEB3FORMS_ASHISH", which is not set. The form would render and silently post nowhere — a lost enquiry looks exactly like no enquiry.
 background: #e6e6e6;background: light-dark(rgba(0,0,0,0.1), rgba(255,255,255,0.25));color: #000000;color: light-dark(#000000, #ffffff);border-radius: 2px  Server   @ about://React/Server/webpack-internal:///(rsc)/../backend/src/config/load.ts?2:72
[  919848ms] [WARNING] %c%s%c 
Config warnings for "ashish-interiors":

  warning  sections.inquiryForm.accessKeyEnv
           names env var "WEB3FORMS_ASHISH", which is not set. The form would render and silently post nowhere — a lost enquiry looks exactly like no enquiry.
 background: #e6e6e6;background: light-dark(rgba(0,0,0,0.1), rgba(255,255,255,0.25));color: #000000;color: light-dark(#000000, #ffffff);border-radius: 2px  Server   @ about://React/Server/webpack-internal:///(rsc)/../backend/src/config/load.ts?2:72
[  922930ms] [WARNING] The resource http://ashish.localhost:3002/_next/static/css/app/layout.css?v=1786547010570 was preloaded using link preload but not used within a few seconds from the window's load event. Please make sure it has an appropriate `as` value and it is preloaded intentionally. @ http://ashish.localhost:3002/:0
[  922931ms] [WARNING] The resource http://ashish.localhost:3002/_next/static/css/app/layout.css?v=1786547085486 was preloaded using link preload but not used within a few seconds from the window's load event. Please make sure it has an appropriate `as` value and it is preloaded intentionally. @ http://ashish.localhost:3002/:0
[  922931ms] [WARNING] The resource http://ashish.localhost:3002/_next/static/css/app/layout.css?v=1786547117002 was preloaded using link preload but not used within a few seconds from the window's load event. Please make sure it has an appropriate `as` value and it is preloaded intentionally. @ http://ashish.localhost:3002/:0
[  922931ms] [WARNING] The resource http://ashish.localhost:3002/_next/static/css/app/layout.css?v=1786547187650 was preloaded using link preload but not used within a few seconds from the window's load event. Please make sure it has an appropriate `as` value and it is preloaded intentionally. @ http://ashish.localhost:3002/:0
[  922931ms] [WARNING] The resource http://ashish.localhost:3002/_next/static/css/app/layout.css?v=1786547147346 was preloaded using link preload but not used within a few seconds from the window's load event. Please make sure it has an appropriate `as` value and it is preloaded intentionally. @ http://ashish.localhost:3002/:0
[  922931ms] [WARNING] The resource http://ashish.localhost:3002/_next/static/css/app/layout.css?v=1786547034685 was preloaded using link preload but not used within a few seconds from the window's load event. Please make sure it has an appropriate `as` value and it is preloaded intentionally. @ http://ashish.localhost:3002/:0
[  922931ms] [WARNING] The resource http://ashish.localhost:3002/_next/static/css/app/layout.css?v=1786547143266 was preloaded using link preload but not used within a few seconds from the window's load event. Please make sure it has an appropriate `as` value and it is preloaded intentionally. @ http://ashish.localhost:3002/:0
[  922932ms] [WARNING] The resource http://ashish.localhost:3002/_next/static/css/app/layout.css?v=1786547071043 was preloaded using link preload but not used within a few seconds from the window's load event. Please make sure it has an appropriate `as` value and it is preloaded intentionally. @ http://ashish.localhost:3002/:0
[  922932ms] [WARNING] The resource http://ashish.localhost:3002/_next/static/css/app/layout.css?v=1786547217176 was preloaded using link preload but not used within a few seconds from the window's load event. Please make sure it has an appropriate `as` value and it is preloaded intentionally. @ http://ashish.localhost:3002/:0
[  922932ms] [WARNING] The resource http://ashish.localhost:3002/_next/static/css/app/layout.css?v=1786547226440 was preloaded using link preload but not used within a few seconds from the window's load event. Please make sure it has an appropriate `as` value and it is preloaded intentionally. @ http://ashish.localhost:3002/:0
[  922932ms] [WARNING] The resource http://ashish.localhost:3002/_next/static/css/app/layout.css?v=1786547632796 was preloaded using link preload but not used within a few seconds from the window's load event. Please make sure it has an appropriate `as` value and it is preloaded intentionally. @ http://ashish.localhost:3002/:0
[  922932ms] [WARNING] The resource http://ashish.localhost:3002/_next/static/css/app/layout.css?v=1786547656996 was preloaded using link preload but not used within a few seconds from the window's load event. Please make sure it has an appropriate `as` value and it is preloaded intentionally. @ http://ashish.localhost:3002/:0
[  922933ms] [WARNING] The resource http://ashish.localhost:3002/_next/static/css/app/layout.css?v=1786547162081 was preloaded using link preload but not used within a few seconds from the window's load event. Please make sure it has an appropriate `as` value and it is preloaded intentionally. @ http://ashish.localhost:3002/:0
[  922933ms] [WARNING] The resource http://ashish.localhost:3002/_next/static/css/app/layout.css?v=1786547653284 was preloaded using link preload but not used within a few seconds from the window's load event. Please make sure it has an appropriate `as` value and it is preloaded intentionally. @ http://ashish.localhost:3002/:0
[  922933ms] [WARNING] The resource http://ashish.localhost:3002/_next/static/css/app/layout.css?v=1786547102618 was preloaded using link preload but not used within a few seconds from the window's load event. Please make sure it has an appropriate `as` value and it is preloaded intentionally. @ http://ashish.localhost:3002/:0
[  922933ms] [WARNING] The resource http://ashish.localhost:3002/_next/static/css/app/layout.css?v=1786547062180 was preloaded using link preload but not used within a few seconds from the window's load event. Please make sure it has an appropriate `as` value and it is preloaded intentionally. @ http://ashish.localhost:3002/:0
[  922933ms] [WARNING] The resource http://ashish.localhost:3002/_next/static/css/app/layout.css?v=1786547163702 was preloaded using link preload but not used within a few seconds from the window's load event. Please make sure it has an appropriate `as` value and it is preloaded intentionally. @ http://ashish.localhost:3002/:0
[  922933ms] [WARNING] The resource http://ashish.localhost:3002/_next/static/css/app/layout.css?v=1786547304266 was preloaded using link preload but not used within a few seconds from the window's load event. Please make sure it has an appropriate `as` value and it is preloaded intentionally. @ http://ashish.localhost:3002/:0
[  922933ms] [WARNING] The resource http://ashish.localhost:3002/_next/static/css/app/layout.css?v=1786547081893 was preloaded using link preload but not used within a few seconds from the window's load event. Please make sure it has an appropriate `as` value and it is preloaded intentionally. @ http://ashish.localhost:3002/:0
[  922933ms] [WARNING] The resource http://ashish.localhost:3002/_next/static/css/app/layout.css?v=1786547764778 was preloaded using link preload but not used within a few seconds from the window's load event. Please make sure it has an appropriate `as` value and it is preloaded intentionally. @ http://ashish.localhost:3002/:0
[  922933ms] [WARNING] The resource http://ashish.localhost:3002/_next/static/css/app/layout.css?v=1786547307551 was preloaded using link preload but not used within a few seconds from the window's load event. Please make sure it has an appropriate `as` value and it is preloaded intentionally. @ http://ashish.localhost:3002/:0
[  922933ms] [WARNING] The resource http://ashish.localhost:3002/_next/static/css/app/layout.css?v=1786546989566 was preloaded using link preload but not used within a few seconds from the window's load event. Please make sure it has an appropriate `as` value and it is preloaded intentionally. @ http://ashish.localhost:3002/:0
[  922933ms] [WARNING] The resource http://ashish.localhost:3002/_next/static/css/app/layout.css?v=1786547032561 was preloaded using link preload but not used within a few seconds from the window's load event. Please make sure it has an appropriate `as` value and it is preloaded intentionally. @ http://ashish.localhost:3002/:0
[  922933ms] [WARNING] The resource http://ashish.localhost:3002/_next/static/css/app/layout.css?v=1786546973614 was preloaded using link preload but not used within a few seconds from the window's load event. Please make sure it has an appropriate `as` value and it is preloaded intentionally. @ http://ashish.localhost:3002/:0
[  922933ms] [WARNING] The resource http://ashish.localhost:3002/_next/static/css/app/layout.css?v=1786547119986 was preloaded using link preload but not used within a few seconds from the window's load event. Please make sure it has an appropriate `as` value and it is preloaded intentionally. @ http://ashish.localhost:3002/:0
[  922933ms] [WARNING] The resource http://ashish.localhost:3002/_next/static/css/app/layout.css?v=1786547223674 was preloaded using link preload but not used within a few seconds from the window's load event. Please make sure it has an appropriate `as` value and it is preloaded intentionally. @ http://ashish.localhost:3002/:0
[  922933ms] [WARNING] The resource http://ashish.localhost:3002/_next/static/css/app/layout.css?v=1786547158920 was preloaded using link preload but not used within a few seconds from the window's load event. Please make sure it has an appropriate `as` value and it is preloaded intentionally. @ http://ashish.localhost:3002/:0
[  922933ms] [WARNING] The resource http://ashish.localhost:3002/_next/static/css/app/layout.css?v=1786546975374 was preloaded using link preload but not used within a few seconds from the window's load event. Please make sure it has an appropriate `as` value and it is preloaded intentionally. @ http://ashish.localhost:3002/:0
[  922933ms] [WARNING] The resource http://ashish.localhost:3002/_next/static/css/app/layout.css?v=1786547183622 was preloaded using link preload but not used within a few seconds from the window's load event. Please make sure it has an appropriate `as` value and it is preloaded intentionally. @ http://ashish.localhost:3002/:0
[  922933ms] [WARNING] The resource http://ashish.localhost:3002/_next/static/css/app/layout.css?v=1786546993434 was preloaded using link preload but not used within a few seconds from the window's load event. Please make sure it has an appropriate `as` value and it is preloaded intentionally. @ http://ashish.localhost:3002/:0
[  922933ms] [WARNING] The resource http://ashish.localhost:3002/_next/static/css/app/layout.css?v=1786547099179 was preloaded using link preload but not used within a few seconds from the window's load event. Please make sure it has an appropriate `as` value and it is preloaded intentionally. @ http://ashish.localhost:3002/:0
[  922933ms] [WARNING] The resource http://ashish.localhost:3002/_next/static/css/app/layout.css?v=1786547008314 was preloaded using link preload but not used within a few seconds from the window's load event. Please make sure it has an appropriate `as` value and it is preloaded intentionally. @ http://ashish.localhost:3002/:0
[  922933ms] [WARNING] The resource http://ashish.localhost:3002/_next/static/css/app/layout.css?v=1786547628654 was preloaded using link preload but not used within a few seconds from the window's load event. Please make sure it has an appropriate `as` value and it is preloaded intentionally. @ http://ashish.localhost:3002/:0
[  924131ms] [WARNING] %c%s%c 
Config warnings for "ashish-interiors":

  warning  sections.inquiryForm.accessKeyEnv
           names env var "WEB3FORMS_ASHISH", which is not set. The form would render and silently post nowhere — a lost enquiry looks exactly like no enquiry.
 background: #e6e6e6;background: light-dark(rgba(0,0,0,0.1), rgba(255,255,255,0.25));color: #000000;color: light-dark(#000000, #ffffff);border-radius: 2px  Server   @ about://React/Server/webpack-internal:///(rsc)/../backend/src/config/load.ts?2:72
[  928135ms] [ERROR] Failed to load resource: the server responded with a status of 404 (Not Found) @ http://ashish.localhost:3002/fonts/archivo/archivo-latin-ext.woff2:0
[  929766ms] [ERROR] Failed to load resource: the server responded with a status of 404 (Not Found) @ http://ashish.localhost:3002/fonts/archivo/archivo-latin.woff2:0
[  932857ms] [WARNING] The resource http://ashish.localhost:3002/_next/static/css/app/layout.css?v=1786547010570 was preloaded using link preload but not used within a few seconds from the window's load event. Please make sure it has an appropriate `as` value and it is preloaded intentionally. @ http://ashish.localhost:3002/:0
[  932857ms] [WARNING] The resource http://ashish.localhost:3002/_next/static/css/app/layout.css?v=1786547085486 was preloaded using link preload but not used within a few seconds from the window's load event. Please make sure it has an appropriate `as` value and it is preloaded intentionally. @ http://ashish.localhost:3002/:0
[  932857ms] [WARNING] The resource http://ashish.localhost:3002/_next/static/css/app/layout.css?v=1786547117002 was preloaded using link preload but not used within a few seconds from the window's load event. Please make sure it has an appropriate `as` value and it is preloaded intentionally. @ http://ashish.localhost:3002/:0
[  932857ms] [WARNING] The resource http://ashish.localhost:3002/_next/static/css/app/layout.css?v=1786547774265 was preloaded using link preload but not used within a few seconds from the window's load event. Please make sure it has an appropriate `as` value and it is preloaded intentionally. @ http://ashish.localhost:3002/:0
[  932857ms] [WARNING] The resource http://ashish.localhost:3002/_next/static/css/app/layout.css?v=1786547187650 was preloaded using link preload but not used within a few seconds from the window's load event. Please make sure it has an appropriate `as` value and it is preloaded intentionally. @ http://ashish.localhost:3002/:0
[  932857ms] [WARNING] The resource http://ashish.localhost:3002/_next/static/css/app/layout.css?v=1786547147346 was preloaded using link preload but not used within a few seconds from the window's load event. Please make sure it has an appropriate `as` value and it is preloaded intentionally. @ http://ashish.localhost:3002/:0
[  932857ms] [WARNING] The resource http://ashish.localhost:3002/_next/static/css/app/layout.css?v=1786547034685 was preloaded using link preload but not used within a few seconds from the window's load event. Please make sure it has an appropriate `as` value and it is preloaded intentionally. @ http://ashish.localhost:3002/:0
[  932857ms] [WARNING] The resource http://ashish.localhost:3002/_next/static/css/app/layout.css?v=1786547143266 was preloaded using link preload but not used within a few seconds from the window's load event. Please make sure it has an appropriate `as` value and it is preloaded intentionally. @ http://ashish.localhost:3002/:0
[  932857ms] [WARNING] The resource http://ashish.localhost:3002/_next/static/css/app/layout.css?v=1786547071043 was preloaded using link preload but not used within a few seconds from the window's load event. Please make sure it has an appropriate `as` value and it is preloaded intentionally. @ http://ashish.localhost:3002/:0
[  932857ms] [WARNING] The resource http://ashish.localhost:3002/_next/static/css/app/layout.css?v=1786547217176 was preloaded using link preload but not used within a few seconds from the window's load event. Please make sure it has an appropriate `as` value and it is preloaded intentionally. @ http://ashish.localhost:3002/:0
[  932858ms] [WARNING] The resource http://ashish.localhost:3002/_next/static/css/app/layout.css?v=1786547226440 was preloaded using link preload but not used within a few seconds from the window's load event. Please make sure it has an appropriate `as` value and it is preloaded intentionally. @ http://ashish.localhost:3002/:0
[  932858ms] [WARNING] The resource http://ashish.localhost:3002/_next/static/css/app/layout.css?v=1786547632796 was preloaded using link preload but not used within a few seconds from the window's load event. Please make sure it has an appropriate `as` value and it is preloaded intentionally. @ http://ashish.localhost:3002/:0
[  932858ms] [WARNING] The resource http://ashish.localhost:3002/_next/static/css/app/layout.css?v=1786547656996 was preloaded using link preload but not used within a few seconds from the window's load event. Please make sure it has an appropriate `as` value and it is preloaded intentionally. @ http://ashish.localhost:3002/:0
[  932858ms] [WARNING] The resource http://ashish.localhost:3002/_next/static/css/app/layout.css?v=1786547162081 was preloaded using link preload but not used within a few seconds from the window's load event. Please make sure it has an appropriate `as` value and it is preloaded intentionally. @ http://ashish.localhost:3002/:0
[  932858ms] [WARNING] The resource http://ashish.localhost:3002/_next/static/css/app/layout.css?v=1786547653284 was preloaded using link preload but not used within a few seconds from the window's load event. Please make sure it has an appropriate `as` value and it is preloaded intentionally. @ http://ashish.localhost:3002/:0
[  932858ms] [WARNING] The resource http://ashish.localhost:3002/_next/static/css/app/layout.css?v=1786547102618 was preloaded using link preload but not used within a few seconds from the window's load event. Please make sure it has an appropriate `as` value and it is preloaded intentionally. @ http://ashish.localhost:3002/:0
[  932858ms] [WARNING] The resource http://ashish.localhost:3002/_next/static/css/app/layout.css?v=1786547062180 was preloaded using link preload but not used within a few seconds from the window's load event. Please make sure it has an appropriate `as` value and it is preloaded intentionally. @ http://ashish.localhost:3002/:0
[  932858ms] [WARNING] The resource http://ashish.localhost:3002/_next/static/css/app/layout.css?v=1786547163702 was preloaded using link preload but not used within a few seconds from the window's load event. Please make sure it has an appropriate `as` value and it is preloaded intentionally. @ http://ashish.localhost:3002/:0
[  932858ms] [WARNING] The resource http://ashish.localhost:3002/_next/static/css/app/layout.css?v=1786547304266 was preloaded using link preload but not used within a few seconds from the window's load event. Please make sure it has an appropriate `as` value and it is preloaded intentionally. @ http://ashish.localhost:3002/:0
[  932859ms] [WARNING] The resource http://ashish.localhost:3002/_next/static/css/app/layout.css?v=1786547081893 was preloaded using link preload but not used within a few seconds from the window's load event. Please make sure it has an appropriate `as` value and it is preloaded intentionally. @ http://ashish.localhost:3002/:0
[  932859ms] [WARNING] The resource http://ashish.localhost:3002/_next/static/css/app/layout.css?v=1786547307551 was preloaded using link preload but not used within a few seconds from the window's load event. Please make sure it has an appropriate `as` value and it is preloaded intentionally. @ http://ashish.localhost:3002/:0
[  932859ms] [WARNING] The resource http://ashish.localhost:3002/_next/static/css/app/layout.css?v=1786546989566 was preloaded using link preload but not used within a few seconds from the window's load event. Please make sure it has an appropriate `as` value and it is preloaded intentionally. @ http://ashish.localhost:3002/:0
[  932859ms] [WARNING] The resource http://ashish.localhost:3002/_next/static/css/app/layout.css?v=1786547032561 was preloaded using link preload but not used within a few seconds from the window's load event. Please make sure it has an appropriate `as` value and it is preloaded intentionally. @ http://ashish.localhost:3002/:0
[  932859ms] [WARNING] The resource http://ashish.localhost:3002/_next/static/css/app/layout.css?v=1786546973614 was preloaded using link preload but not used within a few seconds from the window's load event. Please make sure it has an appropriate `as` value and it is preloaded intentionally. @ http://ashish.localhost:3002/:0
[  932859ms] [WARNING] The resource http://ashish.localhost:3002/_next/static/css/app/layout.css?v=1786547119986 was preloaded using link preload but not used within a few seconds from the window's load event. Please make sure it has an appropriate `as` value and it is preloaded intentionally. @ http://ashish.localhost:3002/:0
[  932859ms] [WARNING] The resource http://ashish.localhost:3002/_next/static/css/app/layout.css?v=1786547223674 was preloaded using link preload but not used within a few seconds from the window's load event. Please make sure it has an appropriate `as` value and it is preloaded intentionally. @ http://ashish.localhost:3002/:0
[  932859ms] [WARNING] The resource http://ashish.localhost:3002/_next/static/css/app/layout.css?v=1786547158920 was preloaded using link preload but not used within a few seconds from the window's load event. Please make sure it has an appropriate `as` value and it is preloaded intentionally. @ http://ashish.localhost:3002/:0
[  932859ms] [WARNING] The resource http://ashish.localhost:3002/_next/static/css/app/layout.css?v=1786547776858 was preloaded using link preload but not used within a few seconds from the window's load event. Please make sure it has an appropriate `as` value and it is preloaded intentionally. @ http://ashish.localhost:3002/:0
[  932859ms] [WARNING] The resource http://ashish.localhost:3002/_next/static/css/app/layout.css?v=1786546975374 was preloaded using link preload but not used within a few seconds from the window's load event. Please make sure it has an appropriate `as` value and it is preloaded intentionally. @ http://ashish.localhost:3002/:0
[  932859ms] [WARNING] The resource http://ashish.localhost:3002/_next/static/css/app/layout.css?v=1786547183622 was preloaded using link preload but not used within a few seconds from the window's load event. Please make sure it has an appropriate `as` value and it is preloaded intentionally. @ http://ashish.localhost:3002/:0
[  932859ms] [WARNING] The resource http://ashish.localhost:3002/_next/static/css/app/layout.css?v=1786546993434 was preloaded using link preload but not used within a few seconds from the window's load event. Please make sure it has an appropriate `as` value and it is preloaded intentionally. @ http://ashish.localhost:3002/:0
[  932859ms] [WARNING] The resource http://ashish.localhost:3002/_next/static/css/app/layout.css?v=1786547099179 was preloaded using link preload but not used within a few seconds from the window's load event. Please make sure it has an appropriate `as` value and it is preloaded intentionally. @ http://ashish.localhost:3002/:0
[  932859ms] [WARNING] The resource http://ashish.localhost:3002/_next/static/css/app/layout.css?v=1786547008314 was preloaded using link preload but not used within a few seconds from the window's load event. Please make sure it has an appropriate `as` value and it is preloaded intentionally. @ http://ashish.localhost:3002/:0
[  932859ms] [WARNING] The resource http://ashish.localhost:3002/_next/static/css/app/layout.css?v=1786547628654 was preloaded using link preload but not used within a few seconds from the window's load event. Please make sure it has an appropriate `as` value and it is preloaded intentionally. @ http://ashish.localhost:3002/:0
[  955124ms] [WARNING] The resource http://ashish.localhost:3002/_next/static/css/app/layout.css?v=1786547010570 was preloaded using link preload but not used within a few seconds from the window's load event. Please make sure it has an appropriate `as` value and it is preloaded intentionally. @ http://ashish.localhost:3002/:0
[  955124ms] [WARNING] The resource http://ashish.localhost:3002/_next/static/css/app/layout.css?v=1786547085486 was preloaded using link preload but not used within a few seconds from the window's load event. Please make sure it has an appropriate `as` value and it is preloaded intentionally. @ http://ashish.localhost:3002/:0
[  955124ms] [WARNING] The resource http://ashish.localhost:3002/_next/static/css/app/layout.css?v=1786547117002 was preloaded using link preload but not used within a few seconds from the window's load event. Please make sure it has an appropriate `as` value and it is preloaded intentionally. @ http://ashish.localhost:3002/:0
[  955124ms] [WARNING] The resource http://ashish.localhost:3002/_next/static/css/app/layout.css?v=1786547774265 was preloaded using link preload but not used within a few seconds from the window's load event. Please make sure it has an appropriate `as` value and it is preloaded intentionally. @ http://ashish.localhost:3002/:0
[  955124ms] [WARNING] The resource http://ashish.localhost:3002/_next/static/css/app/layout.css?v=1786547187650 was preloaded using link preload but not used within a few seconds from the window's load event. Please make sure it has an appropriate `as` value and it is preloaded intentionally. @ http://ashish.localhost:3002/:0
[  955124ms] [WARNING] The resource http://ashish.localhost:3002/_next/static/css/app/layout.css?v=1786547147346 was preloaded using link preload but not used within a few seconds from the window's load event. Please make sure it has an appropriate `as` value and it is preloaded intentionally. @ http://ashish.localhost:3002/:0
[  955124ms] [WARNING] The resource http://ashish.localhost:3002/_next/static/css/app/layout.css?v=1786547034685 was preloaded using link preload but not used within a few seconds from the window's load event. Please make sure it has an appropriate `as` value and it is preloaded intentionally. @ http://ashish.localhost:3002/:0
[  955124ms] [WARNING] The resource http://ashish.localhost:3002/_next/static/css/app/layout.css?v=1786547143266 was preloaded using link preload but not used within a few seconds from the window's load event. Please make sure it has an appropriate `as` value and it is preloaded intentionally. @ http://ashish.localhost:3002/:0
[  955124ms] [WARNING] The resource http://ashish.localhost:3002/_next/static/css/app/layout.css?v=1786547071043 was preloaded using link preload but not used within a few seconds from the window's load event. Please make sure it has an appropriate `as` value and it is preloaded intentionally. @ http://ashish.localhost:3002/:0
[  955124ms] [WARNING] The resource http://ashish.localhost:3002/_next/static/css/app/layout.css?v=1786547217176 was preloaded using link preload but not used within a few seconds from the window's load event. Please make sure it has an appropriate `as` value and it is preloaded intentionally. @ http://ashish.localhost:3002/:0
[  955124ms] [WARNING] The resource http://ashish.localhost:3002/_next/static/css/app/layout.css?v=1786547226440 was preloaded using link preload but not used within a few seconds from the window's load event. Please make sure it has an appropriate `as` value and it is preloaded intentionally. @ http://ashish.localhost:3002/:0
[  955124ms] [WARNING] The resource http://ashish.localhost:3002/_next/static/css/app/layout.css?v=1786547632796 was preloaded using link preload but not used within a few seconds from the window's load event. Please make sure it has an appropriate `as` value and it is preloaded intentionally. @ http://ashish.localhost:3002/:0
[  955124ms] [WARNING] The resource http://ashish.localhost:3002/_next/static/css/app/layout.css?v=1786547656996 was preloaded using link preload but not used within a few seconds from the window's load event. Please make sure it has an appropriate `as` value and it is preloaded intentionally. @ http://ashish.localhost:3002/:0
[  955124ms] [WARNING] The resource http://ashish.localhost:3002/_next/static/css/app/layout.css?v=1786547162081 was preloaded using link preload but not used within a few seconds from the window's load event. Please make sure it has an appropriate `as` value and it is preloaded intentionally. @ http://ashish.localhost:3002/:0
[  955124ms] [WARNING] The resource http://ashish.localhost:3002/_next/static/css/app/layout.css?v=1786547653284 was preloaded using link preload but not used within a few seconds from the window's load event. Please make sure it has an appropriate `as` value and it is preloaded intentionally. @ http://ashish.localhost:3002/:0
[  955124ms] [WARNING] The resource http://ashish.localhost:3002/_next/static/css/app/layout.css?v=1786547102618 was preloaded using link preload but not used within a few seconds from the window's load event. Please make sure it has an appropriate `as` value and it is preloaded intentionally. @ http://ashish.localhost:3002/:0
[  955124ms] [WARNING] The resource http://ashish.localhost:3002/_next/static/css/app/layout.css?v=1786547062180 was preloaded using link preload but not used within a few seconds from the window's load event. Please make sure it has an appropriate `as` value and it is preloaded intentionally. @ http://ashish.localhost:3002/:0
[  955124ms] [WARNING] The resource http://ashish.localhost:3002/_next/static/css/app/layout.css?v=1786547163702 was preloaded using link preload but not used within a few seconds from the window's load event. Please make sure it has an appropriate `as` value and it is preloaded intentionally. @ http://ashish.localhost:3002/:0
[  955124ms] [WARNING] The resource http://ashish.localhost:3002/_next/static/css/app/layout.css?v=1786547304266 was preloaded using link preload but not used within a few seconds from the window's load event. Please make sure it has an appropriate `as` value and it is preloaded intentionally. @ http://ashish.localhost:3002/:0
[  955124ms] [WARNING] The resource http://ashish.localhost:3002/_next/static/css/app/layout.css?v=1786547081893 was preloaded using link preload but not used within a few seconds from the window's load event. Please make sure it has an appropriate `as` value and it is preloaded intentionally. @ http://ashish.localhost:3002/:0
[  955124ms] [WARNING] The resource http://ashish.localhost:3002/_next/static/css/app/layout.css?v=1786547307551 was preloaded using link preload but not used within a few seconds from the window's load event. Please make sure it has an appropriate `as` value and it is preloaded intentionally. @ http://ashish.localhost:3002/:0
[  955124ms] [WARNING] The resource http://ashish.localhost:3002/_next/static/css/app/layout.css?v=1786546989566 was preloaded using link preload but not used within a few seconds from the window's load event. Please make sure it has an appropriate `as` value and it is preloaded intentionally. @ http://ashish.localhost:3002/:0
[  955124ms] [WARNING] The resource http://ashish.localhost:3002/_next/static/css/app/layout.css?v=1786547032561 was preloaded using link preload but not used within a few seconds from the window's load event. Please make sure it has an appropriate `as` value and it is preloaded intentionally. @ http://ashish.localhost:3002/:0
[  955124ms] [WARNING] The resource http://ashish.localhost:3002/_next/static/css/app/layout.css?v=1786546973614 was preloaded using link preload but not used within a few seconds from the window's load event. Please make sure it has an appropriate `as` value and it is preloaded intentionally. @ http://ashish.localhost:3002/:0
[  955124ms] [WARNING] The resource http://ashish.localhost:3002/_next/static/css/app/layout.css?v=1786547119986 was preloaded using link preload but not used within a few seconds from the window's load event. Please make sure it has an appropriate `as` value and it is preloaded intentionally. @ http://ashish.localhost:3002/:0
[  955124ms] [WARNING] The resource http://ashish.localhost:3002/_next/static/css/app/layout.css?v=1786547223674 was preloaded using link preload but not used within a few seconds from the window's load event. Please make sure it has an appropriate `as` value and it is preloaded intentionally. @ http://ashish.localhost:3002/:0
[  955124ms] [WARNING] The resource http://ashish.localhost:3002/_next/static/css/app/layout.css?v=1786547158920 was preloaded using link preload but not used within a few seconds from the window's load event. Please make sure it has an appropriate `as` value and it is preloaded intentionally. @ http://ashish.localhost:3002/:0
[  955124ms] [WARNING] The resource http://ashish.localhost:3002/_next/static/css/app/layout.css?v=1786547776858 was preloaded using link preload but not used within a few seconds from the window's load event. Please make sure it has an appropriate `as` value and it is preloaded intentionally. @ http://ashish.localhost:3002/:0
[  955124ms] [WARNING] The resource http://ashish.localhost:3002/_next/static/css/app/layout.css?v=1786546975374 was preloaded using link preload but not used within a few seconds from the window's load event. Please make sure it has an appropriate `as` value and it is preloaded intentionally. @ http://ashish.localhost:3002/:0
[  955124ms] [WARNING] The resource http://ashish.localhost:3002/_next/static/css/app/layout.css?v=1786547183622 was preloaded using link preload but not used within a few seconds from the window's load event. Please make sure it has an appropriate `as` value and it is preloaded intentionally. @ http://ashish.localhost:3002/:0
[  955124ms] [WARNING] The resource http://ashish.localhost:3002/_next/static/css/app/layout.css?v=1786546993434 was preloaded using link preload but not used within a few seconds from the window's load event. Please make sure it has an appropriate `as` value and it is preloaded intentionally. @ http://ashish.localhost:3002/:0
[  955124ms] [WARNING] The resource http://ashish.localhost:3002/_next/static/css/app/layout.css?v=1786547099179 was preloaded using link preload but not used within a few seconds from the window's load event. Please make sure it has an appropriate `as` value and it is preloaded intentionally. @ http://ashish.localhost:3002/:0
[  955124ms] [WARNING] The resource http://ashish.localhost:3002/_next/static/css/app/layout.css?v=1786547008314 was preloaded using link preload but not used within a few seconds from the window's load event. Please make sure it has an appropriate `as` value and it is preloaded intentionally. @ http://ashish.localhost:3002/:0
[  955124ms] [WARNING] The resource http://ashish.localhost:3002/_next/static/css/app/layout.css?v=1786547628654 was preloaded using link preload but not used within a few seconds from the window's load event. Please make sure it has an appropriate `as` value and it is preloaded intentionally. @ http://ashish.localhost:3002/:0
[ 1415905ms] [LOG] [Fast Refresh] rebuilding @ webpack-internal:///(app-pages-browser)/../node_modules/next/dist/client/dev/hot-reloader/app/hot-reloader-app.js:196
[ 1420509ms] [LOG] [Fast Refresh] done in 4604ms @ webpack-internal:///(app-pages-browser)/../node_modules/next/dist/client/dev/report-hmr-latency.js:13
[ 1422294ms] [WARNING] %c%s%c 
Config warnings for "ashish-interiors":

  warning  sections.inquiryForm.accessKeyEnv
           names env var "WEB3FORMS_ASHISH", which is not set. The form would render and silently post nowhere — a lost enquiry looks exactly like no enquiry.
 background: #e6e6e6;background: light-dark(rgba(0,0,0,0.1), rgba(255,255,255,0.25));color: #000000;color: light-dark(#000000, #ffffff);border-radius: 2px  Server   @ about://React/Server/webpack-internal:///(rsc)/../backend/src/config/load.ts?2:72
[ 1422294ms] [WARNING] %c%s%c 
Config warnings for "ashish-interiors":

  warning  sections.inquiryForm.accessKeyEnv
           names env var "WEB3FORMS_ASHISH", which is not set. The form would render and silently post nowhere — a lost enquiry looks exactly like no enquiry.
 background: #e6e6e6;background: light-dark(rgba(0,0,0,0.1), rgba(255,255,255,0.25));color: #000000;color: light-dark(#000000, #ffffff);border-radius: 2px  Server   @ about://React/Server/webpack-internal:///(rsc)/../backend/src/config/load.ts?2:72
[ 1424409ms] [WARNING] %c%s%c 
Config warnings for "ashish-interiors":

  warning  sections.inquiryForm.accessKeyEnv
           names env var "WEB3FORMS_ASHISH", which is not set. The form would render and silently post nowhere — a lost enquiry looks exactly like no enquiry.
 background: #e6e6e6;background: light-dark(rgba(0,0,0,0.1), rgba(255,255,255,0.25));color: #000000;color: light-dark(#000000, #ffffff);border-radius: 2px  Server   @ about://React/Server/webpack-internal:///(rsc)/../backend/src/config/load.ts?2:72
[ 1425365ms] [LOG] [Fast Refresh] rebuilding @ webpack-internal:///(app-pages-browser)/../node_modules/next/dist/client/dev/hot-reloader/app/hot-reloader-app.js:196
[ 1427449ms] [WARNING] The resource http://ashish.localhost:3002/_next/static/css/app/layout.css?v=1786547010570 was preloaded using link preload but not used within a few seconds from the window's load event. Please make sure it has an appropriate `as` value and it is preloaded intentionally. @ http://ashish.localhost:3002/:0
[ 1427449ms] [WARNING] The resource http://ashish.localhost:3002/_next/static/css/app/layout.css?v=1786547085486 was preloaded using link preload but not used within a few seconds from the window's load event. Please make sure it has an appropriate `as` value and it is preloaded intentionally. @ http://ashish.localhost:3002/:0
[ 1427449ms] [WARNING] The resource http://ashish.localhost:3002/_next/static/css/app/layout.css?v=1786547117002 was preloaded using link preload but not used within a few seconds from the window's load event. Please make sure it has an appropriate `as` value and it is preloaded intentionally. @ http://ashish.localhost:3002/:0
[ 1427450ms] [WARNING] The resource http://ashish.localhost:3002/_next/static/css/app/layout.css?v=1786547774265 was preloaded using link preload but not used within a few seconds from the window's load event. Please make sure it has an appropriate `as` value and it is preloaded intentionally. @ http://ashish.localhost:3002/:0
[ 1427450ms] [WARNING] The resource http://ashish.localhost:3002/_next/static/css/app/layout.css?v=1786547187650 was preloaded using link preload but not used within a few seconds from the window's load event. Please make sure it has an appropriate `as` value and it is preloaded intentionally. @ http://ashish.localhost:3002/:0
[ 1427450ms] [WARNING] The resource http://ashish.localhost:3002/_next/static/css/app/layout.css?v=1786547147346 was preloaded using link preload but not used within a few seconds from the window's load event. Please make sure it has an appropriate `as` value and it is preloaded intentionally. @ http://ashish.localhost:3002/:0
[ 1427450ms] [WARNING] The resource http://ashish.localhost:3002/_next/static/css/app/layout.css?v=1786547034685 was preloaded using link preload but not used within a few seconds from the window's load event. Please make sure it has an appropriate `as` value and it is preloaded intentionally. @ http://ashish.localhost:3002/:0
[ 1427450ms] [WARNING] The resource http://ashish.localhost:3002/_next/static/css/app/layout.css?v=1786547143266 was preloaded using link preload but not used within a few seconds from the window's load event. Please make sure it has an appropriate `as` value and it is preloaded intentionally. @ http://ashish.localhost:3002/:0
[ 1427450ms] [WARNING] The resource http://ashish.localhost:3002/_next/static/css/app/layout.css?v=1786547071043 was preloaded using link preload but not used within a few seconds from the window's load event. Please make sure it has an appropriate `as` value and it is preloaded intentionally. @ http://ashish.localhost:3002/:0
[ 1427450ms] [WARNING] The resource http://ashish.localhost:3002/_next/static/css/app/layout.css?v=1786547217176 was preloaded using link preload but not used within a few seconds from the window's load event. Please make sure it has an appropriate `as` value and it is preloaded intentionally. @ http://ashish.localhost:3002/:0
[ 1427450ms] [WARNING] The resource http://ashish.localhost:3002/_next/static/css/app/layout.css?v=1786547226440 was preloaded using link preload but not used within a few seconds from the window's load event. Please make sure it has an appropriate `as` value and it is preloaded intentionally. @ http://ashish.localhost:3002/:0
[ 1427450ms] [WARNING] The resource http://ashish.localhost:3002/_next/static/css/app/layout.css?v=1786547632796 was preloaded using link preload but not used within a few seconds from the window's load event. Please make sure it has an appropriate `as` value and it is preloaded intentionally. @ http://ashish.localhost:3002/:0
[ 1427450ms] [WARNING] The resource http://ashish.localhost:3002/_next/static/css/app/layout.css?v=1786547656996 was preloaded using link preload but not used within a few seconds from the window's load event. Please make sure it has an appropriate `as` value and it is preloaded intentionally. @ http://ashish.localhost:3002/:0
[ 1427450ms] [WARNING] The resource http://ashish.localhost:3002/_next/static/css/app/layout.css?v=1786547162081 was preloaded using link preload but not used within a few seconds from the window's load event. Please make sure it has an appropriate `as` value and it is preloaded intentionally. @ http://ashish.localhost:3002/:0
[ 1427450ms] [WARNING] The resource http://ashish.localhost:3002/_next/static/css/app/layout.css?v=1786547653284 was preloaded using link preload but not used within a few seconds from the window's load event. Please make sure it has an appropriate `as` value and it is preloaded intentionally. @ http://ashish.localhost:3002/:0
[ 1427450ms] [WARNING] The resource http://ashish.localhost:3002/_next/static/css/app/layout.css?v=1786547102618 was preloaded using link preload but not used within a few seconds from the window's load event. Please make sure it has an appropriate `as` value and it is preloaded intentionally. @ http://ashish.localhost:3002/:0
[ 1427450ms] [WARNING] The resource http://ashish.localhost:3002/_next/static/css/app/layout.css?v=1786547062180 was preloaded using link preload but not used within a few seconds from the window's load event. Please make sure it has an appropriate `as` value and it is preloaded intentionally. @ http://ashish.localhost:3002/:0
[ 1427450ms] [WARNING] The resource http://ashish.localhost:3002/_next/static/css/app/layout.css?v=1786547163702 was preloaded using link preload but not used within a few seconds from the window's load event. Please make sure it has an appropriate `as` value and it is preloaded intentionally. @ http://ashish.localhost:3002/:0
[ 1427450ms] [WARNING] The resource http://ashish.localhost:3002/_next/static/css/app/layout.css?v=1786547304266 was preloaded using link preload but not used within a few seconds from the window's load event. Please make sure it has an appropriate `as` value and it is preloaded intentionally. @ http://ashish.localhost:3002/:0
[ 1427450ms] [WARNING] The resource http://ashish.localhost:3002/_next/static/css/app/layout.css?v=1786547081893 was preloaded using link preload but not used within a few seconds from the window's load event. Please make sure it has an appropriate `as` value and it is preloaded intentionally. @ http://ashish.localhost:3002/:0
[ 1427450ms] [WARNING] The resource http://ashish.localhost:3002/_next/static/css/app/layout.css?v=1786547307551 was preloaded using link preload but not used within a few seconds from the window's load event. Please make sure it has an appropriate `as` value and it is preloaded intentionally. @ http://ashish.localhost:3002/:0
[ 1427450ms] [WARNING] The resource http://ashish.localhost:3002/_next/static/css/app/layout.css?v=1786546989566 was preloaded using link preload but not used within a few seconds from the window's load event. Please make sure it has an appropriate `as` value and it is preloaded intentionally. @ http://ashish.localhost:3002/:0
[ 1427450ms] [WARNING] The resource http://ashish.localhost:3002/_next/static/css/app/layout.css?v=1786547032561 was preloaded using link preload but not used within a few seconds from the window's load event. Please make sure it has an appropriate `as` value and it is preloaded intentionally. @ http://ashish.localhost:3002/:0
[ 1427450ms] [WARNING] The resource http://ashish.localhost:3002/_next/static/css/app/layout.css?v=1786546973614 was preloaded using link preload but not used within a few seconds from the window's load event. Please make sure it has an appropriate `as` value and it is preloaded intentionally. @ http://ashish.localhost:3002/:0
[ 1427450ms] [WARNING] The resource http://ashish.localhost:3002/_next/static/css/app/layout.css?v=1786547119986 was preloaded using link preload but not used within a few seconds from the window's load event. Please make sure it has an appropriate `as` value and it is preloaded intentionally. @ http://ashish.localhost:3002/:0
[ 1427450ms] [WARNING] The resource http://ashish.localhost:3002/_next/static/css/app/layout.css?v=1786547223674 was preloaded using link preload but not used within a few seconds from the window's load event. Please make sure it has an appropriate `as` value and it is preloaded intentionally. @ http://ashish.localhost:3002/:0
[ 1427450ms] [WARNING] The resource http://ashish.localhost:3002/_next/static/css/app/layout.css?v=1786547158920 was preloaded using link preload but not used within a few seconds from the window's load event. Please make sure it has an appropriate `as` value and it is preloaded intentionally. @ http://ashish.localhost:3002/:0
[ 1427450ms] [WARNING] The resource http://ashish.localhost:3002/_next/static/css/app/layout.css?v=1786547776858 was preloaded using link preload but not used within a few seconds from the window's load event. Please make sure it has an appropriate `as` value and it is preloaded intentionally. @ http://ashish.localhost:3002/:0
[ 1427450ms] [WARNING] The resource http://ashish.localhost:3002/_next/static/css/app/layout.css?v=1786546975374 was preloaded using link preload but not used within a few seconds from the window's load event. Please make sure it has an appropriate `as` value and it is preloaded intentionally. @ http://ashish.localhost:3002/:0
[ 1427450ms] [WARNING] The resource http://ashish.localhost:3002/_next/static/css/app/layout.css?v=1786547183622 was preloaded using link preload but not used within a few seconds from the window's load event. Please make sure it has an appropriate `as` value and it is preloaded intentionally. @ http://ashish.localhost:3002/:0
[ 1427450ms] [WARNING] The resource http://ashish.localhost:3002/_next/static/css/app/layout.css?v=1786546993434 was preloaded using link preload but not used within a few seconds from the window's load event. Please make sure it has an appropriate `as` value and it is preloaded intentionally. @ http://ashish.localhost:3002/:0
[ 1427450ms] [WARNING] The resource http://ashish.localhost:3002/_next/static/css/app/layout.css?v=1786547099179 was preloaded using link preload but not used within a few seconds from the window's load event. Please make sure it has an appropriate `as` value and it is preloaded intentionally. @ http://ashish.localhost:3002/:0
[ 1427450ms] [WARNING] The resource http://ashish.localhost:3002/_next/static/css/app/layout.css?v=1786547008314 was preloaded using link preload but not used within a few seconds from the window's load event. Please make sure it has an appropriate `as` value and it is preloaded intentionally. @ http://ashish.localhost:3002/:0
[ 1427450ms] [WARNING] The resource http://ashish.localhost:3002/_next/static/css/app/layout.css?v=1786547628654 was preloaded using link preload but not used within a few seconds from the window's load event. Please make sure it has an appropriate `as` value and it is preloaded intentionally. @ http://ashish.localhost:3002/:0
[ 1428409ms] [LOG] [Fast Refresh] done in 3044ms @ webpack-internal:///(app-pages-browser)/../node_modules/next/dist/client/dev/report-hmr-latency.js:13
[ 1431269ms] [ERROR] Failed to load resource: the server responded with a status of 404 (Not Found) @ http://ashish.localhost:3002/fonts/archivo/archivo-latin-ext.woff2:0
[ 1433805ms] [ERROR] Failed to load resource: the server responded with a status of 404 (Not Found) @ http://ashish.localhost:3002/fonts/archivo/archivo-latin.woff2:0
[ 1436877ms] [WARNING] The resource http://ashish.localhost:3002/_next/static/css/app/layout.css?v=1786547010570 was preloaded using link preload but not used within a few seconds from the window's load event. Please make sure it has an appropriate `as` value and it is preloaded intentionally. @ http://ashish.localhost:3002/:0
[ 1436877ms] [WARNING] The resource http://ashish.localhost:3002/_next/static/css/app/layout.css?v=1786547085486 was preloaded using link preload but not used within a few seconds from the window's load event. Please make sure it has an appropriate `as` value and it is preloaded intentionally. @ http://ashish.localhost:3002/:0
[ 1436877ms] [WARNING] The resource http://ashish.localhost:3002/_next/static/css/app/layout.css?v=1786547117002 was preloaded using link preload but not used within a few seconds from the window's load event. Please make sure it has an appropriate `as` value and it is preloaded intentionally. @ http://ashish.localhost:3002/:0
[ 1436877ms] [WARNING] The resource http://ashish.localhost:3002/_next/static/css/app/layout.css?v=1786547774265 was preloaded using link preload but not used within a few seconds from the window's load event. Please make sure it has an appropriate `as` value and it is preloaded intentionally. @ http://ashish.localhost:3002/:0
[ 1436877ms] [WARNING] The resource http://ashish.localhost:3002/_next/static/css/app/layout.css?v=1786547187650 was preloaded using link preload but not used within a few seconds from the window's load event. Please make sure it has an appropriate `as` value and it is preloaded intentionally. @ http://ashish.localhost:3002/:0
[ 1436877ms] [WARNING] The resource http://ashish.localhost:3002/_next/static/css/app/layout.css?v=1786547147346 was preloaded using link preload but not used within a few seconds from the window's load event. Please make sure it has an appropriate `as` value and it is preloaded intentionally. @ http://ashish.localhost:3002/:0
[ 1436877ms] [WARNING] The resource http://ashish.localhost:3002/_next/static/css/app/layout.css?v=1786547034685 was preloaded using link preload but not used within a few seconds from the window's load event. Please make sure it has an appropriate `as` value and it is preloaded intentionally. @ http://ashish.localhost:3002/:0
[ 1436877ms] [WARNING] The resource http://ashish.localhost:3002/_next/static/css/app/layout.css?v=1786547143266 was preloaded using link preload but not used within a few seconds from the window's load event. Please make sure it has an appropriate `as` value and it is preloaded intentionally. @ http://ashish.localhost:3002/:0
[ 1436877ms] [WARNING] The resource http://ashish.localhost:3002/_next/static/css/app/layout.css?v=1786547071043 was preloaded using link preload but not used within a few seconds from the window's load event. Please make sure it has an appropriate `as` value and it is preloaded intentionally. @ http://ashish.localhost:3002/:0
[ 1436877ms] [WARNING] The resource http://ashish.localhost:3002/_next/static/css/app/layout.css?v=1786547217176 was preloaded using link preload but not used within a few seconds from the window's load event. Please make sure it has an appropriate `as` value and it is preloaded intentionally. @ http://ashish.localhost:3002/:0
[ 1436878ms] [WARNING] The resource http://ashish.localhost:3002/_next/static/css/app/layout.css?v=1786547226440 was preloaded using link preload but not used within a few seconds from the window's load event. Please make sure it has an appropriate `as` value and it is preloaded intentionally. @ http://ashish.localhost:3002/:0
[ 1436878ms] [WARNING] The resource http://ashish.localhost:3002/_next/static/css/app/layout.css?v=1786547632796 was preloaded using link preload but not used within a few seconds from the window's load event. Please make sure it has an appropriate `as` value and it is preloaded intentionally. @ http://ashish.localhost:3002/:0
[ 1436878ms] [WARNING] The resource http://ashish.localhost:3002/_next/static/css/app/layout.css?v=1786547656996 was preloaded using link preload but not used within a few seconds from the window's load event. Please make sure it has an appropriate `as` value and it is preloaded intentionally. @ http://ashish.localhost:3002/:0
[ 1436878ms] [WARNING] The resource http://ashish.localhost:3002/_next/static/css/app/layout.css?v=1786547162081 was preloaded using link preload but not used within a few seconds from the window's load event. Please make sure it has an appropriate `as` value and it is preloaded intentionally. @ http://ashish.localhost:3002/:0
[ 1436878ms] [WARNING] The resource http://ashish.localhost:3002/_next/static/css/app/layout.css?v=1786547653284 was preloaded using link preload but not used within a few seconds from the window's load event. Please make sure it has an appropriate `as` value and it is preloaded intentionally. @ http://ashish.localhost:3002/:0
[ 1436878ms] [WARNING] The resource http://ashish.localhost:3002/_next/static/css/app/layout.css?v=1786547102618 was preloaded using link preload but not used within a few seconds from the window's load event. Please make sure it has an appropriate `as` value and it is preloaded intentionally. @ http://ashish.localhost:3002/:0
[ 1436878ms] [WARNING] The resource http://ashish.localhost:3002/_next/static/css/app/layout.css?v=1786547062180 was preloaded using link preload but not used within a few seconds from the window's load event. Please make sure it has an appropriate `as` value and it is preloaded intentionally. @ http://ashish.localhost:3002/:0
[ 1436878ms] [WARNING] The resource http://ashish.localhost:3002/_next/static/css/app/layout.css?v=1786547163702 was preloaded using link preload but not used within a few seconds from the window's load event. Please make sure it has an appropriate `as` value and it is preloaded intentionally. @ http://ashish.localhost:3002/:0
[ 1436878ms] [WARNING] The resource http://ashish.localhost:3002/_next/static/css/app/layout.css?v=1786547304266 was preloaded using link preload but not used within a few seconds from the window's load event. Please make sure it has an appropriate `as` value and it is preloaded intentionally. @ http://ashish.localhost:3002/:0
[ 1436878ms] [WARNING] The resource http://ashish.localhost:3002/_next/static/css/app/layout.css?v=1786547081893 was preloaded using link preload but not used within a few seconds from the window's load event. Please make sure it has an appropriate `as` value and it is preloaded intentionally. @ http://ashish.localhost:3002/:0
[ 1436878ms] [WARNING] The resource http://ashish.localhost:3002/_next/static/css/app/layout.css?v=1786547307551 was preloaded using link preload but not used within a few seconds from the window's load event. Please make sure it has an appropriate `as` value and it is preloaded intentionally. @ http://ashish.localhost:3002/:0
[ 1436878ms] [WARNING] The resource http://ashish.localhost:3002/_next/static/css/app/layout.css?v=1786548280461 was preloaded using link preload but not used within a few seconds from the window's load event. Please make sure it has an appropriate `as` value and it is preloaded intentionally. @ http://ashish.localhost:3002/:0
[ 1436878ms] [WARNING] The resource http://ashish.localhost:3002/_next/static/css/app/layout.css?v=1786546989566 was preloaded using link preload but not used within a few seconds from the window's load event. Please make sure it has an appropriate `as` value and it is preloaded intentionally. @ http://ashish.localhost:3002/:0
[ 1436878ms] [WARNING] The resource http://ashish.localhost:3002/_next/static/css/app/layout.css?v=1786547032561 was preloaded using link preload but not used within a few seconds from the window's load event. Please make sure it has an appropriate `as` value and it is preloaded intentionally. @ http://ashish.localhost:3002/:0
[ 1436878ms] [WARNING] The resource http://ashish.localhost:3002/_next/static/css/app/layout.css?v=1786546973614 was preloaded using link preload but not used within a few seconds from the window's load event. Please make sure it has an appropriate `as` value and it is preloaded intentionally. @ http://ashish.localhost:3002/:0
[ 1436878ms] [WARNING] The resource http://ashish.localhost:3002/_next/static/css/app/layout.css?v=1786547119986 was preloaded using link preload but not used within a few seconds from the window's load event. Please make sure it has an appropriate `as` value and it is preloaded intentionally. @ http://ashish.localhost:3002/:0
[ 1436878ms] [WARNING] The resource http://ashish.localhost:3002/_next/static/css/app/layout.css?v=1786547223674 was preloaded using link preload but not used within a few seconds from the window's load event. Please make sure it has an appropriate `as` value and it is preloaded intentionally. @ http://ashish.localhost:3002/:0
[ 1436878ms] [WARNING] The resource http://ashish.localhost:3002/_next/static/css/app/layout.css?v=1786547158920 was preloaded using link preload but not used within a few seconds from the window's load event. Please make sure it has an appropriate `as` value and it is preloaded intentionally. @ http://ashish.localhost:3002/:0
[ 1436878ms] [WARNING] The resource http://ashish.localhost:3002/_next/static/css/app/layout.css?v=1786547776858 was preloaded using link preload but not used within a few seconds from the window's load event. Please make sure it has an appropriate `as` value and it is preloaded intentionally. @ http://ashish.localhost:3002/:0
[ 1436879ms] [WARNING] The resource http://ashish.localhost:3002/_next/static/css/app/layout.css?v=1786546975374 was preloaded using link preload but not used within a few seconds from the window's load event. Please make sure it has an appropriate `as` value and it is preloaded intentionally. @ http://ashish.localhost:3002/:0
[ 1436879ms] [WARNING] The resource http://ashish.localhost:3002/_next/static/css/app/layout.css?v=1786547183622 was preloaded using link preload but not used within a few seconds from the window's load event. Please make sure it has an appropriate `as` value and it is preloaded intentionally. @ http://ashish.localhost:3002/:0
[ 1436879ms] [WARNING] The resource http://ashish.localhost:3002/_next/static/css/app/layout.css?v=1786546993434 was preloaded using link preload but not used within a few seconds from the window's load event. Please make sure it has an appropriate `as` value and it is preloaded intentionally. @ http://ashish.localhost:3002/:0
[ 1436879ms] [WARNING] The resource http://ashish.localhost:3002/_next/static/css/app/layout.css?v=1786547099179 was preloaded using link preload but not used within a few seconds from the window's load event. Please make sure it has an appropriate `as` value and it is preloaded intentionally. @ http://ashish.localhost:3002/:0
[ 1436879ms] [WARNING] The resource http://ashish.localhost:3002/_next/static/css/app/layout.css?v=1786547008314 was preloaded using link preload but not used within a few seconds from the window's load event. Please make sure it has an appropriate `as` value and it is preloaded intentionally. @ http://ashish.localhost:3002/:0
[ 1436879ms] [WARNING] The resource http://ashish.localhost:3002/_next/static/css/app/layout.css?v=1786547628654 was preloaded using link preload but not used within a few seconds from the window's load event. Please make sure it has an appropriate `as` value and it is preloaded intentionally. @ http://ashish.localhost:3002/:0
